object_id,text,hate,group,attack_severity,pending_tasks,severity_status,label_review_kind,severity_review_kind,label_note,severity_rationale,severity_candidates,severity_suggested_score,hate_policy,group_policy,severity_policy,severity_label_reference_matches_current_values,online_material_confirmed,hate_source,group_source,severity_source,historical_hate,historical_hate_policy
demo:6469,批评干嘛，求仁得仁又何求！求黑得黑，与黑长存嘛,null,"[""Racism""]",null,attack_severity,needs_discussion,ai_note,ai_note,以求黑的改写挖苦与黑人交往者；Racism 可见，但没有性别线索。倾向轻度讥讽 1；“与黑长存”若承接死亡或严重不幸，可能类似 #5394 的冷漠取 3。原句未给出此事件，不把死亡读法当成事实，也不推为暴力认可。,以求黑的改写挖苦与黑人交往者；Racism 可见，但没有性别线索。倾向轻度讥讽 1；“与黑长存”若承接死亡或严重不幸，可能类似 #5394 的冷漠取 3。原句未给出此事件，不把死亡读法当成事实，也不推为暴力认可。,"[1, 3]",1,"{""version"": ""evidence-severity-hate-default-mapping/v1"", ""sha256"": ""dfacc5740e5fb6c15c18d8005622e4cea3401cc123cbfb577564396c8b36de17""}","{""version"": ""evidence-applicability-annotation-policy/v2+personal-insult-others.1"", ""sha256"": ""c9af65f3ab260493c9f86e1b6274d3ac09259f3e9beda78989aa8870ea6e1f9d""}","{""version"": ""evidence-attack-severity-policy/v1"", ""sha256"": ""bf2e4dfa47e38e207de605b5d79361b5d537babcf10677208f82172b061eb4d6""}",False,False,unresolved_severity,ai_note,ai_note,hate,"{""sha256"": ""53be85f067db620137f8e28e1ad8dba4963da0810ba99576ad1138a9ef96cb97"", ""version"": ""evidence-applicability-annotation-policy/v2""}"
demo:649,回族不算被黑的吧？毕竟除了关外，回族在哪儿都挺强势的，唐山条约我还记得呢,non-hate,"[""Racism""]",0,,scored,ai_note,ai_note,讨论回族是否受到歧视及其处境，当前“强势”没有展开明确贬损。参照 #5900 不仅凭强弱、优势的描述补出攻击，拟 0／Racism。关外只是例外范围，唐山条约只是所引事件，不另计 Region，也不认证事件真伪。,讨论回族是否受到歧视及其处境，当前“强势”没有展开明确贬损。参照 #5900 不仅凭强弱、优势的描述补出攻击，拟 0／Racism。关外只是例外范围，唐山条约只是所引事件，不另计 Region，也不认证事件真伪。,[],,"{""version"": ""evidence-severity-hate-default-mapping/v1"", ""sha256"": ""dfacc5740e5fb6c15c18d8005622e4cea3401cc123cbfb577564396c8b36de17""}","{""version"": ""evidence-applicability-annotation-policy/v2+personal-insult-others.1"", ""sha256"": ""c9af65f3ab260493c9f86e1b6274d3ac09259f3e9beda78989aa8870ea6e1f9d""}","{""version"": ""evidence-attack-severity-policy/v1"", ""sha256"": ""bf2e4dfa47e38e207de605b5d79361b5d537babcf10677208f82172b061eb4d6""}",True,False,rule_mapping_from_ai_score,ai_note,ai_note,non-hate,"{""sha256"": ""53be85f067db620137f8e28e1ad8dba4963da0810ba99576ad1138a9ef96cb97"", ""version"": ""evidence-applicability-annotation-policy/v2""}"
demo:6493,哈哈哈，没想到现在妹子都挺聪明，也知道嘿人那些手段了,hate,"[""Racism"", ""Sexism""]",1,,scored,ai_note,ai_note,赞美女性识破“嘿人那些手段”，把黑人概括成惯用可疑手段者，拟 1／Racism、Sexism。未补出手段的具体内容，也未把仅泛指的对象记成独立个人辱骂。,赞美女性识破“嘿人那些手段”，把黑人概括成惯用可疑手段者，拟 1／Racism、Sexism。未补出手段的具体内容，也未把仅泛指的对象记成独立个人辱骂。,[],,"{""version"": ""evidence-severity-hate-default-mapping/v1"", ""sha256"": ""dfacc5740e5fb6c15c18d8005622e4cea3401cc123cbfb577564396c8b36de17""}","{""version"": ""evidence-applicability-annotation-policy/v2+personal-insult-others.1"", ""sha256"": ""c9af65f3ab260493c9f86e1b6274d3ac09259f3e9beda78989aa8870ea6e1f9d""}","{""version"": ""evidence-attack-severity-policy/v1"", ""sha256"": ""bf2e4dfa47e38e207de605b5d79361b5d537babcf10677208f82172b061eb4d6""}",True,False,rule_mapping_from_ai_score,ai_note,ai_note,hate,"{""sha256"": ""53be85f067db620137f8e28e1ad8dba4963da0810ba99576ad1138a9ef96cb97"", ""version"": ""evidence-applicability-annotation-policy/v2""}"
demo:6525,说个最简单的，回家打开电视，调到cctv3，每天都有宣传黑人的节目,non-hate,"[""Racism""]",0,,scored,ai_note,ai_note,只描述电视节目宣传黑人，未出现对黑人或观众的贬损命题，参照 #4744、#5780 取 0／Racism。频道名本身不是被评价的人群。,只描述电视节目宣传黑人，未出现对黑人或观众的贬损命题，参照 #4744、#5780 取 0／Racism。频道名本身不是被评价的人群。,[],,"{""version"": ""evidence-severity-hate-default-mapping/v1"", ""sha256"": ""dfacc5740e5fb6c15c18d8005622e4cea3401cc123cbfb577564396c8b36de17""}","{""version"": ""evidence-applicability-annotation-policy/v2+personal-insult-others.1"", ""sha256"": ""c9af65f3ab260493c9f86e1b6274d3ac09259f3e9beda78989aa8870ea6e1f9d""}","{""version"": ""evidence-attack-severity-policy/v1"", ""sha256"": ""bf2e4dfa47e38e207de605b5d79361b5d537babcf10677208f82172b061eb4d6""}",True,False,rule_mapping_from_ai_score,ai_note,ai_note,non-hate,"{""sha256"": ""53be85f067db620137f8e28e1ad8dba4963da0810ba99576ad1138a9ef96cb97"", ""version"": ""evidence-applicability-annotation-policy/v2""}"
demo:6553,毕竟东北人也就一亿人 肯定反驳力度差,non-hate,"[""Region""]",0,,scored,ai_note,ai_note,以人数说明反驳力度，未把地域群体归为人格或能力低等，拟 0／Region。语气本身不足以补出具体辱骂。,以人数说明反驳力度，未把地域群体归为人格或能力低等，拟 0／Region。语气本身不足以补出具体辱骂。,[],,"{""version"": ""evidence-severity-hate-default-mapping/v1"", ""sha256"": ""dfacc5740e5fb6c15c18d8005622e4cea3401cc123cbfb577564396c8b36de17""}","{""version"": ""evidence-applicability-annotation-policy/v2+personal-insult-others.1"", ""sha256"": ""c9af65f3ab260493c9f86e1b6274d3ac09259f3e9beda78989aa8870ea6e1f9d""}","{""version"": ""evidence-attack-severity-policy/v1"", ""sha256"": ""bf2e4dfa47e38e207de605b5d79361b5d537babcf10677208f82172b061eb4d6""}",True,False,rule_mapping_from_ai_score,ai_note,ai_note,non-hate,"{""sha256"": ""53be85f067db620137f8e28e1ad8dba4963da0810ba99576ad1138a9ef96cb97"", ""version"": ""evidence-applicability-annotation-policy/v2""}"
demo:6554,我不清楚那个文化，把你研究犹太人的证据说出来！ 我的观点就是法兰西列强进行黑奴贩卖，大量黑人被贩卖到法国，葡萄牙等地进行劳动，随着林肯解放黑奴，这些黑人就在其国家繁衍！ 你的呢？？？说出来听听,non-hate,"[""Racism"", ""Region""]",0,,scored,ai_note,ai_note,争论犹太人、黑奴及不同国家的历史联系，没有另行认可的身份贬损，拟 0／Racism、Region。国家作为实施历史行为的主体参与讨论；奴隶经历为描述，非作者认可伤害，不核实其历史断言。,争论犹太人、黑奴及不同国家的历史联系，没有另行认可的身份贬损，拟 0／Racism、Region。国家作为实施历史行为的主体参与讨论；奴隶经历为描述，非作者认可伤害，不核实其历史断言。,[],,"{""version"": ""evidence-severity-hate-default-mapping/v1"", ""sha256"": ""dfacc5740e5fb6c15c18d8005622e4cea3401cc123cbfb577564396c8b36de17""}","{""version"": ""evidence-applicability-annotation-policy/v2+personal-insult-others.1"", ""sha256"": ""c9af65f3ab260493c9f86e1b6274d3ac09259f3e9beda78989aa8870ea6e1f9d""}","{""version"": ""evidence-attack-severity-policy/v1"", ""sha256"": ""bf2e4dfa47e38e207de605b5d79361b5d537babcf10677208f82172b061eb4d6""}",True,False,rule_mapping_from_ai_score,ai_note,ai_note,non-hate,"{""sha256"": ""53be85f067db620137f8e28e1ad8dba4963da0810ba99576ad1138a9ef96cb97"", ""version"": ""evidence-applicability-annotation-policy/v2""}"
demo:6624,结果那个泼男就是他们另外反同吧的吧主？哎哟，我都兴奋了！打的就是你们窝里的老杂毛！把话带到，我回重庆的时候约他不要怂,hate,"[""Sexism"", ""others""]",4,,scored,ai_note,ai_note,针对具体男性反同吧主辱骂，并明确挑衅线下打架，拟 4／Sexism、others；最高分来自身体暴力威胁。反对反同者不抵消独立攻击；未实际评价同性恋本身，不因反同吧一词另加 LGBTQ。重庆仅为会面地点。,针对具体男性反同吧主辱骂，并明确挑衅线下打架，拟 4／Sexism、others；最高分来自身体暴力威胁。反对反同者不抵消独立攻击；未实际评价同性恋本身，不因反同吧一词另加 LGBTQ。重庆仅为会面地点。,[],,"{""version"": ""evidence-severity-hate-default-mapping/v1"", ""sha256"": ""dfacc5740e5fb6c15c18d8005622e4cea3401cc123cbfb577564396c8b36de17""}","{""version"": ""evidence-applicability-annotation-policy/v2+personal-insult-others.1"", ""sha256"": ""c9af65f3ab260493c9f86e1b6274d3ac09259f3e9beda78989aa8870ea6e1f9d""}","{""version"": ""evidence-attack-severity-policy/v1"", ""sha256"": ""bf2e4dfa47e38e207de605b5d79361b5d537babcf10677208f82172b061eb4d6""}",True,False,rule_mapping_from_ai_score,ai_note,ai_note,hate,"{""sha256"": ""53be85f067db620137f8e28e1ad8dba4963da0810ba99576ad1138a9ef96cb97"", ""version"": ""evidence-applicability-annotation-policy/v2""}"
demo:6629,我怀疑你还活在梦里全世界著名的公交车eglkd还以为自己受欢迎有人高价接盘现在是你们想嫁都没愿意娶的,hate,"[""Sexism"", ""others""]",2,,scored,ai_note,ai_note,直接对受话者作女性私生活和婚配价值羞辱，eg 与 lkd 采用用户已确认的用法，拟 2／Sexism、others。公交车为性污名比喻，没有据物品词单独升为 3。,直接对受话者作女性私生活和婚配价值羞辱，eg 与 lkd 采用用户已确认的用法，拟 2／Sexism、others。公交车为性污名比喻，没有据物品词单独升为 3。,[],,"{""version"": ""evidence-severity-hate-default-mapping/v1"", ""sha256"": ""dfacc5740e5fb6c15c18d8005622e4cea3401cc123cbfb577564396c8b36de17""}","{""version"": ""evidence-applicability-annotation-policy/v2+personal-insult-others.1"", ""sha256"": ""c9af65f3ab260493c9f86e1b6274d3ac09259f3e9beda78989aa8870ea6e1f9d""}","{""version"": ""evidence-attack-severity-policy/v1"", ""sha256"": ""bf2e4dfa47e38e207de605b5d79361b5d537babcf10677208f82172b061eb4d6""}",True,False,rule_mapping_from_ai_score,ai_note,ai_note,hate,"{""sha256"": ""53be85f067db620137f8e28e1ad8dba4963da0810ba99576ad1138a9ef96cb97"", ""version"": ""evidence-applicability-annotation-policy/v2""}"
demo:6631,现实中不敢跟黑人硬碰硬，网络上还收拾不了本国人？😆,null,null,null,"group,attack_severity",needs_discussion,ai_note,ai_note,黑人与本国人参与比较，已知类别 Racism、Region。可能只是反讽网络欺凌行为（0），也可能在贬评欺软怕硬的人（1，另有 others）。倾向 1；“收拾”在网络语境下未明确身体伤害，不能升为 4。,黑人与本国人参与比较，已知类别 Racism、Region。可能只是反讽网络欺凌行为（0），也可能在贬评欺软怕硬的人（1，另有 others）。倾向 1；“收拾”在网络语境下未明确身体伤害，不能升为 4。,"[0, 1]",1,"{""version"": ""evidence-severity-hate-default-mapping/v1"", ""sha256"": ""dfacc5740e5fb6c15c18d8005622e4cea3401cc123cbfb577564396c8b36de17""}","{""version"": ""evidence-applicability-annotation-policy/v2+personal-insult-others.1"", ""sha256"": ""c9af65f3ab260493c9f86e1b6274d3ac09259f3e9beda78989aa8870ea6e1f9d""}","{""version"": ""evidence-attack-severity-policy/v1"", ""sha256"": ""bf2e4dfa47e38e207de605b5d79361b5d537babcf10677208f82172b061eb4d6""}",True,False,unresolved_severity,ai_note,ai_note,null,"{""sha256"": ""53be85f067db620137f8e28e1ad8dba4963da0810ba99576ad1138a9ef96cb97"", ""version"": ""evidence-applicability-annotation-policy/v2""}"
demo:6644,为啥？就是因为现在中国女人地位高到离谱，男人任劳任怨还被女性瞧不起。破坏人类的根本原则,hate,"[""Region"", ""Sexism""]",2,,scored,ai_note,ai_note,把中国女性的地位和对男性的态度概括为不合理，形成明确的性别及国别污名，拟 2／Region、Sexism。虽宣称破坏原则，未明说女性天生低等或要求剥夺某项基本权利，不仅凭夸张语升 3。,把中国女性的地位和对男性的态度概括为不合理，形成明确的性别及国别污名，拟 2／Region、Sexism。虽宣称破坏原则，未明说女性天生低等或要求剥夺某项基本权利，不仅凭夸张语升 3。,[],,"{""version"": ""evidence-severity-hate-default-mapping/v1"", ""sha256"": ""dfacc5740e5fb6c15c18d8005622e4cea3401cc123cbfb577564396c8b36de17""}","{""version"": ""evidence-applicability-annotation-policy/v2+personal-insult-others.1"", ""sha256"": ""c9af65f3ab260493c9f86e1b6274d3ac09259f3e9beda78989aa8870ea6e1f9d""}","{""version"": ""evidence-attack-severity-policy/v1"", ""sha256"": ""bf2e4dfa47e38e207de605b5d79361b5d537babcf10677208f82172b061eb4d6""}",True,False,rule_mapping_from_ai_score,ai_note,ai_note,hate,"{""sha256"": ""53be85f067db620137f8e28e1ad8dba4963da0810ba99576ad1138a9ef96cb97"", ""version"": ""evidence-applicability-annotation-policy/v2""}"
demo:6658,人家那是和全世界联系起来的，眼界比我们开阔多了，有这种优势哪个女的不想嫁给他们？,non-hate,"[""Sexism""]",0,,scored,ai_note,ai_note,描述眼界优势与女性择偶意愿，未见具体贬损，拟 0／Sexism。“他们”的国籍种族均未在句中给出，不补 Racism 或 Region。,描述眼界优势与女性择偶意愿，未见具体贬损，拟 0／Sexism。“他们”的国籍种族均未在句中给出，不补 Racism 或 Region。,[],,"{""version"": ""evidence-severity-hate-default-mapping/v1"", ""sha256"": ""dfacc5740e5fb6c15c18d8005622e4cea3401cc123cbfb577564396c8b36de17""}","{""version"": ""evidence-applicability-annotation-policy/v2+personal-insult-others.1"", ""sha256"": ""c9af65f3ab260493c9f86e1b6274d3ac09259f3e9beda78989aa8870ea6e1f9d""}","{""version"": ""evidence-attack-severity-policy/v1"", ""sha256"": ""bf2e4dfa47e38e207de605b5d79361b5d537babcf10677208f82172b061eb4d6""}",True,False,rule_mapping_from_ai_score,ai_note,ai_note,non-hate,"{""sha256"": ""53be85f067db620137f8e28e1ad8dba4963da0810ba99576ad1138a9ef96cb97"", ""version"": ""evidence-applicability-annotation-policy/v2""}"
demo:6764,其实在早些年，有个外国学家做过一篇调查的发现的是男人更支持女同婚姻，女人更支持男同婚姻,non-hate,"[""LGBTQ"", ""Sexism""]",0,,scored,ai_note,ai_note,中性转述不同性别对同性婚姻的支持倾向，拟 0／LGBTQ、Sexism。外国学家只是来源背景，不据此增 Region，也不将未查证调查写成事实认证。,中性转述不同性别对同性婚姻的支持倾向，拟 0／LGBTQ、Sexism。外国学家只是来源背景，不据此增 Region，也不将未查证调查写成事实认证。,[],,"{""version"": ""evidence-severity-hate-default-mapping/v1"", ""sha256"": ""dfacc5740e5fb6c15c18d8005622e4cea3401cc123cbfb577564396c8b36de17""}","{""version"": ""evidence-applicability-annotation-policy/v2+personal-insult-others.1"", ""sha256"": ""c9af65f3ab260493c9f86e1b6274d3ac09259f3e9beda78989aa8870ea6e1f9d""}","{""version"": ""evidence-attack-severity-policy/v1"", ""sha256"": ""bf2e4dfa47e38e207de605b5d79361b5d537babcf10677208f82172b061eb4d6""}",True,False,rule_mapping_from_ai_score,ai_note,ai_note,non-hate,"{""sha256"": ""53be85f067db620137f8e28e1ad8dba4963da0810ba99576ad1138a9ef96cb97"", ""version"": ""evidence-applicability-annotation-policy/v2""}"
demo:6835,然后就是B站，舞蹈区，瑜伽区，健身区，女的恰钱和这些男的相安无事。而且说白了人，拳头没打到自己身上都不会痛的,non-hate,"[""Sexism""]",0,,scored,ai_note,ai_note,讨论女性挣钱、男性参与者及人面对自身利益的行为，未明确将女性称作骗子或人格低等，拟 0／Sexism。拳头是一般利害比喻，不是认可身体暴力；B站为场景。,讨论女性挣钱、男性参与者及人面对自身利益的行为，未明确将女性称作骗子或人格低等，拟 0／Sexism。拳头是一般利害比喻，不是认可身体暴力；B站为场景。,[],,"{""version"": ""evidence-severity-hate-default-mapping/v1"", ""sha256"": ""dfacc5740e5fb6c15c18d8005622e4cea3401cc123cbfb577564396c8b36de17""}","{""version"": ""evidence-applicability-annotation-policy/v2+personal-insult-others.1"", ""sha256"": ""c9af65f3ab260493c9f86e1b6274d3ac09259f3e9beda78989aa8870ea6e1f9d""}","{""version"": ""evidence-attack-severity-policy/v1"", ""sha256"": ""bf2e4dfa47e38e207de605b5d79361b5d537babcf10677208f82172b061eb4d6""}",True,False,rule_mapping_from_ai_score,ai_note,ai_note,non-hate,"{""sha256"": ""53be85f067db620137f8e28e1ad8dba4963da0810ba99576ad1138a9ef96cb97"", ""version"": ""evidence-applicability-annotation-policy/v2""}"
demo:6852,小仙女不是说中国男人配不上中国女人吗？男人只好找外国女人了，合情合理,hate,"[""Region"", ""Sexism""]",1,,scored,ai_note,ai_note,借小仙女称谓和婚恋比较挖苦部分中国女性，拟 1／Region、Sexism。被转述的配不上并非作者另行对男性背书；仍有作者自己的轻度女性贬称。,借小仙女称谓和婚恋比较挖苦部分中国女性，拟 1／Region、Sexism。被转述的配不上并非作者另行对男性背书；仍有作者自己的轻度女性贬称。,[],,"{""version"": ""evidence-severity-hate-default-mapping/v1"", ""sha256"": ""dfacc5740e5fb6c15c18d8005622e4cea3401cc123cbfb577564396c8b36de17""}","{""version"": ""evidence-applicability-annotation-policy/v2+personal-insult-others.1"", ""sha256"": ""c9af65f3ab260493c9f86e1b6274d3ac09259f3e9beda78989aa8870ea6e1f9d""}","{""version"": ""evidence-attack-severity-policy/v1"", ""sha256"": ""bf2e4dfa47e38e207de605b5d79361b5d537babcf10677208f82172b061eb4d6""}",True,False,rule_mapping_from_ai_score,ai_note,ai_note,hate,"{""sha256"": ""53be85f067db620137f8e28e1ad8dba4963da0810ba99576ad1138a9ef96cb97"", ""version"": ""evidence-applicability-annotation-policy/v2""}"
demo:6931,骂南方人马来猴子的，都是瑞典和族混血老铁。,hate,"[""Racism"", ""Region""]",1,,scored,ai_note,ai_note,批评辱骂南方人的同时，以地域隐称和族裔混血说法回讽另一群体，拟 1／Racism、Region。“瑞典人”代东北人已有外部用例，“和族”与混血构成族裔维度；未直接断言混血天生低等。马来猴子是被批评的他人辱称，不把它按作者新动物化直接计 3。,批评辱骂南方人的同时，以地域隐称和族裔混血说法回讽另一群体，拟 1／Racism、Region。“瑞典人”代东北人已有外部用例，“和族”与混血构成族裔维度；未直接断言混血天生低等。马来猴子是被批评的他人辱称，不把它按作者新动物化直接计 3。,[],,"{""version"": ""evidence-severity-hate-default-mapping/v1"", ""sha256"": ""dfacc5740e5fb6c15c18d8005622e4cea3401cc123cbfb577564396c8b36de17""}","{""version"": ""evidence-applicability-annotation-policy/v2+personal-insult-others.1"", ""sha256"": ""c9af65f3ab260493c9f86e1b6274d3ac09259f3e9beda78989aa8870ea6e1f9d""}","{""version"": ""evidence-attack-severity-policy/v1"", ""sha256"": ""bf2e4dfa47e38e207de605b5d79361b5d537babcf10677208f82172b061eb4d6""}",True,False,rule_mapping_from_ai_score,ai_note,ai_note,hate,"{""sha256"": ""53be85f067db620137f8e28e1ad8dba4963da0810ba99576ad1138a9ef96cb97"", ""version"": ""evidence-applicability-annotation-policy/v2""}"
demo:6989,我工作时被河南信阳女客户的素质大跌眼镜。。无语住了。,hate,null,1,group,scored,ai_note,ai_note,“素质大跌眼镜”对具体客户作轻度人格贬评，拟 1。倾向仅 others：河南信阳和女性可能只是指认背景；若身份本身参与负面评价，应另纳 Region／Sexism。完整 group 待裁定，不能由身份词齐全自动并入。,“素质大跌眼镜”对具体客户作轻度人格贬评，拟 1。倾向仅 others：河南信阳和女性可能只是指认背景；若身份本身参与负面评价，应另纳 Region／Sexism。完整 group 待裁定，不能由身份词齐全自动并入。,[],,"{""version"": ""evidence-severity-hate-default-mapping/v1"", ""sha256"": ""dfacc5740e5fb6c15c18d8005622e4cea3401cc123cbfb577564396c8b36de17""}","{""version"": ""evidence-applicability-annotation-policy/v2+personal-insult-others.1"", ""sha256"": ""c9af65f3ab260493c9f86e1b6274d3ac09259f3e9beda78989aa8870ea6e1f9d""}","{""version"": ""evidence-attack-severity-policy/v1"", ""sha256"": ""bf2e4dfa47e38e207de605b5d79361b5d537babcf10677208f82172b061eb4d6""}",True,False,rule_mapping_from_ai_score,ai_note,ai_note,hate,"{""sha256"": ""53be85f067db620137f8e28e1ad8dba4963da0810ba99576ad1138a9ef96cb97"", ""version"": ""evidence-applicability-annotation-policy/v2""}"
demo:7133,原贴没了看来是被正义的小腐女们举报了,hate,"[""Sexism"", ""others""]",1,,scored,ai_note,ai_note,反讽举报者为正义的小腐女，对女性兴趣社群作轻度贬评，拟 1／Sexism、others。腐女是兴趣身份，不能据此断定本人为性少数；未加 LGBTQ。,反讽举报者为正义的小腐女，对女性兴趣社群作轻度贬评，拟 1／Sexism、others。腐女是兴趣身份，不能据此断定本人为性少数；未加 LGBTQ。,[],,"{""version"": ""evidence-severity-hate-default-mapping/v1"", ""sha256"": ""dfacc5740e5fb6c15c18d8005622e4cea3401cc123cbfb577564396c8b36de17""}","{""version"": ""evidence-applicability-annotation-policy/v2+personal-insult-others.1"", ""sha256"": ""c9af65f3ab260493c9f86e1b6274d3ac09259f3e9beda78989aa8870ea6e1f9d""}","{""version"": ""evidence-attack-severity-policy/v1"", ""sha256"": ""bf2e4dfa47e38e207de605b5d79361b5d537babcf10677208f82172b061eb4d6""}",True,False,rule_mapping_from_ai_score,ai_note,ai_note,hate,"{""sha256"": ""53be85f067db620137f8e28e1ad8dba4963da0810ba99576ad1138a9ef96cb97"", ""version"": ""evidence-applicability-annotation-policy/v2""}"
demo:7161,不会氙钕怕事情败露自己删了吧,hate,"[""Sexism"", ""others""]",1,,scored,ai_note,ai_note,以小仙女的谐音称呼具体对象并挖苦其心虚，拟 1／Sexism、others。只采用可见轻度讽刺，不补造事情败露的具体性质。,以小仙女的谐音称呼具体对象并挖苦其心虚，拟 1／Sexism、others。只采用可见轻度讽刺，不补造事情败露的具体性质。,[],,"{""version"": ""evidence-severity-hate-default-mapping/v1"", ""sha256"": ""dfacc5740e5fb6c15c18d8005622e4cea3401cc123cbfb577564396c8b36de17""}","{""version"": ""evidence-applicability-annotation-policy/v2+personal-insult-others.1"", ""sha256"": ""c9af65f3ab260493c9f86e1b6274d3ac09259f3e9beda78989aa8870ea6e1f9d""}","{""version"": ""evidence-attack-severity-policy/v1"", ""sha256"": ""bf2e4dfa47e38e207de605b5d79361b5d537babcf10677208f82172b061eb4d6""}",True,False,rule_mapping_from_ai_score,ai_note,ai_note,hate,"{""sha256"": ""53be85f067db620137f8e28e1ad8dba4963da0810ba99576ad1138a9ef96cb97"", ""version"": ""evidence-applicability-annotation-policy/v2""}"
demo:717,一口一个普信男，你是微博里的普信女还是烂裤裆,hate,"[""Sexism"", ""others""]",2,,scored,ai_note,ai_note,反击他人用语时独立对女性受话者作人格和私生活辱骂，拟 2／Sexism、others。烂裤裆沿用用户 #1729 已明确的性污名含义。微博仅是说法来源背景。,反击他人用语时独立对女性受话者作人格和私生活辱骂，拟 2／Sexism、others。烂裤裆沿用用户 #1729 已明确的性污名含义。微博仅是说法来源背景。,[],,"{""version"": ""evidence-severity-hate-default-mapping/v1"", ""sha256"": ""dfacc5740e5fb6c15c18d8005622e4cea3401cc123cbfb577564396c8b36de17""}","{""version"": ""evidence-applicability-annotation-policy/v2+personal-insult-others.1"", ""sha256"": ""c9af65f3ab260493c9f86e1b6274d3ac09259f3e9beda78989aa8870ea6e1f9d""}","{""version"": ""evidence-attack-severity-policy/v1"", ""sha256"": ""bf2e4dfa47e38e207de605b5d79361b5d537babcf10677208f82172b061eb4d6""}",True,False,rule_mapping_from_ai_score,ai_note,ai_note,hate,"{""sha256"": ""53be85f067db620137f8e28e1ad8dba4963da0810ba99576ad1138a9ef96cb97"", ""version"": ""evidence-applicability-annotation-policy/v2""}"
demo:718,按照你的逻辑你可以和男人doi的，只是你不想罢了,non-hate,"[""Sexism""]",0,,scored,ai_note,ai_note,对与男性发生性行为的可能性作逻辑争论，当前没有独立攻击命题，拟 0／Sexism。受话者性别和性取向未给出，不靠猜测另纳 LGBTQ。,对与男性发生性行为的可能性作逻辑争论，当前没有独立攻击命题，拟 0／Sexism。受话者性别和性取向未给出，不靠猜测另纳 LGBTQ。,[],,"{""version"": ""evidence-severity-hate-default-mapping/v1"", ""sha256"": ""dfacc5740e5fb6c15c18d8005622e4cea3401cc123cbfb577564396c8b36de17""}","{""version"": ""evidence-applicability-annotation-policy/v2+personal-insult-others.1"", ""sha256"": ""c9af65f3ab260493c9f86e1b6274d3ac09259f3e9beda78989aa8870ea6e1f9d""}","{""version"": ""evidence-attack-severity-policy/v1"", ""sha256"": ""bf2e4dfa47e38e207de605b5d79361b5d537babcf10677208f82172b061eb4d6""}",True,False,rule_mapping_from_ai_score,ai_note,ai_note,non-hate,"{""sha256"": ""53be85f067db620137f8e28e1ad8dba4963da0810ba99576ad1138a9ef96cb97"", ""version"": ""evidence-applicability-annotation-policy/v2""}"
demo:7188,经统计黑人艾滋率，暴力犯罪率，没爹率都出奇的高，所以其实他们是对我自身生命安全的负责。假如你遇到一片雷区，然后心想我们不能种族歧视，雷区和马路耕地都必须一样，然后大胆的踩过去，那我也很支持你。😆,hate,"[""Racism""]",3,,scored,ai_note,ai_note,以疾病犯罪污名把黑人整体类比为致命雷区，为身份歧视和排斥辩护，拟 3／Racism。最高分来自整个人群被当作内在危险物；“支持你踩过去”是挖苦和漠视，未明确认可对人实施身体伤害，不升 4。所谓统计未获得事实认证。,以疾病犯罪污名把黑人整体类比为致命雷区，为身份歧视和排斥辩护，拟 3／Racism。最高分来自整个人群被当作内在危险物；“支持你踩过去”是挖苦和漠视，未明确认可对人实施身体伤害，不升 4。所谓统计未获得事实认证。,[],,"{""version"": ""evidence-severity-hate-default-mapping/v1"", ""sha256"": ""dfacc5740e5fb6c15c18d8005622e4cea3401cc123cbfb577564396c8b36de17""}","{""version"": ""evidence-applicability-annotation-policy/v2+personal-insult-others.1"", ""sha256"": ""c9af65f3ab260493c9f86e1b6274d3ac09259f3e9beda78989aa8870ea6e1f9d""}","{""version"": ""evidence-attack-severity-policy/v1"", ""sha256"": ""bf2e4dfa47e38e207de605b5d79361b5d537babcf10677208f82172b061eb4d6""}",True,False,rule_mapping_from_ai_score,ai_note,ai_note,hate,"{""sha256"": ""53be85f067db620137f8e28e1ad8dba4963da0810ba99576ad1138a9ef96cb97"", ""version"": ""evidence-applicability-annotation-policy/v2""}"
demo:7189,希望你们都能花钱娶女同,null,null,null,"group,attack_severity",needs_discussion,ai_note,ai_note,可见对象涉及女同性恋及婚配者。可能是普通祝愿或议论（0，LGBTQ、Sexism），也可能把娶女同当作不幸来挖苦受话者（1，并加 others）。倾向 1；无前文，保留分数及完整类别待定。,可见对象涉及女同性恋及婚配者。可能是普通祝愿或议论（0，LGBTQ、Sexism），也可能把娶女同当作不幸来挖苦受话者（1，并加 others）。倾向 1；无前文，保留分数及完整类别待定。,"[0, 1]",1,"{""version"": ""evidence-severity-hate-default-mapping/v1"", ""sha256"": ""dfacc5740e5fb6c15c18d8005622e4cea3401cc123cbfb577564396c8b36de17""}","{""version"": ""evidence-applicability-annotation-policy/v2+personal-insult-others.1"", ""sha256"": ""c9af65f3ab260493c9f86e1b6274d3ac09259f3e9beda78989aa8870ea6e1f9d""}","{""version"": ""evidence-attack-severity-policy/v1"", ""sha256"": ""bf2e4dfa47e38e207de605b5d79361b5d537babcf10677208f82172b061eb4d6""}",True,False,unresolved_severity,ai_note,ai_note,null,"{""sha256"": ""53be85f067db620137f8e28e1ad8dba4963da0810ba99576ad1138a9ef96cb97"", ""version"": ""evidence-applicability-annotation-policy/v2""}"
demo:72,在所谓“自立自强”中走向极端，然后彻底反智。管中窥豹，略见一斑，权拳二象性实乃真知灼见PS：素材来自吧中某帖一个破防幕刃的主页，欢迎仗义之辈同去屠?,hate,"[""Sexism"", ""others""]",2,,scored,ai_note,ai_note,以反智、幕刃辱骂女性及具体账号，并动员攻击其主页，拟 2／Sexism、others。句内明确是网上主页，屠字未建立身体伤害主张；未凭一个暴力字升 4。,以反智、幕刃辱骂女性及具体账号，并动员攻击其主页，拟 2／Sexism、others。句内明确是网上主页，屠字未建立身体伤害主张；未凭一个暴力字升 4。,[],,"{""version"": ""evidence-severity-hate-default-mapping/v1"", ""sha256"": ""dfacc5740e5fb6c15c18d8005622e4cea3401cc123cbfb577564396c8b36de17""}","{""version"": ""evidence-applicability-annotation-policy/v2+personal-insult-others.1"", ""sha256"": ""c9af65f3ab260493c9f86e1b6274d3ac09259f3e9beda78989aa8870ea6e1f9d""}","{""version"": ""evidence-attack-severity-policy/v1"", ""sha256"": ""bf2e4dfa47e38e207de605b5d79361b5d537babcf10677208f82172b061eb4d6""}",True,False,rule_mapping_from_ai_score,ai_note,ai_note,hate,"{""sha256"": ""53be85f067db620137f8e28e1ad8dba4963da0810ba99576ad1138a9ef96cb97"", ""version"": ""evidence-applicability-annotation-policy/v2""}"
demo:7212,就应该给媚黑的女人一耳光，这本来就是为她们好，更是为我们国家好，对待黑人，矫枉必须过正…,hate,"[""Racism"", ""Sexism""]",4,,scored,ai_note,ai_note,明确鼓动扇与黑人交往的女性耳光，并正当化针对黑人的过度对待，拟 4／Racism、Sexism；身体暴力的明确对象为女性，不把最高分无区分地传给全部提及对象。,明确鼓动扇与黑人交往的女性耳光，并正当化针对黑人的过度对待，拟 4／Racism、Sexism；身体暴力的明确对象为女性，不把最高分无区分地传给全部提及对象。,[],,"{""version"": ""evidence-severity-hate-default-mapping/v1"", ""sha256"": ""dfacc5740e5fb6c15c18d8005622e4cea3401cc123cbfb577564396c8b36de17""}","{""version"": ""evidence-applicability-annotation-policy/v2+personal-insult-others.1"", ""sha256"": ""c9af65f3ab260493c9f86e1b6274d3ac09259f3e9beda78989aa8870ea6e1f9d""}","{""version"": ""evidence-attack-severity-policy/v1"", ""sha256"": ""bf2e4dfa47e38e207de605b5d79361b5d537babcf10677208f82172b061eb4d6""}",True,False,rule_mapping_from_ai_score,ai_note,ai_note,hate,"{""sha256"": ""53be85f067db620137f8e28e1ad8dba4963da0810ba99576ad1138a9ef96cb97"", ""version"": ""evidence-applicability-annotation-policy/v2""}"
demo:7232,魔都+帝都从人人清北复交，到著名的排外说，再到男人没男子气概，女人跪舔老外，再到小市民精打细算小家子气斤斤计较，我真的不想列举了,null,"[""Region"", ""Sexism"", ""others""]",null,attack_severity,needs_discussion,ai_note,ai_note,地域、性别和小市民角色都成为所列评价单位，group 拟 Region、Sexism、others。全文可能在罗列并厌烦这些偏见（0），也可能自己认可这些负面概括（2）；倾向前者，缺少明示的引用或立场标记，待校准。,地域、性别和小市民角色都成为所列评价单位，group 拟 Region、Sexism、others。全文可能在罗列并厌烦这些偏见（0），也可能自己认可这些负面概括（2）；倾向前者，缺少明示的引用或立场标记，待校准。,"[0, 2]",0,"{""version"": ""evidence-severity-hate-default-mapping/v1"", ""sha256"": ""dfacc5740e5fb6c15c18d8005622e4cea3401cc123cbfb577564396c8b36de17""}","{""version"": ""evidence-applicability-annotation-policy/v2+personal-insult-others.1"", ""sha256"": ""c9af65f3ab260493c9f86e1b6274d3ac09259f3e9beda78989aa8870ea6e1f9d""}","{""version"": ""evidence-attack-severity-policy/v1"", ""sha256"": ""bf2e4dfa47e38e207de605b5d79361b5d537babcf10677208f82172b061eb4d6""}",True,False,unresolved_severity,ai_note,ai_note,null,"{""sha256"": ""53be85f067db620137f8e28e1ad8dba4963da0810ba99576ad1138a9ef96cb97"", ""version"": ""evidence-applicability-annotation-policy/v2""}"
demo:7235,这是真女拳吧…😅还分上等级了,hate,"[""Sexism""]",1,,scored,ai_note,ai_note,使用女拳贬称并讽刺给人分等级，拟轻度 1／Sexism；类似已确认的低强度女权贬评，未见词语释义或纯粹无害谈论的证据。,使用女拳贬称并讽刺给人分等级，拟轻度 1／Sexism；类似已确认的低强度女权贬评，未见词语释义或纯粹无害谈论的证据。,[],,"{""version"": ""evidence-severity-hate-default-mapping/v1"", ""sha256"": ""dfacc5740e5fb6c15c18d8005622e4cea3401cc123cbfb577564396c8b36de17""}","{""version"": ""evidence-applicability-annotation-policy/v2+personal-insult-others.1"", ""sha256"": ""c9af65f3ab260493c9f86e1b6274d3ac09259f3e9beda78989aa8870ea6e1f9d""}","{""version"": ""evidence-attack-severity-policy/v1"", ""sha256"": ""bf2e4dfa47e38e207de605b5d79361b5d537babcf10677208f82172b061eb4d6""}",True,False,rule_mapping_from_ai_score,ai_note,ai_note,hate,"{""sha256"": ""53be85f067db620137f8e28e1ad8dba4963da0810ba99576ad1138a9ef96cb97"", ""version"": ""evidence-applicability-annotation-policy/v2""}"
demo:7247,让我看看你长啥样,non-hate,[],0,,scored,ai_note,ai_note,仅要求看外貌，未作具体贬损，依可见文字取 0／[]。不从未知上下文补造外貌羞辱。,仅要求看外貌，未作具体贬损，依可见文字取 0／[]。不从未知上下文补造外貌羞辱。,[],,"{""version"": ""evidence-severity-hate-default-mapping/v1"", ""sha256"": ""dfacc5740e5fb6c15c18d8005622e4cea3401cc123cbfb577564396c8b36de17""}","{""version"": ""evidence-applicability-annotation-policy/v2+personal-insult-others.1"", ""sha256"": ""c9af65f3ab260493c9f86e1b6274d3ac09259f3e9beda78989aa8870ea6e1f9d""}","{""version"": ""evidence-attack-severity-policy/v1"", ""sha256"": ""bf2e4dfa47e38e207de605b5d79361b5d537babcf10677208f82172b061eb4d6""}",True,False,rule_mapping_from_ai_score,ai_note,ai_note,non-hate,"{""sha256"": ""53be85f067db620137f8e28e1ad8dba4963da0810ba99576ad1138a9ef96cb97"", ""version"": ""evidence-applicability-annotation-policy/v2""}"
demo:7248,解决艾滋病的根本方法真的是绞杀txl吗？符合道德吗？如果txl有着和异性恋一样的社会环境，那txl就算传播是不是也应该是圈子自己人传播呢？直男直女们在害怕什么？那请问山村拐卖妇女儿童的法律惩罚就是上升到死刑能彻底解决问题吗？民智需要开化才能解决，同样的道理，txl本就不是疾病，普及性知识，提倡安全性爱，营造社会宽容的氛围，让txl不要需要隐藏自己的身份才是解决问题的关键。,non-hate,"[""LGBTQ"", ""Sexism"", ""others""]",0,,scored,ai_note,ai_note,明确反对绞杀和疾病化，倡导安全性教育与社会包容，拟 0／LGBTQ、Sexism、others。异性恋及直男直女是实际比较和辩护对象；山村只提供行为类比场景，不增 Region。没有将被反驳的暴力命题计入攻击。,明确反对绞杀和疾病化，倡导安全性教育与社会包容，拟 0／LGBTQ、Sexism、others。异性恋及直男直女是实际比较和辩护对象；山村只提供行为类比场景，不增 Region。没有将被反驳的暴力命题计入攻击。,[],,"{""version"": ""evidence-severity-hate-default-mapping/v1"", ""sha256"": ""dfacc5740e5fb6c15c18d8005622e4cea3401cc123cbfb577564396c8b36de17""}","{""version"": ""evidence-applicability-annotation-policy/v2+personal-insult-others.1"", ""sha256"": ""c9af65f3ab260493c9f86e1b6274d3ac09259f3e9beda78989aa8870ea6e1f9d""}","{""version"": ""evidence-attack-severity-policy/v1"", ""sha256"": ""bf2e4dfa47e38e207de605b5d79361b5d537babcf10677208f82172b061eb4d6""}",True,False,rule_mapping_from_ai_score,ai_note,ai_note,non-hate,"{""sha256"": ""53be85f067db620137f8e28e1ad8dba4963da0810ba99576ad1138a9ef96cb97"", ""version"": ""evidence-applicability-annotation-policy/v2""}"
demo:7253,可以这么说白皮是普遍性都长得很丑只有极个别长得还算中规中距而黄种人可以说基本上百分之90都长得非常不错而且黄种人也是极不显老的人种,hate,"[""Racism""]",2,,scored,ai_note,ai_note,普遍贬低白人外貌并以黄种人作优越比较，拟 2／Racism。明显外貌污名不自动等同于否认人的地位或基本权利，未升 3。,普遍贬低白人外貌并以黄种人作优越比较，拟 2／Racism。明显外貌污名不自动等同于否认人的地位或基本权利，未升 3。,[],,"{""version"": ""evidence-severity-hate-default-mapping/v1"", ""sha256"": ""dfacc5740e5fb6c15c18d8005622e4cea3401cc123cbfb577564396c8b36de17""}","{""version"": ""evidence-applicability-annotation-policy/v2+personal-insult-others.1"", ""sha256"": ""c9af65f3ab260493c9f86e1b6274d3ac09259f3e9beda78989aa8870ea6e1f9d""}","{""version"": ""evidence-attack-severity-policy/v1"", ""sha256"": ""bf2e4dfa47e38e207de605b5d79361b5d537babcf10677208f82172b061eb4d6""}",True,False,rule_mapping_from_ai_score,ai_note,ai_note,hate,"{""sha256"": ""53be85f067db620137f8e28e1ad8dba4963da0810ba99576ad1138a9ef96cb97"", ""version"": ""evidence-applicability-annotation-policy/v2""}"
demo:7319,黑人吧早被我们反黑站了，你还洗,hate,"[""Racism""]",2,,scored,ai_note,ai_note,作者自述参与反黑占领社群并斥责为黑人辩护，认可种族敌意，拟 2／Racism。“你还洗”在此是对辩护行为的批评，未另立个人辱骂项；没有明示身体伤害。,作者自述参与反黑占领社群并斥责为黑人辩护，认可种族敌意，拟 2／Racism。“你还洗”在此是对辩护行为的批评，未另立个人辱骂项；没有明示身体伤害。,[],,"{""version"": ""evidence-severity-hate-default-mapping/v1"", ""sha256"": ""dfacc5740e5fb6c15c18d8005622e4cea3401cc123cbfb577564396c8b36de17""}","{""version"": ""evidence-applicability-annotation-policy/v2+personal-insult-others.1"", ""sha256"": ""c9af65f3ab260493c9f86e1b6274d3ac09259f3e9beda78989aa8870ea6e1f9d""}","{""version"": ""evidence-attack-severity-policy/v1"", ""sha256"": ""bf2e4dfa47e38e207de605b5d79361b5d537babcf10677208f82172b061eb4d6""}",True,False,rule_mapping_from_ai_score,ai_note,ai_note,hate,"{""sha256"": ""53be85f067db620137f8e28e1ad8dba4963da0810ba99576ad1138a9ef96cb97"", ""version"": ""evidence-applicability-annotation-policy/v2""}"
