comparison_id	terms	metric	value	bound	independent_sample	reference_aligned_delta	delta_m	direction_resolved	direction	transition	numerical_bound
Q01-D02-minus-D01	[{'request_id': 'hsc-Q01-D02', 'coefficient': 1}, {'request_id': 'hsc-Q01-D01', 'coefficient': -1}]	z[42192]-z[18830]	45.215362548828125	2e-06	False	45.215362548828125	45.215362548828125	True	positive	repair	2e-06
Q01-D03-minus-D01	[{'request_id': 'hsc-Q01-D03', 'coefficient': 1}, {'request_id': 'hsc-Q01-D01', 'coefficient': -1}]	z[42192]-z[18830]	8.168399810791016	2e-06	False	8.168399810791016	8.168399810791016	True	positive	unchanged	2e-06
Q01-D03-minus-D02	[{'request_id': 'hsc-Q01-D03', 'coefficient': 1}, {'request_id': 'hsc-Q01-D02', 'coefficient': -1}]	z[42192]-z[18830]	-37.04696273803711	2e-06	False	-37.04696273803711	-37.04696273803711	True	negative	damage	2e-06
Q02-D02-minus-D01	[{'request_id': 'hsc-Q02-D02', 'coefficient': 1}, {'request_id': 'hsc-Q02-D01', 'coefficient': -1}]	z[42192]-z[18830]	31.169227600097656	2e-06	False	-31.169227600097656	31.169227600097656	True	positive	damage	2e-06
Q02-D03-minus-D01	[{'request_id': 'hsc-Q02-D03', 'coefficient': 1}, {'request_id': 'hsc-Q02-D01', 'coefficient': -1}]	z[42192]-z[18830]	0.2766838073730469	2e-06	False	-0.2766838073730469	0.2766838073730469	True	positive	unchanged	2e-06
Q02-D03-minus-D02	[{'request_id': 'hsc-Q02-D03', 'coefficient': 1}, {'request_id': 'hsc-Q02-D02', 'coefficient': -1}]	z[42192]-z[18830]	-30.89254379272461	2e-06	False	30.89254379272461	-30.89254379272461	True	negative	repair	2e-06
Q03-D02-minus-D01	[{'request_id': 'hsc-Q03-D02', 'coefficient': 1}, {'request_id': 'hsc-Q03-D01', 'coefficient': -1}]	z[42192]-z[18830]	10.926050186157227	2e-06	False	10.926050186157227	10.926050186157227	True	positive	unchanged	2e-06
Q03-D03-minus-D01	[{'request_id': 'hsc-Q03-D03', 'coefficient': 1}, {'request_id': 'hsc-Q03-D01', 'coefficient': -1}]	z[42192]-z[18830]	-2.3401412963867188	2e-06	False	-2.3401412963867188	-2.3401412963867188	True	negative	unchanged	2e-06
Q03-D03-minus-D02	[{'request_id': 'hsc-Q03-D03', 'coefficient': 1}, {'request_id': 'hsc-Q03-D02', 'coefficient': -1}]	z[42192]-z[18830]	-13.266191482543945	2e-06	False	-13.266191482543945	-13.266191482543945	True	negative	unchanged	2e-06
