m	z_yes	z_no	log_p_yes	log_p_no	log_legal_mass	legal_mass	pair_support_no	raw_prediction	margin_error_bound	resolution	request_id	query_id	condition	reference	raw_reference_correct	dictionary_id	reference_aligned_margin	resolved_reference_correct
-20.481338500976562	52.19167709350586	31.710338592529297	-1.4227907740860246e-09	-20.481338502399353	-1.4908607681718422e-10	0.9999999998509139	1.273701635537016e-09	有	1e-06	negative	hsc-Q01-D01	Q01	L	无	False	D01	-20.481338500976562	False
24.734024047851562	26.447265625	51.18128967285156	-24.73402756493467	-3.5170831083064513e-06	-3.5170649894666894e-06	0.9999964829411954	0.9999999999818812	无	1e-06	positive	hsc-Q01-D02	Q01	L	无	True	D02	24.734024047851562	True
-12.312938690185547	50.860015869140625	38.54707717895508	-4.493658529725053e-06	-12.312943183844077	-4.384048679639818e-10	0.9999999995615951	4.493210027815095e-06	有	1e-06	negative	hsc-Q01-D03	Q01	L	无	False	D03	-12.312938690185547	False
-20.59790802001953	55.01237869262695	34.41447067260742	-1.169318863958324e-09	-20.59790802118885	-3.576161589080584e-11	0.9999999999642384	1.1335539840278772e-09	有	1e-06	negative	hsc-Q02-D01	Q02	L	有	True	D01	20.59790802001953	True
10.571319580078125	42.26352310180664	52.834842681884766	-10.57134680954045	-2.7229462325806253e-05	-1.588833484333918e-06	0.9999984111677779	0.9999743596998767	无	1e-06	positive	hsc-Q02-D02	Q02	L	有	False	D02	-10.571319580078125	False
-20.321224212646484	55.16476058959961	34.843536376953125	-1.5393268881780386e-09	-20.32122421418581	-4.445155354915187e-11	0.9999999999555484	1.4948735522115982e-09	有	1e-06	negative	hsc-Q02-D03	Q02	L	有	True	D03	20.321224212646484	True
10.855964660644531	41.014373779296875	51.870338439941406	-10.85598704301757	-2.2382373039420145e-05	-3.093348588834033e-06	0.9999969066561956	0.9999807111615815	无	1e-06	positive	hsc-Q03-D01	Q03	L	无	True	D01	10.855964660644531	True
21.782014846801758	28.669462203979492	50.45147705078125	-21.78202160310056	-6.756298802201854e-06	-6.755951915238256e-06	0.9999932440709062	0.999999999653113	无	1e-06	positive	hsc-Q03-D02	Q03	L	无	True	D02	21.782014846801758	True
8.515823364257812	44.039588928222656	52.55541229248047	-8.516024966082966	-0.00020160182515382985	-1.3477241864734424e-06	0.9999986522767217	0.9997997659485468	无	1e-06	positive	hsc-Q03-D03	Q03	L	无	True	D03	8.515823364257812	True
