object_id,review_kind,text,hate,group,uncertainties,note,human_adjudicated_tasks,user_rationale,online_material_confirmed,hate_policy_version,hate_policy_sha256,group_policy_version,group_policy_sha256
demo:5690,ai_note,基佬破防了，急得大号和小号说话,hate,"[""LGBTQ"", ""others""]",,以性取向贬称称呼具体账号使用者，并讥笑其急切表现，拟 1／LGBTQ、others。#5615 的仅 Racism 是明确个案，未据此撤销仍有效的个人辱骂增补。,,,False,evidence-applicability-annotation-policy/v2,53be85f067db620137f8e28e1ad8dba4963da0810ba99576ad1138a9ef96cb97,evidence-applicability-annotation-policy/v2+personal-insult-others.1,c9af65f3ab260493c9f86e1b6274d3ac09259f3e9beda78989aa8870ea6e1f9d
demo:5708,ai_note,哪来的通讯录怪物,hate,"[""LGBTQ"", ""others""]",,以同性恋谐称把对象叫作怪物，按明确非人称谓取 3／LGBTQ、others。未见对词语本身的释义或无害引用。,,,False,evidence-applicability-annotation-policy/v2,53be85f067db620137f8e28e1ad8dba4963da0810ba99576ad1138a9ef96cb97,evidence-applicability-annotation-policy/v2+personal-insult-others.1,c9af65f3ab260493c9f86e1b6274d3ac09259f3e9beda78989aa8870ea6e1f9d
demo:5713,ai_note,不希望以后中国遍地都是黑人小孩，怕但是治安社会矛盾突出，大家过都过不好，大家都是中国人，感觉大家还是不一样的…没有那么懒，没有那么多政治正确，没有那么多暴力和低素质，5000年的道德约束还是有的,hate,"[""Racism""]",,把黑人后代视为不受欢迎的同国籍成员，并作种族性的文明、道德与素质高低比较，拟 3／Racism。差异明确落在同一国籍内部的种族，不机械补 Region。,,,False,evidence-applicability-annotation-policy/v2,53be85f067db620137f8e28e1ad8dba4963da0810ba99576ad1138a9ef96cb97,evidence-applicability-annotation-policy/v2+personal-insult-others.1,c9af65f3ab260493c9f86e1b6274d3ac09259f3e9beda78989aa8870ea6e1f9d
demo:5734,ai_note,还有现在连某些央视都有嘿人节目，甚至嘿人评委，看着那血盆大嘴在那一张一张的心里就难受的慌，关键评论里没一个反感他们的。只要是老外，不管来自哪里长得如何，下面都是一股脑儿得说帅。眼瞎了么！但有没有发现东南亚的黄皮老外不在此列，相反是看不起越南缅甸柬埔寨等那旮瘩的老外的，感情它们喜欢的是外种？？？,hate,"[""Racism"", ""Region"", ""others""]",,作者自行贬损黑人外貌，并辱骂赞美他们的评论者；又实际比较不同国别、种族的待遇，拟 2／Racism、Region、others。无女性角色证据，不补 Sexism。,,,False,evidence-applicability-annotation-policy/v2,53be85f067db620137f8e28e1ad8dba4963da0810ba99576ad1138a9ef96cb97,evidence-applicability-annotation-policy/v2+personal-insult-others.1,c9af65f3ab260493c9f86e1b6274d3ac09259f3e9beda78989aa8870ea6e1f9d
demo:5780,ai_note,互联网没记忆，我记一辈子呢。以后反正梗就天天玩着，诶谁提到我就提这个事情,non-hate,[],,未展示要反复提起的事件或梗的内容，可见文字没有具体攻击；沿用 #3194、#4744 的证据范围，取 0／[]。,,,False,evidence-applicability-annotation-policy/v2,53be85f067db620137f8e28e1ad8dba4963da0810ba99576ad1138a9ef96cb97,evidence-applicability-annotation-policy/v2+personal-insult-others.1,c9af65f3ab260493c9f86e1b6274d3ac09259f3e9beda78989aa8870ea6e1f9d
demo:5784,ai_note,你说的很对。大部分找黑人的女人，其实分不清美国黑人，法国黑人，东非的还是西非的，总结起来，就是一无所知，完全不清楚这种文化差别会带来多少灾难，对于中国人，就要摸清楚脾气秉性，文化背景，对于外国人则毫不了解也行。这就是外国崇拜。,hate,"[""Racism"", ""Region"", ""Sexism""]",,概括与黑人交往的女性无知、崇外，并比较她们对中外伴侣的要求，拟轻度 1／Racism、Region、Sexism。这里是婚恋中的实际国别比较，有别于 #4810 的政治背景提及。,,,False,evidence-applicability-annotation-policy/v2,53be85f067db620137f8e28e1ad8dba4963da0810ba99576ad1138a9ef96cb97,evidence-applicability-annotation-policy/v2+personal-insult-others.1,c9af65f3ab260493c9f86e1b6274d3ac09259f3e9beda78989aa8870ea6e1f9d
demo:5788,ai_note,黑人的头上顶着三个大字：艾滋病其他乱搞的外国人也是垃圾渣滓，怎么了？,hate,"[""Racism"", ""Region""]",,明确把黑人与艾滋病相连，并以垃圾渣滓辱骂被指乱搞的外国人，拟 2／Racism、Region。泛用骂词未像 #2750 一样建立材料本质低等类比；未见独立个人对象，不额外加 others。,,,False,evidence-applicability-annotation-policy/v2,53be85f067db620137f8e28e1ad8dba4963da0810ba99576ad1138a9ef96cb97,evidence-applicability-annotation-policy/v2+personal-insult-others.1,c9af65f3ab260493c9f86e1b6274d3ac09259f3e9beda78989aa8870ea6e1f9d
demo:5819,ai_note,要不要一起组队猎杀默和easygirl,hate,"[""Racism"", ""Sexism""]",,直接邀请组队猎杀两个被身份贬称指代的人群，拟 4／Racism、Sexism。“默”的黑犬拆字及黑人贬称用法有外部实例；未见虚构游戏目标或反驳引用语境。,,,False,evidence-applicability-annotation-policy/v2,53be85f067db620137f8e28e1ad8dba4963da0810ba99576ad1138a9ef96cb97,evidence-applicability-annotation-policy/v2+personal-insult-others.1,c9af65f3ab260493c9f86e1b6274d3ac09259f3e9beda78989aa8870ea6e1f9d
demo:5855,ai_note,啊对对对，众所周知：河南，河北是不存在同性恋的。🤣,non-hate,"[""Region"", ""LGBTQ""]",,反讽表面断言的实际含义是两地也有同性恋，没有从该推论得到新的污名命题，拟 0／Region、LGBTQ。按 #5416 的方法检查实际含义，不因反讽形式单独赋分。,,,False,evidence-applicability-annotation-policy/v2,53be85f067db620137f8e28e1ad8dba4963da0810ba99576ad1138a9ef96cb97,evidence-applicability-annotation-policy/v2+personal-insult-others.1,c9af65f3ab260493c9f86e1b6274d3ac09259f3e9beda78989aa8870ea6e1f9d
demo:5865,human_with_ai,本质上就是被身份政治洗脑，转移矛盾的傀儡罢了，西方犹资的老套路了，不能只看到表象，要知道幕后黑手是谁,non-hate,[],,用户明确判 0／[]：整句仍只谈抽象政治、资本或制度。当前 hate 依默认映射为 non-hate；不把“犹资”或“傀儡”补成已确认的人群攻击。分数与空 group 来自用户，辅助字段仍为 AI 整理。,group,0 / []：整句仍只谈抽象政治、资本或制度,False,evidence-applicability-annotation-policy/v2,53be85f067db620137f8e28e1ad8dba4963da0810ba99576ad1138a9ef96cb97,evidence-applicability-annotation-policy/v2+personal-insult-others.1,c9af65f3ab260493c9f86e1b6274d3ac09259f3e9beda78989aa8870ea6e1f9d
demo:5868,ai_note,其实我觉得东北还好啦，你碰上的大概是个例，因为对大多数东北人来说中国除了东北人都算是南方人......尤其是东北人对家乡文化一般都不太自信,non-hate,"[""Region""]",,为东北居民辩护，并描述家乡文化自信；“不太自信”在这里没有人格羞辱或歧视命题，拟 0／Region。,,,False,evidence-applicability-annotation-policy/v2,53be85f067db620137f8e28e1ad8dba4963da0810ba99576ad1138a9ef96cb97,evidence-applicability-annotation-policy/v2+personal-insult-others.1,c9af65f3ab260493c9f86e1b6274d3ac09259f3e9beda78989aa8870ea6e1f9d
demo:5900,ai_note,东南亚小国，人家肤色都跟我们一样！说的不好听点，好多小国以前还被中国统治过～这能一样吗？混淆概念呢,non-hate,"[""Racism"", ""Region""]",,用户明确判 0：当前文字没有明确贬损。当前 hate 依默认映射为 non-hate；Racism、Region 沿用 AI 的讨论类别草稿，没有把本次单独的分数回复记作 group 裁决。,,,False,evidence-applicability-annotation-policy/v2,53be85f067db620137f8e28e1ad8dba4963da0810ba99576ad1138a9ef96cb97,evidence-applicability-annotation-policy/v2+personal-insult-others.1,c9af65f3ab260493c9f86e1b6274d3ac09259f3e9beda78989aa8870ea6e1f9d
demo:5919,ai_note,道德绑架够溜 你没有反对我们不喜欢同性恋的权利 正如你没有反对地球是圆的权利 这些必须就这样 不然你就是双标,hate,"[""LGBTQ"", ""others""]",,用户明确判 1：轻度人格贬评和强硬争辩。当前 hate 依默认映射为 hate；不将“没有反对的权利”单独上调为严重排斥。LGBTQ、others 沿用 AI 类别草稿。,,,False,evidence-applicability-annotation-policy/v2,53be85f067db620137f8e28e1ad8dba4963da0810ba99576ad1138a9ef96cb97,evidence-applicability-annotation-policy/v2+personal-insult-others.1,c9af65f3ab260493c9f86e1b6274d3ac09259f3e9beda78989aa8870ea6e1f9d
demo:5924,ai_note,同性恋总是爱跟异性恋比较，认为自己做的错事别人也会做所以把自己做的错事合理化，只会不断错下去乱下去。连染艾染病后也觉得跟异性恋差不多。同性恋不会正视自己跟异性恋生活上的不同之处，只会看异性恋的缺点不会看异性恋的优点,hate,"[""LGBTQ"", ""others""]",,反复把同性恋概括为不知悔改、混乱并染病，拟 2；异性恋也作为比较单位，保留 LGBTQ、others。参照 #5416 的疾病污名而非只看是否显式骂词。,,,False,evidence-applicability-annotation-policy/v2,53be85f067db620137f8e28e1ad8dba4963da0810ba99576ad1138a9ef96cb97,evidence-applicability-annotation-policy/v2+personal-insult-others.1,c9af65f3ab260493c9f86e1b6274d3ac09259f3e9beda78989aa8870ea6e1f9d
demo:5998,human_with_ai,是被阿娜夺舍了吗我寻思着就阿娜这个水平应该也学不会盗号啊,hate,"[""others""]",,用户明确判 1／others，只确认对具体人的能力讥讽。当前 hate 依默认映射为 hate；当前句子不采用未证实的女性贬称或怪物非人化读法。该裁定不确认或否定“阿娜”在其他语境中的词义。,group,1 / others：只确认对具体人的能力讥讽,False,evidence-applicability-annotation-policy/v2,53be85f067db620137f8e28e1ad8dba4963da0810ba99576ad1138a9ef96cb97,evidence-applicability-annotation-policy/v2+personal-insult-others.1,c9af65f3ab260493c9f86e1b6274d3ac09259f3e9beda78989aa8870ea6e1f9d
demo:6006,ai_note,看了那么多回答，没看到因为说害怕艾滋，搞不懂，男人娶黑女白女好像他们就没啥意见了，女人搞黑哥白男，他们反应好大，看不懂,non-hate,"[""Racism"", ""Sexism""]",,质疑对男女跨种族关系的双重标准，未另外认可种族污名或个人辱骂，拟 0／Racism、Sexism。“黑哥”等称呼在此没有独立可识别的攻击语气。,,,False,evidence-applicability-annotation-policy/v2,53be85f067db620137f8e28e1ad8dba4963da0810ba99576ad1138a9ef96cb97,evidence-applicability-annotation-policy/v2+personal-insult-others.1,c9af65f3ab260493c9f86e1b6274d3ac09259f3e9beda78989aa8870ea6e1f9d
demo:6035,ai_note,哈哈雀食，上大人果然都是你这样😄,non-hate,"[""others""]",,“上大人”有上海大学成员的直接使用证据；当前按学校身份取 others，不按学校名称补 Region。“你这样”的具体性质缺失，当前文字没有明确贬损命题，沿用 #4744 取 0。,,,False,evidence-applicability-annotation-policy/v2,53be85f067db620137f8e28e1ad8dba4963da0810ba99576ad1138a9ef96cb97,evidence-applicability-annotation-policy/v2+personal-insult-others.1,c9af65f3ab260493c9f86e1b6274d3ac09259f3e9beda78989aa8870ea6e1f9d
demo:6074,ai_note,啊这不给他们开除女权,non-hate,"[""Sexism""]",,用户明确判 0：当前没有具体攻击命题。当前 hate 依默认映射为 non-hate；不从省略的开除理由补出双标指控。Sexism 沿用 AI 讨论类别草稿。,,,False,evidence-applicability-annotation-policy/v2,53be85f067db620137f8e28e1ad8dba4963da0810ba99576ad1138a9ef96cb97,evidence-applicability-annotation-policy/v2+personal-insult-others.1,c9af65f3ab260493c9f86e1b6274d3ac09259f3e9beda78989aa8870ea6e1f9d
demo:6083,ai_note,因为大家有家庭有事业，上学工作，没时间整天拿个手机在网上看它们打残虹拳，它们要么是50w，要么是游手好闲淫虫上脑那类，它们有那跟我们敲键盘的时间还不如去查一下艾淋梅尖,hate,"[""LGBTQ"", ""others""]",,对性少数权益参与者作政治代理、淫乱和疾病污名，拟 2／LGBTQ、others。others 对应实际被评价的政治代理角色；“淫虫上脑”是欲望污名，没有单凭虫字或代词升级为非人化。,,,False,evidence-applicability-annotation-policy/v2,53be85f067db620137f8e28e1ad8dba4963da0810ba99576ad1138a9ef96cb97,evidence-applicability-annotation-policy/v2+personal-insult-others.1,c9af65f3ab260493c9f86e1b6274d3ac09259f3e9beda78989aa8870ea6e1f9d
demo:6114,ai_note,你急什么啊？好国男自然配好国女，你竞争不过好国男，又不想找eg，最后找了个越南🐵，还在这同情好国男呢？好国男表示，你谁啊？可别代表我，我手里没香蕉。哈哈哈。,hate,"[""Region"", ""Sexism"", ""others""]",,用猴与香蕉把越南伴侣动物化，并羞辱受话者、比较男女婚恋身份，拟 3／Region、Sexism、others。参照用户 #528 对国民动物辱称的类别处理，不单由越南国籍或动物词额外推出 Racism。,,,False,evidence-applicability-annotation-policy/v2,53be85f067db620137f8e28e1ad8dba4963da0810ba99576ad1138a9ef96cb97,evidence-applicability-annotation-policy/v2+personal-insult-others.1,c9af65f3ab260493c9f86e1b6274d3ac09259f3e9beda78989aa8870ea6e1f9d
demo:615,ai_note,帖子被删了,non-hate,[],,中性描述删帖，不含攻击或身份评价，取 0／[]。,,,False,evidence-applicability-annotation-policy/v2,53be85f067db620137f8e28e1ad8dba4963da0810ba99576ad1138a9ef96cb97,evidence-applicability-annotation-policy/v2+personal-insult-others.1,c9af65f3ab260493c9f86e1b6274d3ac09259f3e9beda78989aa8870ea6e1f9d
demo:6183,ai_note,以前有个爱狗人士的ID，支持黑人,non-hate,"[""Racism""]",,可见文本仅叙述某 ID 支持黑人；黑人是支持态度的明确对象，取 Racism，拟 0。“爱狗人士”只是所述 ID，不能据并列提及自行补出黑人是狗的攻击命题。,,,False,evidence-applicability-annotation-policy/v2,53be85f067db620137f8e28e1ad8dba4963da0810ba99576ad1138a9ef96cb97,evidence-applicability-annotation-policy/v2+personal-insult-others.1,c9af65f3ab260493c9f86e1b6274d3ac09259f3e9beda78989aa8870ea6e1f9d
demo:6224,ai_note,以偏概全了，什么叫底层人的思维，地位低就必须鼠目寸光吗。就是剥削者，小老板 一样有地域偏见的。嘲讽别人的刻板印象自己却也在偏见，我还见过读过大学的老人一样在捡垃圾呢。什么样的思维看人的想思不是看地位。,non-hate,"[""others""]",,反驳地位、学历、职业和年龄的思维刻板印象，拟 0／others。虽谈地域偏见，却未给出实际地域人群对象，不机械加 Region；反问中的鼠目寸光不算作者认可的攻击。,,,False,evidence-applicability-annotation-policy/v2,53be85f067db620137f8e28e1ad8dba4963da0810ba99576ad1138a9ef96cb97,evidence-applicability-annotation-policy/v2+personal-insult-others.1,c9af65f3ab260493c9f86e1b6274d3ac09259f3e9beda78989aa8870ea6e1f9d
demo:6263,ai_note,八国洋人在天津消灭了九成天津人，天津貌似没有被毁灭啊,non-hate,"[""Region""]",,用户明确判 0：只是描述或区分概念，没有认可攻击。当前 hate 依默认映射为 non-hate；不据伤亡词语推断嘲弄或暴力认可。Region 沿用 AI 讨论类别草稿，未对句中的历史断言作事实认证。,,,False,evidence-applicability-annotation-policy/v2,53be85f067db620137f8e28e1ad8dba4963da0810ba99576ad1138a9ef96cb97,evidence-applicability-annotation-policy/v2+personal-insult-others.1,c9af65f3ab260493c9f86e1b6274d3ac09259f3e9beda78989aa8870ea6e1f9d
demo:6282,ai_note,哈哈是啊我还记得在香港重庆大厦那些各种好闻的香料和难闻的体味混杂让人恍惚到了伊斯坦布尔的经历，，，不得不承认上帝造人太公平，让印巴人种有深潭一样美丽的眼睛和脸部轮廓但就是不能让人近身，，，，，,hate,"[""Racism""]",,把印巴人种概括成因体味而无法接近，拟 2／Racism。外貌赞美不消除后面的身体污名；香港、伊斯坦布尔仅为旅行背景，未另加 Region。,,,False,evidence-applicability-annotation-policy/v2,53be85f067db620137f8e28e1ad8dba4963da0810ba99576ad1138a9ef96cb97,evidence-applicability-annotation-policy/v2+personal-insult-others.1,c9af65f3ab260493c9f86e1b6274d3ac09259f3e9beda78989aa8870ea6e1f9d
demo:6291,ai_note,什么玩意儿。反正我身边的漂亮女同学都跟我玩儿得挺好的，也都很有素质，我也没见过什么乱七八糟的女拳行为啊。少上网，各位。,non-hate,"[""Sexism""]",,为女性同学辩护，否认自己见到被指控的女拳行为；当前没有另行攻击女性或个人，拟 0／Sexism。不从被否定的词组反推作者认可辱骂。,,,False,evidence-applicability-annotation-policy/v2,53be85f067db620137f8e28e1ad8dba4963da0810ba99576ad1138a9ef96cb97,evidence-applicability-annotation-policy/v2+personal-insult-others.1,c9af65f3ab260493c9f86e1b6274d3ac09259f3e9beda78989aa8870ea6e1f9d
demo:6307,ai_note,我不歧视河南，我觉得黑河南是有人带节奏,non-hate,"[""Region""]",,明确反对地域歧视并质疑带节奏行为，没有独立辱骂，取 0／Region。,,,False,evidence-applicability-annotation-policy/v2,53be85f067db620137f8e28e1ad8dba4963da0810ba99576ad1138a9ef96cb97,evidence-applicability-annotation-policy/v2+personal-insult-others.1,c9af65f3ab260493c9f86e1b6274d3ac09259f3e9beda78989aa8870ea6e1f9d
demo:6413,ai_note,咱不说舔狗和理中客的问题，就说这组织力，就不一样，这次的立法可见一斑。举个例子，去年二月，女拳集体冲霹雳霹雳（B站）那次，组织力度之强，声势浩大，都没见过，而且从各方面下手懂得冲合作方，懂得影响股市、带动舆论。而起因仅仅是B站为了平息风波，各打五十大板，既下架了那部动画，又封了那个舔饭圈和女拳的LexBurner，就被骂“辱女”了。它们的口号：LexBurner可以因为辱女被封，但是不能因为舔它们被封。与之相比，微博上连“鲨光男人”都说得出来，别说冲了，骂都没几个人骂过。所以，短时间内，男性会被女性压着，直到在忍耐中爆发,hate,"[""Sexism"", ""others""]",,描述事件时使用女性、社会角色与个人的贬称，并作女性压制男性的泛化，拟 2／Sexism、others。鲨光男人是被批评的引文；忍耐中爆发未明确认可身体暴力，不据两处词面升 4。事件真伪不作为本次赋分依据。,,,False,evidence-applicability-annotation-policy/v2,53be85f067db620137f8e28e1ad8dba4963da0810ba99576ad1138a9ef96cb97,evidence-applicability-annotation-policy/v2+personal-insult-others.1,c9af65f3ab260493c9f86e1b6274d3ac09259f3e9beda78989aa8870ea6e1f9d
demo:6442,ai_note,说明现在法制社会啊←_←大家都挺爱护女性的,non-hate,"[""Sexism""]",,可见文字只说社会爱护女性，语气符号不足以补出女性特权或其他攻击命题；参照用户对不完整上下文的处理取 0／Sexism。,,,False,evidence-applicability-annotation-policy/v2,53be85f067db620137f8e28e1ad8dba4963da0810ba99576ad1138a9ef96cb97,evidence-applicability-annotation-policy/v2+personal-insult-others.1,c9af65f3ab260493c9f86e1b6274d3ac09259f3e9beda78989aa8870ea6e1f9d
demo:6458,ai_note,无风不起浪，我就被河南人骗了几回了，没得洗,hate,"[""Region""]",,以个人遭遇为河南居民的整体负面声誉背书，并否定辩护空间，拟 2／Region。有明确地方群体和骗的负面属性，不沿用 #4744 的空目标处理。,,,False,evidence-applicability-annotation-policy/v2,53be85f067db620137f8e28e1ad8dba4963da0810ba99576ad1138a9ef96cb97,evidence-applicability-annotation-policy/v2+personal-insult-others.1,c9af65f3ab260493c9f86e1b6274d3ac09259f3e9beda78989aa8870ea6e1f9d
