task,original_mask,reviewed_mask,count
hate,0000,0000,2
hate,0000,0001,0
hate,0000,0010,0
hate,0000,0011,0
hate,0000,0100,0
hate,0000,0101,0
hate,0000,0110,0
hate,0000,0111,0
hate,0000,1000,0
hate,0000,1001,0
hate,0000,1010,0
hate,0000,1011,0
hate,0000,1100,0
hate,0000,1101,0
hate,0000,1110,0
hate,0000,1111,1
hate,0001,0000,0
hate,0001,0001,3
hate,0001,0010,0
hate,0001,0011,0
hate,0001,0100,0
hate,0001,0101,0
hate,0001,0110,0
hate,0001,0111,0
hate,0001,1000,0
hate,0001,1001,0
hate,0001,1010,0
hate,0001,1011,0
hate,0001,1100,0
hate,0001,1101,0
hate,0001,1110,2
hate,0001,1111,0
hate,0010,0000,0
hate,0010,0001,0
hate,0010,0010,4
hate,0010,0011,0
hate,0010,0100,0
hate,0010,0101,0
hate,0010,0110,0
hate,0010,0111,0
hate,0010,1000,0
hate,0010,1001,0
hate,0010,1010,0
hate,0010,1011,0
hate,0010,1100,0
hate,0010,1101,1
hate,0010,1110,0
hate,0010,1111,0
hate,0011,0000,0
hate,0011,0001,0
hate,0011,0010,0
hate,0011,0011,2
hate,0011,0100,0
hate,0011,0101,0
hate,0011,0110,0
hate,0011,0111,0
hate,0011,1000,0
hate,0011,1001,0
hate,0011,1010,0
hate,0011,1011,0
hate,0011,1100,2
hate,0011,1101,0
hate,0011,1110,0
hate,0011,1111,0
hate,0100,0000,0
hate,0100,0001,0
hate,0100,0010,0
hate,0100,0011,0
hate,0100,0100,0
hate,0100,0101,0
hate,0100,0110,0
hate,0100,0111,0
hate,0100,1000,0
hate,0100,1001,0
hate,0100,1010,0
hate,0100,1011,0
hate,0100,1100,0
hate,0100,1101,0
hate,0100,1110,0
hate,0100,1111,0
hate,0101,0000,0
hate,0101,0001,0
hate,0101,0010,0
hate,0101,0011,0
hate,0101,0100,0
hate,0101,0101,0
hate,0101,0110,0
hate,0101,0111,0
hate,0101,1000,0
hate,0101,1001,0
hate,0101,1010,0
hate,0101,1011,0
hate,0101,1100,0
hate,0101,1101,0
hate,0101,1110,0
hate,0101,1111,0
hate,0110,0000,0
hate,0110,0001,0
hate,0110,0010,0
hate,0110,0011,0
hate,0110,0100,0
hate,0110,0101,0
hate,0110,0110,1
hate,0110,0111,0
hate,0110,1000,0
hate,0110,1001,0
hate,0110,1010,0
hate,0110,1011,0
hate,0110,1100,0
hate,0110,1101,0
hate,0110,1110,0
hate,0110,1111,0
hate,0111,0000,0
hate,0111,0001,0
hate,0111,0010,0
hate,0111,0011,0
hate,0111,0100,0
hate,0111,0101,0
hate,0111,0110,0
hate,0111,0111,0
hate,0111,1000,1
hate,0111,1001,0
hate,0111,1010,0
hate,0111,1011,0
hate,0111,1100,0
hate,0111,1101,0
hate,0111,1110,0
hate,0111,1111,0
hate,1000,0000,0
hate,1000,0001,0
hate,1000,0010,0
hate,1000,0011,0
hate,1000,0100,0
hate,1000,0101,0
hate,1000,0110,0
hate,1000,0111,0
hate,1000,1000,0
hate,1000,1001,0
hate,1000,1010,0
hate,1000,1011,0
hate,1000,1100,0
hate,1000,1101,0
hate,1000,1110,0
hate,1000,1111,0
hate,1001,0000,0
hate,1001,0001,0
hate,1001,0010,0
hate,1001,0011,0
hate,1001,0100,0
hate,1001,0101,0
hate,1001,0110,0
hate,1001,0111,0
hate,1001,1000,0
hate,1001,1001,0
hate,1001,1010,0
hate,1001,1011,0
hate,1001,1100,0
hate,1001,1101,0
hate,1001,1110,0
hate,1001,1111,0
hate,1010,0000,0
hate,1010,0001,0
hate,1010,0010,0
hate,1010,0011,0
hate,1010,0100,0
hate,1010,0101,0
hate,1010,0110,0
hate,1010,0111,0
hate,1010,1000,0
hate,1010,1001,0
hate,1010,1010,2
hate,1010,1011,0
hate,1010,1100,0
hate,1010,1101,0
hate,1010,1110,0
hate,1010,1111,0
hate,1011,0000,0
hate,1011,0001,0
hate,1011,0010,0
hate,1011,0011,0
hate,1011,0100,0
hate,1011,0101,0
hate,1011,0110,0
hate,1011,0111,0
hate,1011,1000,0
hate,1011,1001,0
hate,1011,1010,0
hate,1011,1011,0
hate,1011,1100,0
hate,1011,1101,0
hate,1011,1110,0
hate,1011,1111,0
hate,1100,0000,0
hate,1100,0001,0
hate,1100,0010,0
hate,1100,0011,1
hate,1100,0100,0
hate,1100,0101,0
hate,1100,0110,0
hate,1100,0111,0
hate,1100,1000,0
hate,1100,1001,0
hate,1100,1010,0
hate,1100,1011,0
hate,1100,1100,2
hate,1100,1101,0
hate,1100,1110,0
hate,1100,1111,0
hate,1101,0000,0
hate,1101,0001,0
hate,1101,0010,1
hate,1101,0011,0
hate,1101,0100,0
hate,1101,0101,0
hate,1101,0110,0
hate,1101,0111,0
hate,1101,1000,0
hate,1101,1001,0
hate,1101,1010,0
hate,1101,1011,0
hate,1101,1100,0
hate,1101,1101,0
hate,1101,1110,0
hate,1101,1111,0
hate,1110,0000,0
hate,1110,0001,0
hate,1110,0010,0
hate,1110,0011,0
hate,1110,0100,0
hate,1110,0101,0
hate,1110,0110,0
hate,1110,0111,0
hate,1110,1000,0
hate,1110,1001,0
hate,1110,1010,0
hate,1110,1011,0
hate,1110,1100,0
hate,1110,1101,0
hate,1110,1110,1
hate,1110,1111,0
hate,1111,0000,0
hate,1111,0001,0
hate,1111,0010,0
hate,1111,0011,0
hate,1111,0100,0
hate,1111,0101,0
hate,1111,0110,0
hate,1111,0111,0
hate,1111,1000,0
hate,1111,1001,0
hate,1111,1010,0
hate,1111,1011,0
hate,1111,1100,0
hate,1111,1101,0
hate,1111,1110,0
hate,1111,1111,6
group,0000,0000,3
group,0000,0001,0
group,0000,0010,0
group,0000,0011,1
group,0000,0100,0
group,0000,0101,0
group,0000,0110,0
group,0000,0111,0
group,0000,1000,0
group,0000,1001,0
group,0000,1010,0
group,0000,1011,1
group,0000,1100,1
group,0000,1101,0
group,0000,1110,0
group,0000,1111,2
group,0001,0000,3
group,0001,0001,2
group,0001,0010,0
group,0001,0011,0
group,0001,0100,0
group,0001,0101,0
group,0001,0110,0
group,0001,0111,0
group,0001,1000,0
group,0001,1001,0
group,0001,1010,0
group,0001,1011,0
group,0001,1100,0
group,0001,1101,0
group,0001,1110,0
group,0001,1111,0
group,0010,0000,0
group,0010,0001,0
group,0010,0010,1
group,0010,0011,0
group,0010,0100,0
group,0010,0101,0
group,0010,0110,0
group,0010,0111,0
group,0010,1000,0
group,0010,1001,0
group,0010,1010,0
group,0010,1011,0
group,0010,1100,0
group,0010,1101,0
group,0010,1110,0
group,0010,1111,0
group,0011,0000,0
group,0011,0001,0
group,0011,0010,0
group,0011,0011,0
group,0011,0100,0
group,0011,0101,0
group,0011,0110,0
group,0011,0111,0
group,0011,1000,0
group,0011,1001,0
group,0011,1010,0
group,0011,1011,0
group,0011,1100,1
group,0011,1101,0
group,0011,1110,0
group,0011,1111,0
group,0100,0000,0
group,0100,0001,0
group,0100,0010,0
group,0100,0011,0
group,0100,0100,0
group,0100,0101,0
group,0100,0110,0
group,0100,0111,0
group,0100,1000,0
group,0100,1001,0
group,0100,1010,0
group,0100,1011,0
group,0100,1100,0
group,0100,1101,0
group,0100,1110,0
group,0100,1111,0
group,0101,0000,0
group,0101,0001,0
group,0101,0010,0
group,0101,0011,0
group,0101,0100,0
group,0101,0101,0
group,0101,0110,0
group,0101,0111,0
group,0101,1000,0
group,0101,1001,0
group,0101,1010,0
group,0101,1011,0
group,0101,1100,0
group,0101,1101,0
group,0101,1110,0
group,0101,1111,0
group,0110,0000,0
group,0110,0001,0
group,0110,0010,0
group,0110,0011,0
group,0110,0100,0
group,0110,0101,0
group,0110,0110,0
group,0110,0111,0
group,0110,1000,0
group,0110,1001,0
group,0110,1010,0
group,0110,1011,0
group,0110,1100,0
group,0110,1101,0
group,0110,1110,0
group,0110,1111,0
group,0111,0000,1
group,0111,0001,0
group,0111,0010,0
group,0111,0011,0
group,0111,0100,0
group,0111,0101,0
group,0111,0110,0
group,0111,0111,0
group,0111,1000,0
group,0111,1001,0
group,0111,1010,0
group,0111,1011,0
group,0111,1100,0
group,0111,1101,0
group,0111,1110,0
group,0111,1111,0
group,1000,0000,1
group,1000,0001,0
group,1000,0010,0
group,1000,0011,0
group,1000,0100,0
group,1000,0101,0
group,1000,0110,0
group,1000,0111,0
group,1000,1000,0
group,1000,1001,0
group,1000,1010,0
group,1000,1011,0
group,1000,1100,0
group,1000,1101,0
group,1000,1110,0
group,1000,1111,0
group,1001,0000,0
group,1001,0001,0
group,1001,0010,0
group,1001,0011,0
group,1001,0100,0
group,1001,0101,0
group,1001,0110,0
group,1001,0111,0
group,1001,1000,0
group,1001,1001,1
group,1001,1010,0
group,1001,1011,0
group,1001,1100,0
group,1001,1101,0
group,1001,1110,0
group,1001,1111,0
group,1010,0000,0
group,1010,0001,0
group,1010,0010,0
group,1010,0011,0
group,1010,0100,0
group,1010,0101,0
group,1010,0110,0
group,1010,0111,0
group,1010,1000,0
group,1010,1001,0
group,1010,1010,2
group,1010,1011,0
group,1010,1100,0
group,1010,1101,0
group,1010,1110,0
group,1010,1111,0
group,1011,0000,0
group,1011,0001,0
group,1011,0010,0
group,1011,0011,0
group,1011,0100,0
group,1011,0101,0
group,1011,0110,0
group,1011,0111,0
group,1011,1000,0
group,1011,1001,0
group,1011,1010,0
group,1011,1011,0
group,1011,1100,0
group,1011,1101,0
group,1011,1110,0
group,1011,1111,0
group,1100,0000,0
group,1100,0001,0
group,1100,0010,0
group,1100,0011,0
group,1100,0100,0
group,1100,0101,0
group,1100,0110,0
group,1100,0111,0
group,1100,1000,0
group,1100,1001,0
group,1100,1010,0
group,1100,1011,0
group,1100,1100,1
group,1100,1101,0
group,1100,1110,0
group,1100,1111,0
group,1101,0000,0
group,1101,0001,0
group,1101,0010,0
group,1101,0011,0
group,1101,0100,0
group,1101,0101,0
group,1101,0110,0
group,1101,0111,0
group,1101,1000,0
group,1101,1001,0
group,1101,1010,0
group,1101,1011,0
group,1101,1100,0
group,1101,1101,0
group,1101,1110,0
group,1101,1111,0
group,1110,0000,0
group,1110,0001,0
group,1110,0010,0
group,1110,0011,0
group,1110,0100,0
group,1110,0101,0
group,1110,0110,0
group,1110,0111,0
group,1110,1000,0
group,1110,1001,0
group,1110,1010,0
group,1110,1011,0
group,1110,1100,0
group,1110,1101,0
group,1110,1110,0
group,1110,1111,0
group,1111,0000,4
group,1111,0001,0
group,1111,0010,0
group,1111,0011,0
group,1111,0100,0
group,1111,0101,0
group,1111,0110,0
group,1111,0111,0
group,1111,1000,0
group,1111,1001,0
group,1111,1010,0
group,1111,1011,0
group,1111,1100,0
group,1111,1101,0
group,1111,1110,0
group,1111,1111,7
