condition_id	query_id	family_id	lexicon_arm	demo_arm	adopted_reference	adopted_severity	m	margin_error_bound	reference_aligned_margin	raw_prediction	resolution	raw_correct	conservative_correct	pair_support_no	legal_mass	log_legal_mass	z_yes	z_no	log_p_yes	log_p_no	physical_score_id	prompt_sha256
CTDJ-G1-absent-none	CTD-G1-v2	CTD-family-01	absent	none	有	2	-25.47872543334961	0.00045013427734375	25.47872543334961	有	resolved_yes	True	True	8.604589146071903e-12	0.9999999999949125	-5.087485988042317e-12	56.64964294433594	31.170917510986328	-1.369215851809713e-11	-25.4787254333633	dc817e70-cd48-48f6-8097-eae86f803e76:science:CTEXEC-001	5f81c6c7452a0490975162cb6c3acb6d58e670de083636749d86ed5d2dfe10a5
CTDJ-G1-L-none	CTD-G1-v2	CTD-family-01	L	none	有	2	-23.84607696533203	0.00045013427734375	23.84607696533203	有	resolved_yes	True	True	4.40332112595541e-11	0.9999999999933635	-6.636469151999336e-12	55.91239547729492	32.06631851196289	-5.0668802487052744e-11	-23.8460769653827	dc817e70-cd48-48f6-8097-eae86f803e76:science:CTEXEC-002	50f4994f8597429626736c0b4adbdc4417701fc93268d8885b9d0c45cac299c8
CTDJ-G1-N-none	CTD-G1-v2	CTD-family-01	N	none	有	2	-21.965429306030273	0.00045013427734375	21.965429306030273	有	resolved_yes	True	True	2.8875882080432903e-10	0.9999999999819522	-1.8047785488306545e-11	53.94938659667969	31.983957290649414	-3.0680524787385366e-10	-21.96542930633708	dc817e70-cd48-48f6-8097-eae86f803e76:science:CTEXEC-003	775a3a2cac0d7602becbbd9e8e4949ae19c7c738b9c970929bfcc85f5b003ff2
CTDJ-G1-absent-same_A	CTD-G1-v2	CTD-family-01	absent	same_A	有	2	-25.034420013427734	0.00045013427734375	25.034420013427734	有	resolved_yes	True	True	1.3418053851194074e-11	0.9999999999933706	-6.629363724641735e-12	56.257240295410156	31.222820281982422	-2.0044410575792426e-11	-25.03442001344778	dc817e70-cd48-48f6-8097-eae86f803e76:science:CTEXEC-004	04f7b3feacb372043bfe77f9eb207280d53645cf61fd8851c37d9bf2ebb61bac
CTDJ-G1-L-same_A	CTD-G1-v2	CTD-family-01	L	same_A	有	2	-24.796178817749023	0.00045013427734375	24.796178817749023	有	resolved_yes	True	True	1.7027714786736195e-11	0.9999999999945715	-5.4285465012071654e-12	56.11318588256836	31.317007064819336	-2.2453150450019166e-11	-24.796178817771477	dc817e70-cd48-48f6-8097-eae86f803e76:science:CTEXEC-005	054fe423dc3941b81eb6dd9171f6a72e920c1c7adc88fca228e02f6b1cfde0dd
CTDJ-G1-N-same_A	CTD-G1-v2	CTD-family-01	N	same_A	有	2	-24.14898681640625	0.00045013427734375	24.14898681640625	有	resolved_yes	True	True	3.252582208273046e-11	0.9999999999936691	-6.330935775622493e-12	55.750511169433594	31.601524353027344	-3.885958221871988e-11	-24.14898681644511	dc817e70-cd48-48f6-8097-eae86f803e76:science:CTEXEC-006	01d8e2027358c2ba3befd0c279db1f21906347779e4e39dd6738394138f842ca
CTDJ-G1-absent-same_B	CTD-G1-v2	CTD-family-01	absent	same_B	有	2	-23.062458038330078	0.00045013427734375	23.062458038330078	有	resolved_yes	True	True	9.640548299129195e-11	0.999999999984297	-1.5702994460298214e-11	55.1127815246582	32.050323486328125	-1.1210943284822861e-10	-23.062458038442188	dc817e70-cd48-48f6-8097-eae86f803e76:science:CTEXEC-007	a396aa92aad93788edc7793e432eb11a14ee8d02003d61fc33b664d31550a393
CTDJ-G1-L-same_B	CTD-G1-v2	CTD-family-01	L	same_B	有	2	-22.092327117919922	0.00045013427734375	22.092327117919922	有	resolved_yes	True	True	2.5434560651953417e-10	0.9999999999902229	-9.777068044058979e-12	55.0202751159668	32.927947998046875	-2.6412294573674444e-10	-22.092327118184045	dc817e70-cd48-48f6-8097-eae86f803e76:science:CTEXEC-008	3f3ef75ec9a92912df8ea9b95e4ae44c1663a9b9b9f2ea1ab2d1f5d2c77963f8
CTDJ-G1-N-same_B	CTD-G1-v2	CTD-family-01	N	same_B	有	2	-20.19327163696289	0.00045013427734375	20.19327163696289	有	resolved_yes	True	True	1.6989224519254015e-09	0.9999999999756142	-2.4385826691286638e-11	53.353939056396484	33.160667419433594	-1.7233077187484014e-09	-20.1932716386862	dc817e70-cd48-48f6-8097-eae86f803e76:science:CTEXEC-009	a01ddfa5797ea82b5efa5cbd2c605c5fc259197a298def32da18003ee75a65e7
CTDJ-G2-absent-none	CTD-G2-v2	CTD-family-01	absent	none	无	0	30.414289474487305	0.00045013427734375	30.414289474487305	无	resolved_no	True	True	0.9999999999999383	0.9999991606225335	-8.393778188064971e-07	21.69632911682129	52.110618591308594	-30.414290313865187	-8.393778827553433e-07	dc817e70-cd48-48f6-8097-eae86f803e76:science:CTEXEC-010	d43cad7450692e1171cbd137ac634bc7925bf29a2bc473ab5cab0503c794feb3
CTDJ-G2-L-none	CTD-G2-v2	CTD-family-01	L	none	无	0	22.67304039001465	0.00045013427734375	22.67304039001465	无	resolved_no	True	True	0.9999999998576938	0.9999984277363364	-1.5722648996074895e-06	31.165037155151367	53.838077545166016	-22.673041962421856	-1.5724072071066075e-06	dc817e70-cd48-48f6-8097-eae86f803e76:science:CTEXEC-011	e0f76c126683bc7e7dc21281ae769eacde521af8bbdb58784ac60e9580143aa6
CTDJ-G2-N-none	CTD-G2-v2	CTD-family-01	N	none	无	0	28.913047790527344	0.00045013427734375	28.913047790527344	无	resolved_no	True	True	0.9999999999997224	0.9999984249085229	-1.5750927175872675e-06	23.518325805664062	52.431373596191406	-28.91304936562034	-1.5750929946989345e-06	dc817e70-cd48-48f6-8097-eae86f803e76:science:CTEXEC-012	3f4284993a289f3caf1296a42476065df0e63b5fdb9076af25fa9625a7ef6927
CTDJ-G2-absent-same_A	CTD-G2-v2	CTD-family-01	absent	same_A	无	0	28.836984634399414	0.00045013427734375	28.836984634399414	无	resolved_no	True	True	0.9999999999997007	0.9999998309905608	-1.6900945354336727e-07	25.83902931213379	54.6760139465332	-28.836984803409166	-1.690097519713163e-07	dc817e70-cd48-48f6-8097-eae86f803e76:science:CTEXEC-013	713696ab1000855a65f71bcbdfa887157d30981c0d69c18499e96311051ba525
CTDJ-G2-L-same_A	CTD-G2-v2	CTD-family-01	L	same_A	无	0	29.73406410217285	0.00045013427734375	29.73406410217285	无	resolved_no	True	True	0.9999999999998779	0.999999745116544	-2.5488348853741627e-07	24.569841384887695	54.30390548706055	-29.73406435705646	-2.5488360932968135e-07	dc817e70-cd48-48f6-8097-eae86f803e76:science:CTEXEC-014	dd3ab30358228f1bdd0ca5600a541c687c99814177cdc91418c6d97a3f2ab762
CTDJ-G2-N-same_A	CTD-G2-v2	CTD-family-01	N	same_A	无	0	28.7137393951416	0.00045013427734375	28.7137393951416	无	resolved_no	True	True	0.9999999999996614	0.999999820230075	-1.7976994115542766e-07	25.977392196655273	54.691131591796875	-28.713739574911884	-1.7977028221594082e-07	dc817e70-cd48-48f6-8097-eae86f803e76:science:CTEXEC-015	a12035c0934dc2c23451809db4e36fb524c002fccb8c2a5fd7013831e239bcaf
CTDJ-G2-absent-same_B	CTD-G2-v2	CTD-family-01	absent	same_B	无	0	30.53644371032715	0.00045013427734375	30.53644371032715	无	resolved_no	True	True	0.9999999999999454	0.9999993973956091	-6.026045724638607e-07	21.705663681030273	52.24210739135742	-30.536444312931778	-6.026046293072795e-07	dc817e70-cd48-48f6-8097-eae86f803e76:science:CTEXEC-016	7491416dc47bd958b357cad01bf1865d4d37966ba04646e10dadff351dd0e31f
CTDJ-G2-L-same_B	CTD-G2-v2	CTD-family-01	L	same_B	无	0	28.04368782043457	0.00045013427734375	28.04368782043457	无	resolved_no	True	True	0.9999999999993381	0.9999993393736141	-6.606266040876108e-07	24.542295455932617	52.58598327636719	-28.043688481061835	-6.60627264892355e-07	dc817e70-cd48-48f6-8097-eae86f803e76:science:CTEXEC-017	4b553114c82c09979fbe08521bdaf56c6cc95b3a660dec7bdbe71591bd532f35
CTDJ-G2-N-same_B	CTD-G2-v2	CTD-family-01	N	same_B	无	0	27.854408264160156	0.00045013427734375	27.854408264160156	无	resolved_no	True	True	0.9999999999992002	0.9999995422714303	-4.577286745188758e-07	25.196640014648438	53.051048278808594	-27.854408721889634	-4.577294774321672e-07	dc817e70-cd48-48f6-8097-eae86f803e76:science:CTEXEC-018	81ae218884166307381e35d63f3a9202796316652a05ecd2142ef67098c978a5
CTDJ-G3-absent-none	CTD-G3-v2	CTD-family-01	absent	none	无	0	-17.878421783447266	0.00045013427734375	-17.878421783447266	有	resolved_yes	False	False	1.7198876059394593e-08	0.9999999999849152	-1.5084822280186927e-11	54.75605392456055	36.87763214111328	-1.7213963587892067e-08	-17.87842180066123	dc817e70-cd48-48f6-8097-eae86f803e76:science:CTEXEC-019	d433775ad749a9bf50941e1bbfbad5999ea5975dafa6252ad3e8c0929329ce82
CTDJ-G3-L-none	CTD-G3-v2	CTD-family-01	L	none	无	0	-4.305095672607422	0.00045013427734375	-4.305095672607422	有	resolved_yes	False	False	0.013319782286447989	0.9999999972578877	-2.7421123149906634e-09	53.24987030029297	48.94477462768555	-0.013409288999426394	-4.318504961606848	dc817e70-cd48-48f6-8097-eae86f803e76:science:CTEXEC-020	afe9ac893dd3ba94ef19d636bb13579bdfc0c17f176365f47d9cf6e7f78644d3
CTDJ-G3-N-none	CTD-G3-v2	CTD-family-01	N	none	无	0	-2.4837570190429688	0.00045013427734375	-2.4837570190429688	有	resolved_yes	False	False	0.07700474722251102	0.9999999817050453	-1.8294954884368053e-08	51.953765869140625	49.470008850097656	-0.08013120604045554	-2.5638882250834243	dc817e70-cd48-48f6-8097-eae86f803e76:science:CTEXEC-021	575f48c544b7329ab0b05ce3839784d8ef30ca8d3b1fe8484ebc79236abe50c8
CTDJ-G3-absent-same_A	CTD-G3-v2	CTD-family-01	absent	same_A	无	0	-10.159080505371094	0.00045013427734375	-10.159080505371094	有	resolved_yes	False	False	3.8721357859759875e-05	0.9999999999588596	-4.11404244005098e-11	53.56987762451172	43.410797119140625	-3.872214869460322e-05	-10.159119227519788	dc817e70-cd48-48f6-8097-eae86f803e76:science:CTEXEC-022	bc710f64cb7d486e70f9ed99fce00a18db7c52f6456b8a835c75a250d3b5993b
CTDJ-G3-L-same_A	CTD-G3-v2	CTD-family-01	L	same_A	无	0	3.7855186462402344	0.00045013427734375	3.7855186462402344	无	resolved_no	True	True	0.9778066367536462	0.9999999460656724	-5.393432900291373e-08	51.1486930847168	54.93421173095703	-3.80796204160049	-0.022443395360255636	dc817e70-cd48-48f6-8097-eae86f803e76:science:CTEXEC-023	43d360eb44ab2577acdb69e89dd8cc2197771afb9bfad6d91fde95a7b4a1eb62
CTDJ-G3-N-same_A	CTD-G3-v2	CTD-family-01	N	same_A	无	0	-4.4964752197265625	0.00045013427734375	-4.4964752197265625	有	resolved_yes	False	False	0.01102530979512578	0.9999999989715462	-1.0284537665938842e-09	53.94898986816406	49.4525146484375	-0.011086540014758839	-4.507561759741321	dc817e70-cd48-48f6-8097-eae86f803e76:science:CTEXEC-024	dcb7199179b9f2d03e59420671beda736044ee4ddba9b08ff705698392e482b6
CTDJ-G3-absent-same_B	CTD-G3-v2	CTD-family-01	absent	same_B	无	0	-3.0465126037597656	0.00045013427734375	-3.0465126037597656	有	resolved_yes	False	False	0.045368273347311416	0.9999999965748003	-3.4251996794409933e-09	53.066097259521484	50.01958465576172	-0.046429642841332	-3.0929422466010976	dc817e70-cd48-48f6-8097-eae86f803e76:science:CTEXEC-025	94b6bb54baff7a8abe3c8f8b0b1cab2e71f241052abf378cd0894ac04fc2e4b6
CTDJ-G3-L-same_B	CTD-G3-v2	CTD-family-01	L	same_B	无	0	-1.285888671875	0.00045013427734375	-1.285888671875	有	resolved_yes	False	False	0.21654950867885278	0.9999999811656652	-1.8834334980510903e-08	52.74607467651367	51.46018600463867	-0.24404742714116878	-1.5299360990161688	dc817e70-cd48-48f6-8097-eae86f803e76:science:CTEXEC-026	6199790527aa53e8b1b5eb0f18a90cae30b3f11d7c0b141a080a64dbfb409876
CTDJ-G3-N-same_B	CTD-G3-v2	CTD-family-01	N	same_B	无	0	-3.7055816650390625	0.00045013427734375	-3.7055816650390625	有	resolved_yes	False	False	0.023995950113529663	0.9999999976085974	-2.391402631474193e-09	53.18233108520508	49.476749420166016	-0.0242885454952102	-3.7298702105342727	dc817e70-cd48-48f6-8097-eae86f803e76:science:CTEXEC-027	6c6e55391b4db46b61ab5b720e8b8b8673ff5ecb49fae01724685751504b080c
CTDJ-G4-absent-none	CTD-G4-v2	CTD-family-01	absent	none	有	1	-25.643508911132812	0.00045013427734375	25.643508911132812	有	resolved_yes	True	True	7.297356832060633e-12	0.9999999999928164	-7.183587058534613e-12	55.752471923828125	30.108963012695312	-1.4480860954790842e-11	-25.643508911147293	dc817e70-cd48-48f6-8097-eae86f803e76:science:CTEXEC-028	ee2dbc6242057bb774be0eb51303184d894d2fa1132fde4537ee3dae052f819f
CTDJ-G4-L-none	CTD-G4-v2	CTD-family-01	L	none	有	1	-22.55258560180664	0.00045013427734375	22.55258560180664	有	resolved_yes	True	True	1.6052272381678916e-10	0.9999999999899032	-1.0096812275151024e-11	54.70961380004883	32.15702819824219	-1.7062262713807286e-10	-22.552585601977263	dc817e70-cd48-48f6-8097-eae86f803e76:science:CTEXEC-029	38921be0de16dad37d6738ce834231fd8654defd0effef1963e9144c71d40ac1
CTDJ-G4-N-none	CTD-G4-v2	CTD-family-01	N	none	有	1	-21.255577087402344	0.00045013427734375	21.255577087402344	有	resolved_yes	True	True	5.872461267466358e-10	0.999999999979515	-2.0484947071963688e-11	53.187923431396484	31.93234634399414	-6.077343073229713e-10	-21.255577088010078	dc817e70-cd48-48f6-8097-eae86f803e76:science:CTEXEC-030	2fbc8839a4dcfbe67c5c89621c0823089ccf60072df974c1a1aea6e1ee59f27c
CTDJ-G4-absent-same_A	CTD-G4-v2	CTD-family-01	absent	same_A	有	1	-25.034006118774414	0.00045013427734375	25.034006118774414	有	resolved_yes	True	True	1.34236086614148e-11	0.9999999999946354	-5.364597654988756e-12	55.92621612548828	30.892210006713867	-1.878674993349705e-11	-25.0340061187932	dc817e70-cd48-48f6-8097-eae86f803e76:science:CTEXEC-031	43617a5bf90e70470980d9557c7dd316ed988378c0391d9dc4ed2c7b0c2ecb20
CTDJ-G4-L-same_A	CTD-G4-v2	CTD-family-01	L	same_A	有	1	-22.661911010742188	0.00045013427734375	22.661911010742188	有	resolved_yes	True	True	1.4389877558157043e-10	0.9999999999838636	-1.6136425529111875e-11	53.78293991088867	31.121028900146484	-1.6003554037524736e-10	-22.661911010902223	dc817e70-cd48-48f6-8097-eae86f803e76:science:CTEXEC-032	b85263f58628e85bf8bb15d0783aa4c6924f5de5fcf00e3aa6b9c7ecf34ad4be
CTDJ-G4-N-same_A	CTD-G4-v2	CTD-family-01	N	same_A	有	1	-22.31259536743164	0.00045013427734375	22.31259536743164	有	resolved_yes	True	True	2.0406238344404206e-10	0.9999999999845102	-1.5489831639570184e-11	53.77939224243164	31.466796875	-2.1955059992251336e-10	-22.31259536765119	dc817e70-cd48-48f6-8097-eae86f803e76:science:CTEXEC-033	c91e03e539ddc3c83ceb85f1e66f56207f1f2cd52bdb139238beb951b5599d91
CTDJ-G4-absent-same_B	CTD-G4-v2	CTD-family-01	absent	same_B	有	1	-22.811988830566406	0.00045013427734375	22.811988830566406	有	resolved_yes	True	True	1.2384518595773085e-10	0.999999999991573	-8.427036846114788e-12	55.19769287109375	32.385704040527344	-1.3227463568910025e-10	-22.81198883069868	dc817e70-cd48-48f6-8097-eae86f803e76:science:CTEXEC-034	444fcb4eba228f3c6a9ab50546b7f2450b44197626162cd8a1ba00ba6e340f6f
CTDJ-G4-L-same_B	CTD-G4-v2	CTD-family-01	L	same_B	有	1	-19.933727264404297	0.00045013427734375	19.933727264404297	有	resolved_yes	True	True	2.202379948326107e-09	0.9999999999905	-9.49995637711254e-12	54.88859558105469	34.95486831665039	-2.2118769038570463e-09	-19.933727266616174	dc817e70-cd48-48f6-8097-eae86f803e76:science:CTEXEC-035	20aaec1f78b281586ef61c6e55778cfd19f460bcd8cbef06ab968735f23aabcb
CTDJ-G4-N-same_B	CTD-G4-v2	CTD-family-01	N	same_B	有	1	-20.430809020996094	0.00045013427734375	20.430809020996094	有	resolved_yes	True	True	1.3397148792058648e-09	0.9999999999882334	-1.1766587704187259e-11	54.53106689453125	34.100257873535156	-1.351480705125141e-09	-20.430809022347574	dc817e70-cd48-48f6-8097-eae86f803e76:science:CTEXEC-036	be4c6fe382856ce8e8211dde103b3d76d96a3c579f35f9c9cf5e31b8deafb14a
CTDJ-J1-absent-none	CTD-J1-v2	CTD-family-02	absent	none	有	2	-24.084075927734375	0.00045013427734375	24.084075927734375	有	resolved_yes	True	True	3.470713162462448e-11	0.9999999999930651	-6.934897101018578e-12	56.07533264160156	31.991256713867188	-4.164490974289947e-11	-24.08407592777602	dc817e70-cd48-48f6-8097-eae86f803e76:science:CTEXEC-037	f508c10dfb8608cca9dd4355c1a9ee86234ae831e849d9df0f029e54b0744adb
CTDJ-J1-L-none	CTD-J1-v2	CTD-family-02	L	none	有	2	-22.857067108154297	0.00045013427734375	22.857067108154297	有	resolved_yes	True	True	1.183864185473973e-10	0.9999999999942091	-5.7909232964448165e-12	55.81390380859375	32.95683670043945	-1.241744485014351e-10	-22.85706710827847	dc817e70-cd48-48f6-8097-eae86f803e76:science:CTEXEC-038	ddb8e41f70b817100bfbf317331ecbdd1c8b51aef2042eb5092ce9e50536fc31
CTDJ-J1-N-none	CTD-J1-v2	CTD-family-02	N	none	有	2	-21.212158203125	0.00045013427734375	21.212158203125	有	resolved_yes	True	True	6.133053354623164e-10	0.9999999999845954	-1.5404566511278972e-11	54.00517272949219	32.79301452636719	-6.287095288826094e-10	-21.21215820375371	dc817e70-cd48-48f6-8097-eae86f803e76:science:CTEXEC-039	129b957cd170e7c3645bd5f8c083034f464660b13a7c5e0a3196508228822f09
CTDJ-J1-absent-same_A	CTD-J1-v2	CTD-family-02	absent	same_A	有	2	-25.379100799560547	0.00045013427734375	25.379100799560547	有	resolved_yes	True	True	9.505972795451366e-12	0.9999999999940385	-5.9614535530272406e-12	56.87501907348633	31.49591827392578	-1.546851535749738e-11	-25.379100799576015	dc817e70-cd48-48f6-8097-eae86f803e76:science:CTEXEC-040	70104ace565fcd63b1b0c28e1a87cc474c46e544c6ad52bae0f459cc40239f86
CTDJ-J1-L-same_A	CTD-J1-v2	CTD-family-02	L	same_A	有	2	-26.47227668762207	0.00045013427734375	26.47227668762207	有	resolved_yes	True	True	3.185930599529861e-12	0.9999999999977689	-2.2311041902867146e-12	57.54194641113281	31.069669723510742	-5.4143356464919634e-12	-26.472276687627485	dc817e70-cd48-48f6-8097-eae86f803e76:science:CTEXEC-041	3547b00266578893b8adaf82d1db99cef39efda65589ef4e3d3f463269ae8822
CTDJ-J1-N-same_A	CTD-J1-v2	CTD-family-02	N	same_A	有	2	-24.63435935974121	0.00045013427734375	24.63435935974121	有	resolved_yes	True	True	2.0018598294323177e-11	0.999999999995751	-4.249045559845399e-12	56.3639030456543	31.729543685913086	-2.426503442620742e-11	-24.634359359765476	dc817e70-cd48-48f6-8097-eae86f803e76:science:CTEXEC-042	08cee8674c1894d2a0cd1de181b6de4d261289fbc217ce1cb8f8118f99de593e
CTDJ-J1-absent-same_B	CTD-J1-v2	CTD-family-02	absent	same_B	有	2	-24.28902816772461	0.00045013427734375	24.28902816772461	有	resolved_yes	True	True	2.8275422040704846e-11	0.9999999999926104	-7.389644451905042e-12	56.541412353515625	32.252384185791016	-3.566213990779943e-11	-24.28902816776027	dc817e70-cd48-48f6-8097-eae86f803e76:science:CTEXEC-043	ee628469fe3a5f1dbd1bbe77c60a52f81398f15101d0fb1dcd877d3f5c4a6b65
CTDJ-J1-L-same_B	CTD-J1-v2	CTD-family-02	L	same_B	有	2	-23.05929946899414	0.00045013427734375	23.05929946899414	有	resolved_yes	True	True	9.67104677979259e-11	0.9999999999947633	-5.236699962551938e-12	55.721038818359375	32.661739349365234	-1.0194867172685917e-10	-23.05929946909609	dc817e70-cd48-48f6-8097-eae86f803e76:science:CTEXEC-044	f15ecde7b6fc782938441b20a19cfddc221922123830e76b843bf5dc042a1691
CTDJ-J1-N-same_B	CTD-J1-v2	CTD-family-02	N	same_B	有	2	-22.443134307861328	0.00045013427734375	22.443134307861328	有	resolved_yes	True	True	1.7908970183500543e-10	0.999999999993392	-6.608047442568932e-12	55.33936309814453	32.8962287902832	-1.8570034399090218e-10	-22.44313430804703	dc817e70-cd48-48f6-8097-eae86f803e76:science:CTEXEC-045	28d9c6a9c44f2cc7491f5652c3c53c896b0aadee0872c7cf541fee534d342cec
CTDJ-J2-absent-none	CTD-J2-v2	CTD-family-02	absent	none	无	0	22.465961456298828	0.00045013427734375	22.465961456298828	无	resolved_no	True	True	0.999999999824952	0.9999980106729075	-1.9893290712502676e-06	29.819965362548828	52.285926818847656	-22.46596344580295	-1.9895041205586494e-06	dc817e70-cd48-48f6-8097-eae86f803e76:science:CTEXEC-046	df5d2fc835cc6ef82c721f19523502678fe8015752b69c07c46080151819b55a
CTDJ-J2-L-none	CTD-J2-v2	CTD-family-02	L	none	无	0	-10.785945892333984	0.00045013427734375	-10.785945892333984	有	resolved_yes	False	False	2.0687796339857744e-05	0.9999999999116866	-8.831335662762285e-11	51.96525192260742	41.17930603027344	-2.0688098651078235e-05	-10.785966580432635	dc817e70-cd48-48f6-8097-eae86f803e76:science:CTEXEC-047	4975ae7d3487bd68114ae637cf922f6d7cfa93175a2a8fd8e195cc148da6b544
CTDJ-J2-N-none	CTD-J2-v2	CTD-family-02	N	none	无	0	17.076854705810547	0.00045013427734375	17.076854705810547	无	resolved_no	True	True	0.9999999616631684	0.9999979832339976	-2.016768036128269e-06	35.94811248779297	53.024967193603516	-17.076856760915412	-2.055104864950863e-06	dc817e70-cd48-48f6-8097-eae86f803e76:science:CTEXEC-048	7cb10b94196f9ce5e5a2e3d88034ade74348b4e3f1d83379204b5032538e71c3
CTDJ-J2-absent-same_A	CTD-J2-v2	CTD-family-02	absent	same_A	无	0	29.222402572631836	0.00045013427734375	29.222402572631836	无	resolved_no	True	True	0.9999999999997964	0.9999993560813903	-6.439188169338195e-07	23.739591598510742	52.96199417114258	-29.22240321655086	-6.439190229912128e-07	dc817e70-cd48-48f6-8097-eae86f803e76:science:CTEXEC-049	3578cffcc42fe25d4e811189d8b8a5e24566184a92b90eebbd8cad45b1e96b8f
CTDJ-J2-L-same_A	CTD-J2-v2	CTD-family-02	L	same_A	无	0	24.24947166442871	0.00045013427734375	24.24947166442871	无	resolved_no	True	True	0.9999999999705838	0.9999962005774337	-3.7994297841237312e-06	25.674482345581055	49.923954010009766	-24.24947546388791	-3.7994592005929917e-06	dc817e70-cd48-48f6-8097-eae86f803e76:science:CTEXEC-050	99723658946928ce05fef8cf305f9bb06c046ad048e3c1ec3133d23e901513c5
CTDJ-J2-N-same_A	CTD-J2-v2	CTD-family-02	N	same_A	无	0	24.915264129638672	0.00045013427734375	24.915264129638672	无	resolved_no	True	True	0.9999999999848839	0.9999987856342029	-1.2143665344410692e-06	26.976932525634766	51.89219665527344	-24.91526534402032	-1.2143816476850589e-06	dc817e70-cd48-48f6-8097-eae86f803e76:science:CTEXEC-051	c097b373f614a6eebc458b2d49abb4d046cd83680c5292506b9dbde399b8a3bc
CTDJ-J2-absent-same_B	CTD-J2-v2	CTD-family-02	absent	same_B	无	0	23.555461883544922	0.00045013427734375	23.555461883544922	无	resolved_no	True	True	0.9999999999411167	0.9999996552435729	-3.4475648647003254e-07	32.21753692626953	55.77299880981445	-23.55546222836029	-3.44815369146545e-07	dc817e70-cd48-48f6-8097-eae86f803e76:science:CTEXEC-052	ee42c55596451be05af32aef301d681db33e5c1dd1a099142a79f94365c97e9d
CTDJ-J2-L-same_B	CTD-J2-v2	CTD-family-02	L	same_B	无	0	21.85126495361328	0.00045013427734375	21.85126495361328	无	resolved_no	True	True	0.9999999996763198	0.9999990523852786	-9.476151703324831e-07	32.05670166015625	53.90796661376953	-21.851265901552132	-9.479388509703313e-07	dc817e70-cd48-48f6-8097-eae86f803e76:science:CTEXEC-053	1e5b7449427ad91404e1f520ac3ebdc98c8080f939401dc2c3cadf183e09ee6d
CTDJ-J2-N-same_B	CTD-J2-v2	CTD-family-02	N	same_B	无	0	19.53054428100586	0.00045013427734375	19.53054428100586	无	resolved_no	True	True	0.9999999967039606	0.9999997035300452	-2.964699987728636e-07	36.58975601196289	56.12030029296875	-19.530544580771895	-2.9976603599379814e-07	dc817e70-cd48-48f6-8097-eae86f803e76:science:CTEXEC-054	218921d26aaf2d7ef04757560e64c8448db9cf34c994eb77e40add012748b3c8
CTDJ-J3-absent-none	CTD-J3-v2	CTD-family-02	absent	none	无	0	-19.27337646484375	0.00045013427734375	-19.27337646484375	有	resolved_yes	False	False	4.262642903689934e-09	0.9999999999893987	-1.0601297617540695e-11	54.51537322998047	35.24199676513672	-4.273246645425388e-09	-19.273376469116997	dc817e70-cd48-48f6-8097-eae86f803e76:science:CTEXEC-055	affb1968b424d6a821bf1e896400931aec136cdce05060b669cf62e158b29476
CTDJ-J3-L-none	CTD-J3-v2	CTD-family-02	L	none	无	0	-0.5213470458984375	0.00045013427734375	-0.5213470458984375	有	resolved_yes	False	False	0.3725373032900681	0.9999998763183916	-1.236816160599119e-07	50.16645050048828	49.645103454589844	-0.4660711808990996	-0.9874182267975371	dc817e70-cd48-48f6-8097-eae86f803e76:science:CTEXEC-056	2d8ed0097db277c9c42336352b746cda771ceffe399c0a967246d2d1c593196d
CTDJ-J3-N-none	CTD-J3-v2	CTD-family-02	N	none	无	0	-9.583694458007812	0.00045013427734375	-9.583694458007812	有	resolved_yes	False	False	6.883740401267461e-05	0.9999999999458069	-5.419309445642284e-11	52.805301666259766	43.22160720825195	-6.883982760541585e-05	-9.583763297835418	dc817e70-cd48-48f6-8097-eae86f803e76:science:CTEXEC-057	d50707eb0609084c3a25264ae2349c7775a85a8185303332e2860268eae7a023
CTDJ-J3-absent-same_A	CTD-J3-v2	CTD-family-02	absent	same_A	无	0	-21.064678192138672	0.00045013427734375	-21.064678192138672	有	resolved_yes	False	False	7.107657593132035e-10	0.9999999999953673	-4.632738637155853e-12	56.82090377807617	35.7562255859375	-7.153957426453417e-10	-21.064678192854068	dc817e70-cd48-48f6-8097-eae86f803e76:science:CTEXEC-058	efbc97b2810fbcd8ba8b6f53ba631cf1e16a13ae69ad5296085a0f5fdb56c184
CTDJ-J3-L-same_A	CTD-J3-v2	CTD-family-02	L	same_A	无	0	-8.749065399169922	0.00045013427734375	-8.749065399169922	有	resolved_yes	False	False	0.00015858433944801475	0.9999999999565432	-4.345679371908773e-11	54.75128173828125	46.00221633911133	-0.0001585969587338809	-8.749223996128656	dc817e70-cd48-48f6-8097-eae86f803e76:science:CTEXEC-059	96982960512302913e5c264d0c772a7d64ba9df0b4e3a669d8e4c4535b4f2880
CTDJ-J3-N-same_A	CTD-J3-v2	CTD-family-02	N	same_A	无	0	-19.77407455444336	0.00045013427734375	-19.77407455444336	有	resolved_yes	False	False	2.5836193893274213e-09	0.9999999999952891	-4.710898338089464e-12	56.232086181640625	36.458011627197266	-2.588329550690105e-09	-19.77407455703169	dc817e70-cd48-48f6-8097-eae86f803e76:science:CTEXEC-060	b4f3dd01d0a297b08eb92d860d3df56d6ef43d8aea63e43299a2d4e78657cf59
CTDJ-J3-absent-same_B	CTD-J3-v2	CTD-family-02	absent	same_B	无	0	5.8747406005859375	0.00045013427734375	5.8747406005859375	无	resolved_no	True	True	0.9971983484156509	0.9999999203355788	-7.966442439055754e-08	47.751190185546875	53.62593078613281	-5.877546263806238	-0.002805663220300403	dc817e70-cd48-48f6-8097-eae86f803e76:science:CTEXEC-061	9fe23a5ebc1274caafd61df43b2b4dec5a70e0a80c0032da1aeddc4ce4d69ac8
CTDJ-J3-L-same_B	CTD-J3-v2	CTD-family-02	L	same_B	无	0	1.0763130187988281	0.00045013427734375	1.0763130187988281	无	resolved_no	True	True	0.7457956224823402	0.9999998925973075	-1.074026982905707e-07	50.06111526489258	51.137428283691406	-1.369616807015916	-0.2933037882170879	dc817e70-cd48-48f6-8097-eae86f803e76:science:CTEXEC-062	93b637305339e3900362a540aa56f59b04c4803853216527b57ac7db3fa78b19
CTDJ-J3-N-same_B	CTD-J3-v2	CTD-family-02	N	same_B	无	0	-10.300552368164062	0.00045013427734375	-10.300552368164062	有	resolved_yes	False	False	3.3613392566502124e-05	0.9999999999808296	-1.9170443010807503e-11	54.17256164550781	43.87200927734375	-3.3613976683000146e-05	-10.300585982140746	dc817e70-cd48-48f6-8097-eae86f803e76:science:CTEXEC-063	904e24dd5e9f2c077beb76c836b303a6af9a8e6c881191703ba402cb42e5c977
CTDJ-J4-absent-none	CTD-J4-v2	CTD-family-02	absent	none	有	1	-23.105892181396484	0.00045013427734375	23.105892181396484	有	resolved_yes	True	True	9.23078267193472e-11	0.9999999999927667	-7.23332505003782e-12	55.69512176513672	32.589229583740234	-9.953993185263244e-11	-23.105892181496024	dc817e70-cd48-48f6-8097-eae86f803e76:science:CTEXEC-064	55dc10a7a379177204811fcc1f2331be1e221a2ffa622698cf41d82991c987a6
CTDJ-J4-L-none	CTD-J4-v2	CTD-family-02	L	none	有	1	-19.5155029296875	0.00045013427734375	19.5155029296875	有	resolved_yes	True	True	3.3459909703235553e-09	0.9999999999834159	-1.6584067452640738e-11	53.20339584350586	33.68789291381836	-3.362572442711098e-09	-19.515502933050072	dc817e70-cd48-48f6-8097-eae86f803e76:science:CTEXEC-065	43b45a774808246cad85acc77529c623c3e3065638b7b7486d8389e8f747c752
CTDJ-J4-N-none	CTD-J4-v2	CTD-family-02	N	none	有	1	-15.736114501953125	0.00045013427734375	15.736114501953125	有	resolved_yes	True	True	1.4651842500113716e-07	0.9999999999566924	-4.3307579744578106e-11	51.62641143798828	35.890296936035156	-1.4656174585070403e-07	-15.73611464851487	dc817e70-cd48-48f6-8097-eae86f803e76:science:CTEXEC-066	b89f773fe3f26076521ef20fdad8106a61302e6624b8fb9a93a8cf6b02606daa
CTDJ-J4-absent-same_A	CTD-J4-v2	CTD-family-02	absent	same_A	有	1	-24.467357635498047	0.00045013427734375	24.467357635498047	有	resolved_yes	True	True	2.3657104710290942e-11	0.9999999999952465	-4.75353090223507e-12	56.1981201171875	31.730762481689453	-2.8407498575688805e-11	-24.467357635526454	dc817e70-cd48-48f6-8097-eae86f803e76:science:CTEXEC-067	4e0a817f566007319b13a3cfbd845eb1d511df3867c18a0639b12e7cb949f836
CTDJ-J4-L-same_A	CTD-J4-v2	CTD-family-02	L	same_A	有	1	-21.740142822265625	0.00045013427734375	21.740142822265625	有	resolved_yes	True	True	3.6172284364724684e-10	0.9999999999835296	-1.6470380614919122e-11	53.67696762084961	31.936824798583984	-3.781934765356709e-10	-21.74014282264382	dc817e70-cd48-48f6-8097-eae86f803e76:science:CTEXEC-068	c8dac8c68140a0498da54bb9a0251ee19ab833c0d8cd5a5d77ce7f72924674ce
CTDJ-J4-N-same_A	CTD-J4-v2	CTD-family-02	N	same_A	有	1	-21.145082473754883	0.00045013427734375	21.145082473754883	有	resolved_yes	True	True	6.558542874737922e-10	0.9999999999724736	-2.752642558334628e-11	52.41965866088867	31.27457618713379	-6.833786869719916e-10	-21.14508247443826	dc817e70-cd48-48f6-8097-eae86f803e76:science:CTEXEC-069	0e6257d85705b9a4fdf595a3886ca5b5e6ab3978ba0a748f06fb55f886dc6d40
CTDJ-J4-absent-same_B	CTD-J4-v2	CTD-family-02	absent	same_B	有	1	-18.946895599365234	0.00045013427734375	18.946895599365234	有	resolved_yes	True	True	5.908371429932914e-09	0.9999999999824851	-1.751487843648647e-11	54.07359313964844	35.1266975402832	-5.92588378367509e-09	-18.946895605291118	dc817e70-cd48-48f6-8097-eae86f803e76:science:CTEXEC-070	accb7cd1cc41c5c944f3f2b9d3b7dcf4263de6a9525fe52a487bba7160a586eb
CTDJ-J4-L-same_B	CTD-J4-v2	CTD-family-02	L	same_B	有	1	-14.65230941772461	0.00045013427734375	14.65230941772461	有	resolved_yes	True	True	4.330945160820722e-07	0.9999999999684945	-3.150546490360284e-11	52.233642578125	37.58133316040039	-4.331261180823276e-07	-14.652309850850727	dc817e70-cd48-48f6-8097-eae86f803e76:science:CTEXEC-071	ca4611a505e7762c6ff2cf8e324502813d7b8e066eb8fa4f5ab671ae2efeee84
CTDJ-J4-N-same_B	CTD-J4-v2	CTD-family-02	N	same_B	有	1	-15.13491439819336	0.00045013427734375	15.13491439819336	有	resolved_yes	True	True	2.672945333201294e-07	0.9999999999678337	-3.2166269647859735e-11	52.23733901977539	37.10242462158203	-2.6732673319429523e-07	-15.134914665520093	dc817e70-cd48-48f6-8097-eae86f803e76:science:CTEXEC-072	87f10fc65a9aac51a3442897bb3663ccf498a2a71572053a0c056a6e97e9e820
CTDJ-B1-absent-none	CTD-B1-v2	CTD-family-03	absent	none	有	2	-26.125871658325195	0.00045013427734375	26.125871658325195	有	resolved_yes	True	True	4.504826860583349e-12	0.999999999991104	-8.895995051716454e-12	56.09015655517578	29.964284896850586	-1.340083599643549e-11	-26.125871658338596	dc817e70-cd48-48f6-8097-eae86f803e76:science:CTEXEC-073	9dd1a6614ef0e9c5585c2f99431a818bb6e82973543f4ae3f4ca757e8be1aead
CTDJ-B1-L-none	CTD-B1-v2	CTD-family-03	L	none	有	2	-22.77739715576172	0.00045013427734375	22.77739715576172	有	resolved_yes	True	True	1.2820415574112848e-10	0.9999999999808082	-1.9191759292880306e-11	53.6728630065918	30.895465850830078	-1.4739498510607518e-10	-22.777397155909114	dc817e70-cd48-48f6-8097-eae86f803e76:science:CTEXEC-074	a6edb06d8bdc4550e56a1823f1f5c0d898cf0f4dd1dc6bb369dbfee3e66ca0e9
CTDJ-B1-N-none	CTD-B1-v2	CTD-family-03	N	none	有	2	-20.70883560180664	0.00045013427734375	20.70883560180664	有	resolved_yes	True	True	1.0145348525708613e-09	0.999999999979508	-2.049205249932129e-11	53.70847702026367	32.99964141845703	-1.0350262868996651e-09	-20.708835602841667	dc817e70-cd48-48f6-8097-eae86f803e76:science:CTEXEC-075	d7b0942bc75188db34f0e39455896c6ee0b552610a8a74097f9d60ee7a1aeb5f
CTDJ-B1-absent-same_A	CTD-B1-v2	CTD-family-03	absent	same_A	有	2	-21.348281860351562	0.00045013427734375	21.348281860351562	有	resolved_yes	True	True	5.352528515904772e-10	0.9999999999879279	-1.2072121080564102e-11	55.153079986572266	33.8047981262207	-5.473239639286476e-10	-21.348281860898886	dc817e70-cd48-48f6-8097-eae86f803e76:science:CTEXEC-076	23771c5208b85d68f644e4b0ec564aecae14dd9b54960e517251ed8cc217db43
CTDJ-B1-L-same_A	CTD-B1-v2	CTD-family-03	L	same_A	有	2	-23.583417892456055	0.00045013427734375	23.583417892456055	有	resolved_yes	True	True	5.726005289367828e-11	0.999999999991239	-8.760991931922035e-12	54.72612380981445	31.1427059173584	-6.602363100682851e-11	-23.58341789252208	dc817e70-cd48-48f6-8097-eae86f803e76:science:CTEXEC-077	bef02e35589d96641504934bf4e79d63fcff998d6fbb5d753471f227880c2d61
CTDJ-B1-N-same_A	CTD-B1-v2	CTD-family-03	N	same_A	有	2	-19.621723175048828	0.00045013427734375	19.621723175048828	有	resolved_yes	True	True	3.0088040038573225e-09	0.9999999999689919	-3.100808498857077e-11	52.84917068481445	33.227447509765625	-3.0398155104194302e-09	-19.621723178088644	dc817e70-cd48-48f6-8097-eae86f803e76:science:CTEXEC-078	de17102ad8f206d11442a49a4e5314c2d802f81c0e0a098f633cd9cec6d48255
CTDJ-B1-absent-same_B	CTD-B1-v2	CTD-family-03	absent	same_B	有	2	-18.839984893798828	0.00045013427734375	18.839984893798828	有	resolved_yes	True	True	6.575041807327704e-09	0.9999999999553069	-4.46931380793103e-11	52.91782760620117	34.077842712402344	-6.619735870572185e-09	-18.839984900418564	dc817e70-cd48-48f6-8097-eae86f803e76:science:CTEXEC-079	44710445dd908beed7aadc80508af6c4e4c6aae11ce2f6f81a0c61e8b18e3671
CTDJ-B1-L-same_B	CTD-B1-v2	CTD-family-03	L	same_B	有	2	-21.93172836303711	0.00045013427734375	21.93172836303711	有	resolved_yes	True	True	2.98656102501578e-10	0.9999999999785771	-2.142286348316702e-11	53.3707275390625	31.43899917602539	-3.2007818617785233e-10	-21.931728363357188	dc817e70-cd48-48f6-8097-eae86f803e76:science:CTEXEC-080	e1976e6e8304a234d9a9df58e48bd69e192dfc6d5ddd724d1a8bf49670550b77
CTDJ-B1-N-same_B	CTD-B1-v2	CTD-family-03	N	same_B	有	2	-17.1826171875	0.00045013427734375	17.1826171875	有	resolved_yes	True	True	3.4489282201878414e-08	0.9999999999162839	-8.3716145127255e-11	51.559722900390625	34.377105712890625	-3.4572998686144274e-08	-17.182617222073	dc817e70-cd48-48f6-8097-eae86f803e76:science:CTEXEC-081	33ccb1d0ba3010d1d627a597d905510acf5dc2abb4200278cb1ef8047ef637f4
CTDJ-B2-absent-none	CTD-B2-v2	CTD-family-03	absent	none	无	0	32.89990043640137	0.00045013427734375	32.89990043640137	无	resolved_no	True	True	0.9999999999999949	0.9999978320477377	-2.16795461227548e-06	17.637388229370117	50.537288665771484	-32.89990260435599	-2.1679546193809074e-06	dc817e70-cd48-48f6-8097-eae86f803e76:science:CTEXEC-082	b9a2fefc19d22fc039b8b5aefb2fa9da27ba2238eb6c6c2ee7189f7086982407
CTDJ-B2-L-none	CTD-B2-v2	CTD-family-03	L	none	无	0	30.677730560302734	0.00045013427734375	30.677730560302734	无	resolved_no	True	True	0.9999999999999525	0.9999880827621431	-1.191730886773712e-05	18.846790313720703	49.52452087402344	-30.677742477611652	-1.1917308917475111e-05	dc817e70-cd48-48f6-8097-eae86f803e76:science:CTEXEC-083	0566406f7b44410da4fe942ba92bd25a747abdbd6467ec4c1de0b57234631940
CTDJ-B2-N-none	CTD-B2-v2	CTD-family-03	N	none	无	0	31.788192749023438	0.00045013427734375	31.788192749023438	无	resolved_no	True	True	0.9999999999999845	0.9999922225774293	-7.777452815105335e-06	18.777843475341797	50.566036224365234	-31.788200526476267	-7.77745282931619e-06	dc817e70-cd48-48f6-8097-eae86f803e76:science:CTEXEC-084	f6d546ff7b997aeeacf2fcdb8b7a58abb002d4be345cbbf9db6c3de2213e7350
CTDJ-B2-absent-same_A	CTD-B2-v2	CTD-family-03	absent	same_A	无	0	32.13517761230469	0.00045013427734375	32.13517761230469	无	resolved_no	True	True	0.9999999999999889	0.9999988337467636	-1.1662539165513408e-06	18.530235290527344	50.66541290283203	-32.13517877855862	-1.1662539307621955e-06	dc817e70-cd48-48f6-8097-eae86f803e76:science:CTEXEC-085	40c84b7ff31e2d4c8f1c87d0fddd836d731862b9294a23dc53694dfbe3726187
CTDJ-B2-L-same_A	CTD-B2-v2	CTD-family-03	L	same_A	无	0	30.822044372558594	0.00045013427734375	30.822044372558594	无	resolved_no	True	True	0.9999999999999589	0.99999858546512	-1.4145358804285024e-06	19.992935180664062	50.814979553222656	-30.822045787094517	-1.4145359230610666e-06	dc817e70-cd48-48f6-8097-eae86f803e76:science:CTEXEC-086	6d8196f6014f2105879fc6c7db2ac858729f3a19aa9cb328e4c60ad2c0f3da57
CTDJ-B2-N-same_A	CTD-B2-v2	CTD-family-03	N	same_A	无	0	32.64391899108887	0.00045013427734375	32.64391899108887	无	resolved_no	True	True	0.9999999999999933	0.9999993013866468	-6.986135971942531e-07	19.113367080688477	51.757286071777344	-32.64391968970247	-6.986136042996804e-07	dc817e70-cd48-48f6-8097-eae86f803e76:science:CTEXEC-087	41501aca3bc040e2d83505aeef2aaef57a8839433cce14bf2592064bead7587a
CTDJ-B2-absent-same_B	CTD-B2-v2	CTD-family-03	absent	same_B	无	0	30.29020118713379	0.00045013427734375	30.29020118713379	无	resolved_no	True	True	0.9999999999999301	0.9999974784251323	-2.521578046810191e-06	19.510774612426758	49.80097579956055	-30.290203708711907	-2.5215781178644647e-06	dc817e70-cd48-48f6-8097-eae86f803e76:science:CTEXEC-088	af010586494c774e4aeea33697abd6aecd824e29ff2e22949ee6abda7202544c
CTDJ-B2-L-same_B	CTD-B2-v2	CTD-family-03	L	same_B	无	0	28.487585067749023	0.00045013427734375	28.487585067749023	无	resolved_no	True	True	0.9999999999995755	0.999994226023219	-5.7739934504752455e-06	20.941797256469727	49.42938232421875	-28.4875908417429	-5.773993876800887e-06	dc817e70-cd48-48f6-8097-eae86f803e76:science:CTEXEC-089	5a98df76d19226fd387e56b47f6a81d8bb7f6373742a75a91b03a76689bb1099
CTDJ-B2-N-same_B	CTD-B2-v2	CTD-family-03	N	same_B	无	0	27.537975311279297	0.00045013427734375	27.537975311279297	无	resolved_no	True	True	0.9999999999989024	0.9999964033391983	-3.5966672697895774e-06	22.222557067871094	49.76053237915039	-27.53797890794766	-3.5966683640253905e-06	dc817e70-cd48-48f6-8097-eae86f803e76:science:CTEXEC-090	2e7741bd9aef8c1891b0e5432c5700fda513c37c2ebef9406d921107b338ee07
CTDJ-B3-absent-none	CTD-B3-v2	CTD-family-03	absent	none	无	0	-12.84933090209961	0.00045013427734375	-12.84933090209961	有	resolved_yes	False	False	2.6278789238910496e-06	0.9999999999911253	-8.874678769643651e-12	56.14595031738281	43.2966194152832	-2.627891248607739e-06	-12.849333529990858	dc817e70-cd48-48f6-8097-eae86f803e76:science:CTEXEC-091	4a1284263fe237c12928e2cabc5665522db9ef534763d7bb15431cbdc9ce5364
CTDJ-B3-L-none	CTD-B3-v2	CTD-family-03	L	none	无	0	-10.191776275634766	0.00045013427734375	-10.191776275634766	有	resolved_yes	False	False	3.747585300762339e-05	0.9999999999586962	-4.1303849229734624e-11	54.360836029052734	44.16905975341797	-3.747659654607105e-05	-10.191813752231312	dc817e70-cd48-48f6-8097-eae86f803e76:science:CTEXEC-092	9c5a308ebd1778c1987ceb2f66f350eb3bc9c0a395f3b8922d0f51cf0a1508b3
CTDJ-B3-N-none	CTD-B3-v2	CTD-family-03	N	none	无	0	-4.0434417724609375	0.00045013427734375	-4.0434417724609375	有	resolved_yes	False	False	0.017234763802615398	0.9999999945303486	-5.469651398470887e-09	53.51359176635742	49.470149993896484	-0.01738501663491121	-4.060826789095849	dc817e70-cd48-48f6-8097-eae86f803e76:science:CTEXEC-093	70d86a0d811396187f907713b8f7b79f7f829fb3eeaefb722d28bd2af5f10280
CTDJ-B3-absent-same_A	CTD-B3-v2	CTD-family-03	absent	same_A	无	0	-12.528194427490234	0.00045013427734375	-12.528194427490234	有	resolved_yes	False	False	3.6230365762461973e-06	0.9999999999796003	-2.0399681943672476e-11	55.09063720703125	42.562442779541016	-3.6230635416245605e-06	-12.528198050553776	dc817e70-cd48-48f6-8097-eae86f803e76:science:CTEXEC-094	656d2cbab304dc2485563dcad851b02ae881377a328b86f8a23a0dca80f2d226
CTDJ-B3-L-same_A	CTD-B3-v2	CTD-family-03	L	same_A	无	0	-6.733055114746094	0.00045013427734375	-6.733055114746094	有	resolved_yes	False	False	0.001189472562035706	0.9999999998317932	-1.6820678183648852e-10	55.954376220703125	49.22132110595703	-0.0011901807142038479	-6.734245295460298	dc817e70-cd48-48f6-8097-eae86f803e76:science:CTEXEC-095	77be2d01af031b7bbe7500a072cc540b36849576ad4d4a89c497e8ad00252979
CTDJ-B3-N-same_A	CTD-B3-v2	CTD-family-03	N	same_A	无	0	-14.102344512939453	0.00045013427734375	-14.102344512939453	有	resolved_yes	False	False	7.506357944679258e-07	0.9999999999835438	-1.645616976020392e-11	55.45338439941406	41.35103988647461	-7.506525321332447e-07	-14.102345263591985	dc817e70-cd48-48f6-8097-eae86f803e76:science:CTEXEC-096	afe0c29ca5c3f4f5a791771d1aa88491013aadc476f6e8d795bdcf39cb999eeb
CTDJ-B3-absent-same_B	CTD-B3-v2	CTD-family-03	absent	same_B	无	0	11.39620590209961	0.00045013427734375	11.39620590209961	无	resolved_no	True	True	0.9999887620840017	0.9999999268347279	-7.31652747276712e-08	44.54741668701172	55.94362258911133	-11.396217213244029	-1.1311144419323682e-05	dc817e70-cd48-48f6-8097-eae86f803e76:science:CTEXEC-097	530202c1bf965a9ff635287cdba303aace5f3e476b44e70241c6f7dec33f45ce
CTDJ-B3-L-same_B	CTD-B3-v2	CTD-family-03	L	same_B	无	0	11.784675598144531	0.00045013427734375	11.784675598144531	无	resolved_no	True	True	0.9999923796116009	0.9999999467831785	-5.321682294834318e-08	44.93992614746094	56.72460174560547	-11.784683271778789	-7.673634257798767e-06	dc817e70-cd48-48f6-8097-eae86f803e76:science:CTEXEC-098	4b09d2b8cf7e4c7bc8bc49e8235828a772dc9c196f10c9ae820ba536c03f9919
CTDJ-B3-N-same_B	CTD-B3-v2	CTD-family-03	N	same_B	无	0	6.592166900634766	0.00045013427734375	6.592166900634766	无	resolved_no	True	True	0.9986308114684439	0.9999999610791414	-3.892085942425183e-08	49.64141845703125	56.233585357666016	-6.593537066282273	-0.001370165647507804	dc817e70-cd48-48f6-8097-eae86f803e76:science:CTEXEC-099	d22d8c08c6e6beec57aadf83175cfd54500e9165115014c181edfc3decd62bb2
CTDJ-B4-absent-none	CTD-B4-v2	CTD-family-03	absent	none	有	1	-25.285797119140625	0.00045013427734375	25.285797119140625	有	resolved_yes	True	True	1.0435610008780495e-11	0.9999999999962483	-3.751665644813329e-12	56.81877136230469	31.532974243164062	-1.41895384331292e-11	-25.285797119154815	dc817e70-cd48-48f6-8097-eae86f803e76:science:CTEXEC-100	fa6d2886ab20b67088bcc54eeb8e8917256ff272b1374b495ef891c7745c3aac
CTDJ-B4-L-none	CTD-B4-v2	CTD-family-03	L	none	有	1	-18.390460968017578	0.00045013427734375	18.390460968017578	有	resolved_yes	True	True	1.0306810173269918e-08	0.9999999999867129	-1.3287149158713873e-11	53.85108947753906	35.460628509521484	-1.0320100329863635e-08	-18.39046097833768	dc817e70-cd48-48f6-8097-eae86f803e76:science:CTEXEC-101	65964c7ea17003f6487640323d365afc76bd2bc71ee5d56f881888a202197555
CTDJ-B4-N-none	CTD-B4-v2	CTD-family-03	N	none	有	1	-23.340038299560547	0.00045013427734375	23.340038299560547	有	resolved_yes	True	True	7.30382163855806e-11	0.999999999990365	-9.634959496906959e-12	54.75224304199219	31.41220474243164	-8.267164730568766e-11	-23.34003829964322	dc817e70-cd48-48f6-8097-eae86f803e76:science:CTEXEC-102	4670b50d7c0055f617fa402e4f67c949dfcd017af3441cf5cef0b9ce64baa3c2
CTDJ-B4-absent-same_A	CTD-B4-v2	CTD-family-03	absent	same_A	有	1	-22.804683685302734	0.00045013427734375	22.804683685302734	有	resolved_yes	True	True	1.247532056008969e-10	0.9999999999942233	-5.7767124417296145e-12	56.23593521118164	33.431251525878906	-1.305267005591304e-10	-22.80468368543326	dc817e70-cd48-48f6-8097-eae86f803e76:science:CTEXEC-103	ed7bc6bde49c181c0142024c80d48062c75aed0229e21cb69597f19f65c500db
CTDJ-B4-L-same_A	CTD-B4-v2	CTD-family-03	L	same_A	有	1	-22.660974502563477	0.00045013427734375	22.660974502563477	有	resolved_yes	True	True	1.440336010845287e-10	0.9999999999855618	-1.4438228390645236e-11	54.21162414550781	31.550649642944336	-1.5847234635657514e-10	-22.66097450272195	dc817e70-cd48-48f6-8097-eae86f803e76:science:CTEXEC-104	e1b07e671cb18b255e9ba8c783b6708afa488997e6f3de1b84fd6157cf0a93ac
CTDJ-B4-N-same_A	CTD-B4-v2	CTD-family-03	N	same_A	有	1	-23.83987808227539	0.00045013427734375	23.83987808227539	有	resolved_yes	True	True	4.430701575098922e-11	0.9999999999932854	-6.714628852932947e-12	55.912139892578125	32.072261810302734	-5.1024073854932794e-11	-23.839878082326415	dc817e70-cd48-48f6-8097-eae86f803e76:science:CTEXEC-105	c97b2cd79369976cddcadf7eb45f17b7873a8d7025f25f95777e52a329651717
CTDJ-B4-absent-same_B	CTD-B4-v2	CTD-family-03	absent	same_B	有	1	-23.753276824951172	0.00045013427734375	23.753276824951172	有	resolved_yes	True	True	4.8315107234188396e-11	0.9999999999968239	-3.176126028847648e-12	56.654605865478516	32.901329040527344	-5.149303206053446e-11	-23.753276825002665	dc817e70-cd48-48f6-8097-eae86f803e76:science:CTEXEC-106	f94b046a303e8affc9819b4e2b751cc72f201e9fdac5465625c7774190ddb4a8
CTDJ-B4-L-same_B	CTD-B4-v2	CTD-family-03	L	same_B	有	1	-20.215530395507812	0.00045013427734375	20.215530395507812	有	resolved_yes	True	True	1.661524309525456e-09	0.9999999999948983	-5.101696842757519e-12	55.63987731933594	35.424346923828125	-1.6666277247168182e-09	-20.21553039717444	dc817e70-cd48-48f6-8097-eae86f803e76:science:CTEXEC-107	d085c30cea101a797f5c3c9ec0ad8416cf763a419b50b041e3322da212d1ce7c
CTDJ-B4-N-same_B	CTD-B4-v2	CTD-family-03	N	same_B	有	1	-22.338703155517578	0.00045013427734375	22.338703155517578	有	resolved_yes	True	True	1.98803710833384e-10	0.9999999999914877	-8.512301974406e-12	54.40506362915039	32.06636047363281	-2.0731505401272443e-10	-22.338703155724893	dc817e70-cd48-48f6-8097-eae86f803e76:science:CTEXEC-108	04973a4125d12ff4c50f63f02d70e505af78c6491a0bdd72f8ce42d78c26d45e
CTDJ-G2-absent-other_A	CTD-G2-v2	CTD-family-01	absent	other_A	无	0	29.051244735717773	0.00045013427734375	29.051244735717773	无	resolved_no	True	True	0.9999999999997584	0.9999997492821423	-2.5071788911645854e-07	24.652864456176758	53.70410919189453	-29.051244986435904	-2.507181307009887e-07	dc817e70-cd48-48f6-8097-eae86f803e76:science:CTEXEC-109	b0a9f9ab872117ff4d9200f4237101a423444d40b9d70ff73a2dae27f4475584
CTDJ-G2-absent-other_B	CTD-G2-v2	CTD-family-01	absent	other_B	无	0	30.74503517150879	0.00045013427734375	30.74503517150879	无	resolved_no	True	True	0.9999999999999556	0.9999993765026244	-6.234975700181167e-07	21.725244522094727	52.470279693603516	-30.7450357950064	-6.234976126506808e-07	dc817e70-cd48-48f6-8097-eae86f803e76:science:CTEXEC-110	df8f797a9ba669c5a8bf57eccb412ea47f155c3e3ef834c4fd88a8a8467efb71
CTDJ-G4-absent-other_A	CTD-G4-v2	CTD-family-01	absent	other_A	有	1	-25.07522201538086	0.00045013427734375	25.07522201538086	有	resolved_yes	True	True	1.2881589230616271e-11	0.9999999999904006	-9.599432360118954e-12	54.856075286865234	29.780853271484375	-2.248157215944957e-11	-25.07522201540334	dc817e70-cd48-48f6-8097-eae86f803e76:science:CTEXEC-111	c69f0d932ec0ff4bdf018fac4d3eedfbb30e7d0bc28744d10e373320047155f4
CTDJ-G4-absent-other_B	CTD-G4-v2	CTD-family-01	absent	other_B	有	1	-26.134593963623047	0.00045013427734375	26.134593963623047	有	resolved_yes	True	True	4.465705248738851e-12	0.9999999999961773	-3.822719918389339e-12	56.7846565246582	30.650062561035156	-8.284928298962768e-12	-26.134593963631332	dc817e70-cd48-48f6-8097-eae86f803e76:science:CTEXEC-112	b5d2a3af339c77c9ce4b42fb57e4116f45bad1ddd6383ad85697f18e00f86784
CTDJ-J2-absent-other_A	CTD-J2-v2	CTD-family-02	absent	other_A	无	0	24.518579483032227	0.00045013427734375	24.518579483032227	无	resolved_no	True	True	0.9999999999775242	0.999999356603376	-6.43396830923848e-07	29.499296188354492	54.01787567138672	-24.518580126451532	-6.434193053905801e-07	dc817e70-cd48-48f6-8097-eae86f803e76:science:CTEXEC-113	5579d38a7fb242cee4e8b319d1f84aa30b08c98ded276c9d214d8a55ac07f3f8
CTDJ-J2-absent-other_B	CTD-J2-v2	CTD-family-02	absent	other_B	无	0	26.65545082092285	0.00045013427734375	26.65545082092285	无	resolved_no	True	True	0.9999999999973472	0.9999987210335924	-1.2789672254598372e-06	25.445192337036133	52.100643157958984	-26.655452099892727	-1.2789698757842416e-06	dc817e70-cd48-48f6-8097-eae86f803e76:science:CTEXEC-114	433468ca8df582ee524ac48ab306ca72eba84b1122822fb78c218afc8841587c
CTDJ-J4-absent-other_A	CTD-J4-v2	CTD-family-02	absent	other_A	有	1	-24.09296989440918	0.00045013427734375	24.09296989440918	有	resolved_yes	True	True	3.439981620492419e-11	0.999999999993122	-6.87805368215777e-12	55.709022521972656	31.616052627563477	-4.127542752030422e-11	-24.092969894450455	dc817e70-cd48-48f6-8097-eae86f803e76:science:CTEXEC-115	69d8049d46e1da531698693903950a60b16bfbcbeb4ed14494849649c5243903
CTDJ-J4-absent-other_B	CTD-J4-v2	CTD-family-02	absent	other_B	有	1	-23.48651885986328	0.00045013427734375	23.48651885986328	有	resolved_yes	True	True	6.308621330165637e-11	0.999999999992184	-7.815970093361102e-12	55.581878662109375	32.095359802246094	-7.09050596015004e-11	-23.486518859934186	dc817e70-cd48-48f6-8097-eae86f803e76:science:CTEXEC-116	c2b230d377b5174136296a2b9c235cbe908d35da6b6d4bfc3e3ec87d2342fd49
CTDJ-B2-absent-other_A	CTD-B2-v2	CTD-family-03	absent	other_A	无	0	31.819374084472656	0.00045013427734375	31.819374084472656	无	resolved_no	True	True	0.9999999999999849	0.999998843670675	-1.156329993534655e-06	18.866302490234375	50.68567657470703	-31.819375240802664	-1.1563300077455096e-06	dc817e70-cd48-48f6-8097-eae86f803e76:science:CTEXEC-117	d3940b8d3cd332c731bf007b428e76da2726f06bfd93e637fe842ac0b7faac71
CTDJ-B2-absent-other_B	CTD-B2-v2	CTD-family-03	absent	other_B	无	0	32.99298667907715	0.00045013427734375	32.99298667907715	无	resolved_no	True	True	0.9999999999999953	0.9999989646680904	-1.0353324455536494e-06	17.733007431030273	50.72599411010742	-32.9929877144096	-1.0353324526590768e-06	dc817e70-cd48-48f6-8097-eae86f803e76:science:CTEXEC-118	09df7f5353f89a20ed67a61fe979d800a190163c5a7d1ab7aa964d8f860c0dd5
CTDJ-B4-absent-other_A	CTD-B4-v2	CTD-family-03	absent	other_A	有	1	-24.719493865966797	0.00045013427734375	24.719493865966797	有	resolved_yes	True	True	1.8384855406039162e-11	0.9999999999959002	-4.099831585335778e-12	57.425235748291016	32.70574188232422	-2.248157215944957e-11	-24.71949386598928	dc817e70-cd48-48f6-8097-eae86f803e76:science:CTEXEC-119	4c5ef413516449d694009e8ef93d150814225152e44ecc992fa92c6bafe24085
CTDJ-B4-absent-other_B	CTD-B4-v2	CTD-family-03	absent	other_B	有	1	-24.038875579833984	0.00045013427734375	24.038875579833984	有	resolved_yes	True	True	3.631190090120445e-11	0.9999999999957012	-4.298783551348606e-12	56.35856628417969	32.3196907043457	-4.0607517348689726e-11	-24.038875579874592	dc817e70-cd48-48f6-8097-eae86f803e76:science:CTEXEC-120	0dfe7fedba01e5b144ebf1bc0b796d0aa85949a26692412f259a0f859e7758cd
