object_id,text,attack_severity,assessment_status,attack_forms,targets,rationale,candidate_scores,suggested_score,candidate_forms,hate_reference,group_reference,label_review_kind,severity_review_kind,severity_policy_version,severity_policy_sha256,text_sha256,base_version,hate_reference_policy_version,hate_reference_policy_sha256,group_reference_policy_version,group_reference_policy_sha256,human_numeric_score_confirmed,online_material_confirmed,user_score_rationale
demo:5690,基佬破防了，急得大号和小号说话,1,scored,"[""derogation"", ""personal_insult""]","[""被性取向贬称称呼的账号使用者""]",以性取向贬称称呼具体账号使用者，并讥笑其急切表现，拟 1／LGBTQ、others。#5615 的仅 Racism 是明确个案，未据此撤销仍有效的个人辱骂增补。,[],,[],hate,"[""LGBTQ"", ""others""]",ai_note,ai_note,evidence-attack-severity-policy/v1,bf2e4dfa47e38e207de605b5d79361b5d537babcf10677208f82172b061eb4d6,b0f28bca3fbb32559625592396ef7a03bc660c7a045b47d7a5be3844813ca371,0,evidence-applicability-annotation-policy/v2,53be85f067db620137f8e28e1ad8dba4963da0810ba99576ad1138a9ef96cb97,evidence-applicability-annotation-policy/v2+personal-insult-others.1,c9af65f3ab260493c9f86e1b6274d3ac09259f3e9beda78989aa8870ea6e1f9d,False,False,
demo:5708,哪来的通讯录怪物,3,scored,"[""personal_insult"", ""dehumanization""]","[""被称作通讯录怪物的人""]",以同性恋谐称把对象叫作怪物，按明确非人称谓取 3／LGBTQ、others。未见对词语本身的释义或无害引用。,[],,[],hate,"[""LGBTQ"", ""others""]",ai_note,ai_note,evidence-attack-severity-policy/v1,bf2e4dfa47e38e207de605b5d79361b5d537babcf10677208f82172b061eb4d6,e85ebcb5f29638233a29e80cf9f345fbafaad80643125c2fc3e8ce18ef55c4a5,0,evidence-applicability-annotation-policy/v2,53be85f067db620137f8e28e1ad8dba4963da0810ba99576ad1138a9ef96cb97,evidence-applicability-annotation-policy/v2+personal-insult-others.1,c9af65f3ab260493c9f86e1b6274d3ac09259f3e9beda78989aa8870ea6e1f9d,False,False,
demo:5713,不希望以后中国遍地都是黑人小孩，怕但是治安社会矛盾突出，大家过都过不好，大家都是中国人，感觉大家还是不一样的…没有那么懒，没有那么多政治正确，没有那么多暴力和低素质，5000年的道德约束还是有的,3,scored,"[""group_stigmatization"", ""exclusion_or_rights_denial""]","[""黑人及其后代""]",把黑人后代视为不受欢迎的同国籍成员，并作种族性的文明、道德与素质高低比较，拟 3／Racism。差异明确落在同一国籍内部的种族，不机械补 Region。,[],,[],hate,"[""Racism""]",ai_note,ai_note,evidence-attack-severity-policy/v1,bf2e4dfa47e38e207de605b5d79361b5d537babcf10677208f82172b061eb4d6,d4342007f8184beae08fc4fabe0f6f5872656413481558b90dffd2fed19abba2,0,evidence-applicability-annotation-policy/v2,53be85f067db620137f8e28e1ad8dba4963da0810ba99576ad1138a9ef96cb97,evidence-applicability-annotation-policy/v2+personal-insult-others.1,c9af65f3ab260493c9f86e1b6274d3ac09259f3e9beda78989aa8870ea6e1f9d,False,False,
demo:5734,还有现在连某些央视都有嘿人节目，甚至嘿人评委，看着那血盆大嘴在那一张一张的心里就难受的慌，关键评论里没一个反感他们的。只要是老外，不管来自哪里长得如何，下面都是一股脑儿得说帅。眼瞎了么！但有没有发现东南亚的黄皮老外不在此列，相反是看不起越南缅甸柬埔寨等那旮瘩的老外的，感情它们喜欢的是外种？？？,2,scored,"[""group_stigmatization"", ""personal_insult""]","[""黑人出镜者"", ""赞美外国人的评论者""]",作者自行贬损黑人外貌，并辱骂赞美他们的评论者；又实际比较不同国别、种族的待遇，拟 2／Racism、Region、others。无女性角色证据，不补 Sexism。,[],,[],hate,"[""Racism"", ""Region"", ""others""]",ai_note,ai_note,evidence-attack-severity-policy/v1,bf2e4dfa47e38e207de605b5d79361b5d537babcf10677208f82172b061eb4d6,42f7fc984f1fa3e635aedb5f1f002f9f37c05f2bd548a573811adb1650af388d,0,evidence-applicability-annotation-policy/v2,53be85f067db620137f8e28e1ad8dba4963da0810ba99576ad1138a9ef96cb97,evidence-applicability-annotation-policy/v2+personal-insult-others.1,c9af65f3ab260493c9f86e1b6274d3ac09259f3e9beda78989aa8870ea6e1f9d,False,False,
demo:5780,互联网没记忆，我记一辈子呢。以后反正梗就天天玩着，诶谁提到我就提这个事情,0,scored,[],"[""未展开的事件或梗""]",未展示要反复提起的事件或梗的内容，可见文字没有具体攻击；沿用 #3194、#4744 的证据范围，取 0／[]。,[],,[],non-hate,[],ai_note,ai_note,evidence-attack-severity-policy/v1,bf2e4dfa47e38e207de605b5d79361b5d537babcf10677208f82172b061eb4d6,454e3b3400228693f5057a429d3592ecf308109890adfe22c4bce4a166fbf7c1,0,evidence-applicability-annotation-policy/v2,53be85f067db620137f8e28e1ad8dba4963da0810ba99576ad1138a9ef96cb97,evidence-applicability-annotation-policy/v2+personal-insult-others.1,c9af65f3ab260493c9f86e1b6274d3ac09259f3e9beda78989aa8870ea6e1f9d,False,False,
demo:5784,你说的很对。大部分找黑人的女人，其实分不清美国黑人，法国黑人，东非的还是西非的，总结起来，就是一无所知，完全不清楚这种文化差别会带来多少灾难，对于中国人，就要摸清楚脾气秉性，文化背景，对于外国人则毫不了解也行。这就是外国崇拜。,1,scored,"[""derogation"", ""group_stigmatization""]","[""与黑人交往的女性""]",概括与黑人交往的女性无知、崇外，并比较她们对中外伴侣的要求，拟轻度 1／Racism、Region、Sexism。这里是婚恋中的实际国别比较，有别于 #4810 的政治背景提及。,[],,[],hate,"[""Racism"", ""Region"", ""Sexism""]",ai_note,ai_note,evidence-attack-severity-policy/v1,bf2e4dfa47e38e207de605b5d79361b5d537babcf10677208f82172b061eb4d6,67a674e5ea5dbfdbefe6bc77ee2de2c13e100fd117bccaf19e36f898abfb2ddc,0,evidence-applicability-annotation-policy/v2,53be85f067db620137f8e28e1ad8dba4963da0810ba99576ad1138a9ef96cb97,evidence-applicability-annotation-policy/v2+personal-insult-others.1,c9af65f3ab260493c9f86e1b6274d3ac09259f3e9beda78989aa8870ea6e1f9d,False,False,
demo:5788,黑人的头上顶着三个大字：艾滋病其他乱搞的外国人也是垃圾渣滓，怎么了？,2,scored,"[""group_stigmatization""]","[""黑人"", ""被指乱搞的外国人""]",明确把黑人与艾滋病相连，并以垃圾渣滓辱骂被指乱搞的外国人，拟 2／Racism、Region。泛用骂词未像 #2750 一样建立材料本质低等类比；未见独立个人对象，不额外加 others。,[],,[],hate,"[""Racism"", ""Region""]",ai_note,ai_note,evidence-attack-severity-policy/v1,bf2e4dfa47e38e207de605b5d79361b5d537babcf10677208f82172b061eb4d6,b72ff9f05db3452a7fb44515e18bcefc59a8c6f98204a6077846246d7cdafac9,0,evidence-applicability-annotation-policy/v2,53be85f067db620137f8e28e1ad8dba4963da0810ba99576ad1138a9ef96cb97,evidence-applicability-annotation-policy/v2+personal-insult-others.1,c9af65f3ab260493c9f86e1b6274d3ac09259f3e9beda78989aa8870ea6e1f9d,False,False,
demo:5819,要不要一起组队猎杀默和easygirl,4,scored,"[""violence_threat_or_call"", ""dehumanization"", ""group_stigmatization""]","[""黑人群体"", ""被 easygirl 指代的女性""]",直接邀请组队猎杀两个被身份贬称指代的人群，拟 4／Racism、Sexism。“默”的黑犬拆字及黑人贬称用法有外部实例；未见虚构游戏目标或反驳引用语境。,[],,[],hate,"[""Racism"", ""Sexism""]",ai_note,ai_note,evidence-attack-severity-policy/v1,bf2e4dfa47e38e207de605b5d79361b5d537babcf10677208f82172b061eb4d6,77007a8ae798b59f7091a508e497fb7a8661d88eb4f69fe15fbc67a1d12bea22,0,evidence-applicability-annotation-policy/v2,53be85f067db620137f8e28e1ad8dba4963da0810ba99576ad1138a9ef96cb97,evidence-applicability-annotation-policy/v2+personal-insult-others.1,c9af65f3ab260493c9f86e1b6274d3ac09259f3e9beda78989aa8870ea6e1f9d,False,False,
demo:5855,啊对对对，众所周知：河南，河北是不存在同性恋的。🤣,0,scored,[],"[""河南、河北同性恋居民及被反驳的断言""]",反讽表面断言的实际含义是两地也有同性恋，没有从该推论得到新的污名命题，拟 0／Region、LGBTQ。按 #5416 的方法检查实际含义，不因反讽形式单独赋分。,[],,[],non-hate,"[""Region"", ""LGBTQ""]",ai_note,ai_note,evidence-attack-severity-policy/v1,bf2e4dfa47e38e207de605b5d79361b5d537babcf10677208f82172b061eb4d6,75496d4dd93202260b76b77a21395282fad31ef99f6a0f678dc19f8f7f432079,0,evidence-applicability-annotation-policy/v2,53be85f067db620137f8e28e1ad8dba4963da0810ba99576ad1138a9ef96cb97,evidence-applicability-annotation-policy/v2+personal-insult-others.1,c9af65f3ab260493c9f86e1b6274d3ac09259f3e9beda78989aa8870ea6e1f9d,False,False,
demo:5865,本质上就是被身份政治洗脑，转移矛盾的傀儡罢了，西方犹资的老套路了，不能只看到表象，要知道幕后黑手是谁,null,needs_discussion,[],"[""被省略的傀儡所指"", ""资本或制度""]",“被洗脑的傀儡”若指具体人或态度人群，可按明确侮辱取 2／others；若整体仍只批评抽象资本或制度，依 #2598、#2701 应取 0／[]。倾向前者；省略对象及完整 group 待讨论，不只因“犹资”补 Racism。,"[0, 2]",2,"[""personal_insult"", ""group_stigmatization""]",,null,ai_note,ai_note,evidence-attack-severity-policy/v1,bf2e4dfa47e38e207de605b5d79361b5d537babcf10677208f82172b061eb4d6,67ba1236f1f056dbe204103e0e517a91fd92677c9d80a63234d2e21a40c426f7,0,evidence-applicability-annotation-policy/v2,53be85f067db620137f8e28e1ad8dba4963da0810ba99576ad1138a9ef96cb97,evidence-applicability-annotation-policy/v2+personal-insult-others.1,c9af65f3ab260493c9f86e1b6274d3ac09259f3e9beda78989aa8870ea6e1f9d,False,False,
demo:5868,其实我觉得东北还好啦，你碰上的大概是个例，因为对大多数东北人来说中国除了东北人都算是南方人......尤其是东北人对家乡文化一般都不太自信,0,scored,[],"[""东北居民""]",为东北居民辩护，并描述家乡文化自信；“不太自信”在这里没有人格羞辱或歧视命题，拟 0／Region。,[],,[],non-hate,"[""Region""]",ai_note,ai_note,evidence-attack-severity-policy/v1,bf2e4dfa47e38e207de605b5d79361b5d537babcf10677208f82172b061eb4d6,034844fa192391e3248cbaa24e98dd796feaf232eeaa30c971bedb7393410320,0,evidence-applicability-annotation-policy/v2,53be85f067db620137f8e28e1ad8dba4963da0810ba99576ad1138a9ef96cb97,evidence-applicability-annotation-policy/v2+personal-insult-others.1,c9af65f3ab260493c9f86e1b6274d3ac09259f3e9beda78989aa8870ea6e1f9d,False,False,
demo:5900,东南亚小国，人家肤色都跟我们一样！说的不好听点，好多小国以前还被中国统治过～这能一样吗？混淆概念呢,null,needs_discussion,[],"[""东南亚国民及被比较群体""]",肤色和国家归属实际参与比较，group 拟 Racism、Region。争点是借“小国、被统治”显示优越感的轻度贬损（1），还是仅陈述所理解的差异（0）；缺少被比较的前文，倾向 1，不核实或背书其历史断言。,"[0, 1]",1,"[""derogation""]",,"[""Racism"", ""Region""]",ai_note,ai_note,evidence-attack-severity-policy/v1,bf2e4dfa47e38e207de605b5d79361b5d537babcf10677208f82172b061eb4d6,9cf1a3d873cdfe1cb7930d9fcb094177873b72aafcd0f6eb4540a74e79f4276f,0,evidence-applicability-annotation-policy/v2,53be85f067db620137f8e28e1ad8dba4963da0810ba99576ad1138a9ef96cb97,evidence-applicability-annotation-policy/v2+personal-insult-others.1,c9af65f3ab260493c9f86e1b6274d3ac09259f3e9beda78989aa8870ea6e1f9d,False,False,
demo:5919,道德绑架够溜 你没有反对我们不喜欢同性恋的权利 正如你没有反对地球是圆的权利 这些必须就这样 不然你就是双标,null,needs_discussion,"[""derogation"", ""personal_insult""]","[""受话者"", ""同性恋群体""]",对受话者有轻度贬评，LGBTQ 也明确参与好恶争论；group 拟 LGBTQ、others。分数倾向 1；是否已构成更强污名（2）或否定平等异议权利（3）待校准，不仅凭“权利”一词直接升 3。,"[1, 2, 3]",1,"[""group_stigmatization"", ""exclusion_or_rights_denial""]",hate,"[""LGBTQ"", ""others""]",ai_note,ai_note,evidence-attack-severity-policy/v1,bf2e4dfa47e38e207de605b5d79361b5d537babcf10677208f82172b061eb4d6,dd7ff1b7f8dc285e15719dde0acfde6a959346bf5d2fdc3eabd2cf9be18dd1ea,0,evidence-applicability-annotation-policy/v2,53be85f067db620137f8e28e1ad8dba4963da0810ba99576ad1138a9ef96cb97,evidence-applicability-annotation-policy/v2+personal-insult-others.1,c9af65f3ab260493c9f86e1b6274d3ac09259f3e9beda78989aa8870ea6e1f9d,False,False,
demo:5924,同性恋总是爱跟异性恋比较，认为自己做的错事别人也会做所以把自己做的错事合理化，只会不断错下去乱下去。连染艾染病后也觉得跟异性恋差不多。同性恋不会正视自己跟异性恋生活上的不同之处，只会看异性恋的缺点不会看异性恋的优点,2,scored,"[""group_stigmatization""]","[""同性恋群体""]",反复把同性恋概括为不知悔改、混乱并染病，拟 2；异性恋也作为比较单位，保留 LGBTQ、others。参照 #5416 的疾病污名而非只看是否显式骂词。,[],,[],hate,"[""LGBTQ"", ""others""]",ai_note,ai_note,evidence-attack-severity-policy/v1,bf2e4dfa47e38e207de605b5d79361b5d537babcf10677208f82172b061eb4d6,526c7df7c35b68e47022a8e68deaf8a71fa1bbda9d1a0863a12bda43861b1265,0,evidence-applicability-annotation-policy/v2,53be85f067db620137f8e28e1ad8dba4963da0810ba99576ad1138a9ef96cb97,evidence-applicability-annotation-policy/v2+personal-insult-others.1,c9af65f3ab260493c9f86e1b6274d3ac09259f3e9beda78989aa8870ea6e1f9d,False,False,
demo:5998,是被阿娜夺舍了吗我寻思着就阿娜这个水平应该也学不会盗号啊,null,needs_discussion,"[""derogation"", ""personal_insult""]","[""被称作阿娜的对象及所比较账号""]",有对对象能力的嘲讽。阿娜可能是特定人的称呼，也可能按未确认词典义项借游戏角色辱女；外部检索只证实角色存在，未证实本句女性义适配。分数候选 1／2／3，倾向 1；group 在 others 与 Sexism、others 间待定。,"[1, 2, 3]",1,"[""group_stigmatization"", ""dehumanization""]",hate,null,ai_note,ai_note,evidence-attack-severity-policy/v1,bf2e4dfa47e38e207de605b5d79361b5d537babcf10677208f82172b061eb4d6,218ffb6ceed85b4863b502805f641b8826888ec4b0c1bb0aa26a25babd9bfb42,0,evidence-applicability-annotation-policy/v2,53be85f067db620137f8e28e1ad8dba4963da0810ba99576ad1138a9ef96cb97,evidence-applicability-annotation-policy/v2+personal-insult-others.1,c9af65f3ab260493c9f86e1b6274d3ac09259f3e9beda78989aa8870ea6e1f9d,False,False,
demo:6006,看了那么多回答，没看到因为说害怕艾滋，搞不懂，男人娶黑女白女好像他们就没啥意见了，女人搞黑哥白男，他们反应好大，看不懂,0,scored,[],"[""不同性别的跨种族婚恋者""]",质疑对男女跨种族关系的双重标准，未另外认可种族污名或个人辱骂，拟 0／Racism、Sexism。“黑哥”等称呼在此没有独立可识别的攻击语气。,[],,[],non-hate,"[""Racism"", ""Sexism""]",ai_note,ai_note,evidence-attack-severity-policy/v1,bf2e4dfa47e38e207de605b5d79361b5d537babcf10677208f82172b061eb4d6,bbc1aa3908b1358fb6f64cc74ab62f89fe35bda6dc6519c7c0d134462ff5e051,0,evidence-applicability-annotation-policy/v2,53be85f067db620137f8e28e1ad8dba4963da0810ba99576ad1138a9ef96cb97,evidence-applicability-annotation-policy/v2+personal-insult-others.1,c9af65f3ab260493c9f86e1b6274d3ac09259f3e9beda78989aa8870ea6e1f9d,False,False,
demo:6035,哈哈雀食，上大人果然都是你这样😄,0,scored,[],"[""上大成员及受话者""]",“上大人”有上海大学成员的直接使用证据；当前按学校身份取 others，不按学校名称补 Region。“你这样”的具体性质缺失，当前文字没有明确贬损命题，沿用 #4744 取 0。,[],,[],non-hate,"[""others""]",ai_note,ai_note,evidence-attack-severity-policy/v1,bf2e4dfa47e38e207de605b5d79361b5d537babcf10677208f82172b061eb4d6,9c75952f051eb61b02df3ca4498aa582f38f46092ba2108b03bd4a85a5039234,0,evidence-applicability-annotation-policy/v2,53be85f067db620137f8e28e1ad8dba4963da0810ba99576ad1138a9ef96cb97,evidence-applicability-annotation-policy/v2+personal-insult-others.1,c9af65f3ab260493c9f86e1b6274d3ac09259f3e9beda78989aa8870ea6e1f9d,False,False,
demo:6074,啊这不给他们开除女权,null,needs_discussion,[],"[""女权群体或被议论者""]",可能讽刺女权资格或群体双标（轻度 1），也可能只在讨论成员立场、使用网络梗（0）。没有说出被开除的原因，倾向 1，但不凭“开除”推成基本权利排斥；group 拟 Sexism。,"[0, 1]",1,"[""derogation""]",,"[""Sexism""]",ai_note,ai_note,evidence-attack-severity-policy/v1,bf2e4dfa47e38e207de605b5d79361b5d537babcf10677208f82172b061eb4d6,92554fed0a143833bc89061b2e08946ede5061f140cc9699529881da4f1dc6bd,0,evidence-applicability-annotation-policy/v2,53be85f067db620137f8e28e1ad8dba4963da0810ba99576ad1138a9ef96cb97,evidence-applicability-annotation-policy/v2+personal-insult-others.1,c9af65f3ab260493c9f86e1b6274d3ac09259f3e9beda78989aa8870ea6e1f9d,False,False,
demo:6083,因为大家有家庭有事业，上学工作，没时间整天拿个手机在网上看它们打残虹拳，它们要么是50w，要么是游手好闲淫虫上脑那类，它们有那跟我们敲键盘的时间还不如去查一下艾淋梅尖,2,scored,"[""group_stigmatization""]","[""性少数权益参与者"", ""被指政治代理的人""]",对性少数权益参与者作政治代理、淫乱和疾病污名，拟 2／LGBTQ、others。others 对应实际被评价的政治代理角色；“淫虫上脑”是欲望污名，没有单凭虫字或代词升级为非人化。,[],,[],hate,"[""LGBTQ"", ""others""]",ai_note,ai_note,evidence-attack-severity-policy/v1,bf2e4dfa47e38e207de605b5d79361b5d537babcf10677208f82172b061eb4d6,b3807d7d27406b3ae244ace708199c52a782e9334c9f0c372ffa853fa7d8b4fc,0,evidence-applicability-annotation-policy/v2,53be85f067db620137f8e28e1ad8dba4963da0810ba99576ad1138a9ef96cb97,evidence-applicability-annotation-policy/v2+personal-insult-others.1,c9af65f3ab260493c9f86e1b6274d3ac09259f3e9beda78989aa8870ea6e1f9d,False,False,
demo:6114,你急什么啊？好国男自然配好国女，你竞争不过好国男，又不想找eg，最后找了个越南🐵，还在这同情好国男呢？好国男表示，你谁啊？可别代表我，我手里没香蕉。哈哈哈。,3,scored,"[""personal_insult"", ""dehumanization"", ""group_stigmatization""]","[""越南伴侣（最高分来自动物化）"", ""受话者""]",用猴与香蕉把越南伴侣动物化，并羞辱受话者、比较男女婚恋身份，拟 3／Region、Sexism、others。参照用户 #528 对国民动物辱称的类别处理，不单由越南国籍或动物词额外推出 Racism。,[],,[],hate,"[""Region"", ""Sexism"", ""others""]",ai_note,ai_note,evidence-attack-severity-policy/v1,bf2e4dfa47e38e207de605b5d79361b5d537babcf10677208f82172b061eb4d6,b63e7e815a5e3d37843fac425b65b268684dea34f86a00f2dabec1c6d8a6ad24,0,evidence-applicability-annotation-policy/v2,53be85f067db620137f8e28e1ad8dba4963da0810ba99576ad1138a9ef96cb97,evidence-applicability-annotation-policy/v2+personal-insult-others.1,c9af65f3ab260493c9f86e1b6274d3ac09259f3e9beda78989aa8870ea6e1f9d,False,False,
demo:615,帖子被删了,0,scored,[],"[""删帖事件""]",中性描述删帖，不含攻击或身份评价，取 0／[]。,[],,[],non-hate,[],ai_note,ai_note,evidence-attack-severity-policy/v1,bf2e4dfa47e38e207de605b5d79361b5d537babcf10677208f82172b061eb4d6,4ffa984defa40cd6324fe34856f18f73848c569e8b8eebf3e2fb3687cda0f1e1,0,evidence-applicability-annotation-policy/v2,53be85f067db620137f8e28e1ad8dba4963da0810ba99576ad1138a9ef96cb97,evidence-applicability-annotation-policy/v2+personal-insult-others.1,c9af65f3ab260493c9f86e1b6274d3ac09259f3e9beda78989aa8870ea6e1f9d,False,False,
demo:6183,以前有个爱狗人士的ID，支持黑人,0,scored,[],"[""被支持的黑人群体""]",可见文本仅叙述某 ID 支持黑人；黑人是支持态度的明确对象，取 Racism，拟 0。“爱狗人士”只是所述 ID，不能据并列提及自行补出黑人是狗的攻击命题。,[],,[],non-hate,"[""Racism""]",ai_note,ai_note,evidence-attack-severity-policy/v1,bf2e4dfa47e38e207de605b5d79361b5d537babcf10677208f82172b061eb4d6,db4b977787abc5b62b06eb6b686a975e2cf78a6f6fabebcce9c7659088b2656c,0,evidence-applicability-annotation-policy/v2,53be85f067db620137f8e28e1ad8dba4963da0810ba99576ad1138a9ef96cb97,evidence-applicability-annotation-policy/v2+personal-insult-others.1,c9af65f3ab260493c9f86e1b6274d3ac09259f3e9beda78989aa8870ea6e1f9d,False,False,
demo:6224,以偏概全了，什么叫底层人的思维，地位低就必须鼠目寸光吗。就是剥削者，小老板 一样有地域偏见的。嘲讽别人的刻板印象自己却也在偏见，我还见过读过大学的老人一样在捡垃圾呢。什么样的思维看人的想思不是看地位。,0,scored,[],"[""阶层、职业、学历、年龄相关人群""]",反驳地位、学历、职业和年龄的思维刻板印象，拟 0／others。虽谈地域偏见，却未给出实际地域人群对象，不机械加 Region；反问中的鼠目寸光不算作者认可的攻击。,[],,[],non-hate,"[""others""]",ai_note,ai_note,evidence-attack-severity-policy/v1,bf2e4dfa47e38e207de605b5d79361b5d537babcf10677208f82172b061eb4d6,5fc22d4d7c7e5c798d72aefd34bb939f43c833a75635acd1c5c117370ffa0004,0,evidence-applicability-annotation-policy/v2,53be85f067db620137f8e28e1ad8dba4963da0810ba99576ad1138a9ef96cb97,evidence-applicability-annotation-policy/v2+personal-insult-others.1,c9af65f3ab260493c9f86e1b6274d3ac09259f3e9beda78989aa8870ea6e1f9d,False,False,
demo:6263,八国洋人在天津消灭了九成天津人，天津貌似没有被毁灭啊,null,needs_discussion,[],"[""天津居民及八国国民""]",八国国民与天津居民构成地域对象。句子可能只是区分居民伤亡与城市存续（0），也可能在轻描淡写、讥讽居民伤亡（1）；倾向 0。可见文本没有明确赞许或号召杀戮，不按消灭一词直接定 4。,"[0, 1]",0,"[""derogation""]",,"[""Region""]",ai_note,ai_note,evidence-attack-severity-policy/v1,bf2e4dfa47e38e207de605b5d79361b5d537babcf10677208f82172b061eb4d6,ce49029928301941d87eff4b74c76db7b0527be3e7516a3cc3a73367c0d430e1,0,evidence-applicability-annotation-policy/v2,53be85f067db620137f8e28e1ad8dba4963da0810ba99576ad1138a9ef96cb97,evidence-applicability-annotation-policy/v2+personal-insult-others.1,c9af65f3ab260493c9f86e1b6274d3ac09259f3e9beda78989aa8870ea6e1f9d,False,False,
demo:6282,哈哈是啊我还记得在香港重庆大厦那些各种好闻的香料和难闻的体味混杂让人恍惚到了伊斯坦布尔的经历，，，不得不承认上帝造人太公平，让印巴人种有深潭一样美丽的眼睛和脸部轮廓但就是不能让人近身，，，，，,2,scored,"[""group_stigmatization""]","[""印巴人种""]",把印巴人种概括成因体味而无法接近，拟 2／Racism。外貌赞美不消除后面的身体污名；香港、伊斯坦布尔仅为旅行背景，未另加 Region。,[],,[],hate,"[""Racism""]",ai_note,ai_note,evidence-attack-severity-policy/v1,bf2e4dfa47e38e207de605b5d79361b5d537babcf10677208f82172b061eb4d6,e1fc02939acbfb785829acae306d439537d40957c00119f856e8465c4b72a37b,0,evidence-applicability-annotation-policy/v2,53be85f067db620137f8e28e1ad8dba4963da0810ba99576ad1138a9ef96cb97,evidence-applicability-annotation-policy/v2+personal-insult-others.1,c9af65f3ab260493c9f86e1b6274d3ac09259f3e9beda78989aa8870ea6e1f9d,False,False,
demo:6291,什么玩意儿。反正我身边的漂亮女同学都跟我玩儿得挺好的，也都很有素质，我也没见过什么乱七八糟的女拳行为啊。少上网，各位。,0,scored,[],"[""女性同学""]",为女性同学辩护，否认自己见到被指控的女拳行为；当前没有另行攻击女性或个人，拟 0／Sexism。不从被否定的词组反推作者认可辱骂。,[],,[],non-hate,"[""Sexism""]",ai_note,ai_note,evidence-attack-severity-policy/v1,bf2e4dfa47e38e207de605b5d79361b5d537babcf10677208f82172b061eb4d6,d9bb2b44b0b2049081e8c576538f35ce14102dbe36f731bb78fa75df71be2685,0,evidence-applicability-annotation-policy/v2,53be85f067db620137f8e28e1ad8dba4963da0810ba99576ad1138a9ef96cb97,evidence-applicability-annotation-policy/v2+personal-insult-others.1,c9af65f3ab260493c9f86e1b6274d3ac09259f3e9beda78989aa8870ea6e1f9d,False,False,
demo:6307,我不歧视河南，我觉得黑河南是有人带节奏,0,scored,[],"[""河南居民""]",明确反对地域歧视并质疑带节奏行为，没有独立辱骂，取 0／Region。,[],,[],non-hate,"[""Region""]",ai_note,ai_note,evidence-attack-severity-policy/v1,bf2e4dfa47e38e207de605b5d79361b5d537babcf10677208f82172b061eb4d6,bd5a7379e554e97d1b17855d7e81e4d92aa30e8f2a4fd43334a6bcd0da54cb77,0,evidence-applicability-annotation-policy/v2,53be85f067db620137f8e28e1ad8dba4963da0810ba99576ad1138a9ef96cb97,evidence-applicability-annotation-policy/v2+personal-insult-others.1,c9af65f3ab260493c9f86e1b6274d3ac09259f3e9beda78989aa8870ea6e1f9d,False,False,
demo:6413,咱不说舔狗和理中客的问题，就说这组织力，就不一样，这次的立法可见一斑。举个例子，去年二月，女拳集体冲霹雳霹雳（B站）那次，组织力度之强，声势浩大，都没见过，而且从各方面下手懂得冲合作方，懂得影响股市、带动舆论。而起因仅仅是B站为了平息风波，各打五十大板，既下架了那部动画，又封了那个舔饭圈和女拳的LexBurner，就被骂“辱女”了。它们的口号：LexBurner可以因为辱女被封，但是不能因为舔它们被封。与之相比，微博上连“鲨光男人”都说得出来，别说冲了，骂都没几个人骂过。所以，短时间内，男性会被女性压着，直到在忍耐中爆发,2,scored,"[""personal_insult"", ""group_stigmatization""]","[""女性及男性群体"", ""LexBurner 与相关社会角色""]",描述事件时使用女性、社会角色与个人的贬称，并作女性压制男性的泛化，拟 2／Sexism、others。鲨光男人是被批评的引文；忍耐中爆发未明确认可身体暴力，不据两处词面升 4。事件真伪不作为本次赋分依据。,[],,[],hate,"[""Sexism"", ""others""]",ai_note,ai_note,evidence-attack-severity-policy/v1,bf2e4dfa47e38e207de605b5d79361b5d537babcf10677208f82172b061eb4d6,8173e9a03bece6f26b3c272ec09d047a2e2881392d56f7af54fd33145bf39903,0,evidence-applicability-annotation-policy/v2,53be85f067db620137f8e28e1ad8dba4963da0810ba99576ad1138a9ef96cb97,evidence-applicability-annotation-policy/v2+personal-insult-others.1,c9af65f3ab260493c9f86e1b6274d3ac09259f3e9beda78989aa8870ea6e1f9d,False,False,
demo:6442,说明现在法制社会啊←_←大家都挺爱护女性的,0,scored,[],"[""女性""]",可见文字只说社会爱护女性，语气符号不足以补出女性特权或其他攻击命题；参照用户对不完整上下文的处理取 0／Sexism。,[],,[],non-hate,"[""Sexism""]",ai_note,ai_note,evidence-attack-severity-policy/v1,bf2e4dfa47e38e207de605b5d79361b5d537babcf10677208f82172b061eb4d6,f90baf01616c4fa66d37979573e65c3ae36ba50e076c5c4b2b2af56535a8cadb,0,evidence-applicability-annotation-policy/v2,53be85f067db620137f8e28e1ad8dba4963da0810ba99576ad1138a9ef96cb97,evidence-applicability-annotation-policy/v2+personal-insult-others.1,c9af65f3ab260493c9f86e1b6274d3ac09259f3e9beda78989aa8870ea6e1f9d,False,False,
demo:6458,无风不起浪，我就被河南人骗了几回了，没得洗,2,scored,"[""group_stigmatization""]","[""河南居民""]",以个人遭遇为河南居民的整体负面声誉背书，并否定辩护空间，拟 2／Region。有明确地方群体和骗的负面属性，不沿用 #4744 的空目标处理。,[],,[],hate,"[""Region""]",ai_note,ai_note,evidence-attack-severity-policy/v1,bf2e4dfa47e38e207de605b5d79361b5d537babcf10677208f82172b061eb4d6,e3cfb7f9a6fab592aa88ec532afef490667aeace996c48f44d417e0bfc67935d,0,evidence-applicability-annotation-policy/v2,53be85f067db620137f8e28e1ad8dba4963da0810ba99576ad1138a9ef96cb97,evidence-applicability-annotation-policy/v2+personal-insult-others.1,c9af65f3ab260493c9f86e1b6274d3ac09259f3e9beda78989aa8870ea6e1f9d,False,False,
