object_id,text,hate,group,attack_severity,pending_tasks,severity_status,label_review_kind,severity_review_kind,label_note,severity_rationale,severity_candidates,severity_suggested_score,hate_policy,group_policy,severity_policy,severity_label_reference_matches_current_values,online_material_confirmed
demo:3612,rush，增加kuai感的,non-hate,[],0,,scored,ai_note,ai_note,只谈物品或物质的用途，不能由其使用联想补出性少数身份。,仅讨论物品或物质的用途，没有针对人的攻击；不据物品联想性少数身份。,[],,"{""sha256"": ""53be85f067db620137f8e28e1ad8dba4963da0810ba99576ad1138a9ef96cb97"", ""version"": ""evidence-applicability-annotation-policy/v2""}","{""version"": ""evidence-applicability-annotation-policy/v2+personal-insult-others.1"", ""sha256"": ""c9af65f3ab260493c9f86e1b6274d3ac09259f3e9beda78989aa8870ea6e1f9d""}","{""version"": ""evidence-attack-severity-policy/v1"", ""sha256"": ""bf2e4dfa47e38e207de605b5d79361b5d537babcf10677208f82172b061eb4d6""}",True,False
demo:3619,其实仔细想想这些地域黑言论，主要都是河南山东和东北，这些还都是粮食大省，微博知乎上都有很多地域黑，就是不断的损毁这些省份的声誉，我是河南人，身边有很对东北同学，我觉的人很好啊，没什么可黑的，室友就是山东的也特别好，真的不知道那些黑子的经历是怎么来的，我遇见的这些省份的人都觉的很好，到黑子嘴里就是十恶不赦了,non-hate,"[""Region""]",0,,scored,ai_note,ai_note,明确用个人经验反对地域居民污名；十恶不赦属于被批评的说法。,作者明确反对地域黑，十恶不赦是被反驳的说法。黑子在本段指地域攻击行为者，未见另外的人格羞辱。,[],,"{""sha256"": ""53be85f067db620137f8e28e1ad8dba4963da0810ba99576ad1138a9ef96cb97"", ""version"": ""evidence-applicability-annotation-policy/v2""}","{""version"": ""evidence-applicability-annotation-policy/v2+personal-insult-others.1"", ""sha256"": ""c9af65f3ab260493c9f86e1b6274d3ac09259f3e9beda78989aa8870ea6e1f9d""}","{""version"": ""evidence-attack-severity-policy/v1"", ""sha256"": ""bf2e4dfa47e38e207de605b5d79361b5d537babcf10677208f82172b061eb4d6""}",True,False
demo:3652,姐姐你的圈子有点小啊，我就见过黑白在学校门口扭打（女的撕打，嘿人被打），女的带着哭腔质问“选我还是选她”？。。。平时不知道用啥语言沟通，这句倒是字正腔圆的京片子。,null,"[""Racism"", ""Sexism""]",null,"hate,attack_severity",needs_discussion,ai_note,ai_note,种族与性别是本句争偶故事的突出对象，group 暂取 Racism、Sexism。与 #2759 的接盘羞辱不同，本句没有同等明确的羞辱词；可能是在讥讽跨种族交往女性，也可能只是讲述冲突和语言反差。仅叙述嘿人被打不自动构成暴力认可，hate 继续待讨论。,需先区分普通叙事和语言反差玩笑，还是借故事羞辱跨种族交往女性。单独叙述打人不计暴力认可；严重度随实际立场确定。,"[0, 1, 2]",1,"{""sha256"": ""53be85f067db620137f8e28e1ad8dba4963da0810ba99576ad1138a9ef96cb97"", ""version"": ""evidence-applicability-annotation-policy/v2""}","{""version"": ""evidence-applicability-annotation-policy/v2+personal-insult-others.1"", ""sha256"": ""c9af65f3ab260493c9f86e1b6274d3ac09259f3e9beda78989aa8870ea6e1f9d""}","{""version"": ""evidence-attack-severity-policy/v1"", ""sha256"": ""bf2e4dfa47e38e207de605b5d79361b5d537babcf10677208f82172b061eb4d6""}",True,False
demo:3660,主要是被嘿嘿玩过的，那不是一般的思想，那得多么的。。。,null,null,null,"hate,group,attack_severity",needs_discussion,ai_note,ai_note,被玩过、那得多么的具有贬低暗示，但嘿嘿所指及被评价者性别仍不够明确。检索未取得能确认本句释义的相关证据。参照 #1509 将词义未知与标签分别处理，但该例尚缺少如 EG 那样已经由用户确认的女性指代，hate/group 继续待讨论。,含贬低暗示，但被评价者身份、嘿嘿的用法和隐含命题尚未确定；严重度随同本句解释讨论，不从其他样本补写语境。,"[0, 1, 2]",2,"{""sha256"": ""53be85f067db620137f8e28e1ad8dba4963da0810ba99576ad1138a9ef96cb97"", ""version"": ""evidence-applicability-annotation-policy/v2""}","{""version"": ""evidence-applicability-annotation-policy/v2+personal-insult-others.1"", ""sha256"": ""c9af65f3ab260493c9f86e1b6274d3ac09259f3e9beda78989aa8870ea6e1f9d""}","{""version"": ""evidence-attack-severity-policy/v1"", ""sha256"": ""bf2e4dfa47e38e207de605b5d79361b5d537babcf10677208f82172b061eb4d6""}",True,False
demo:3680,在姬圈有个别人还觉得“和男的睡过的女的都很脏”也挺无语的,non-hate,"[""Sexism""]",0,,scored,ai_note,ai_note,反对针对女性性经历的污名；姬圈是所述言论来源背景，未对性少数身份整体作评价。,很脏属于被反驳的女性性经历污名；作者的无语针对该观点，未另行实施人格侮辱。,[],,"{""sha256"": ""53be85f067db620137f8e28e1ad8dba4963da0810ba99576ad1138a9ef96cb97"", ""version"": ""evidence-applicability-annotation-policy/v2""}","{""version"": ""evidence-applicability-annotation-policy/v2+personal-insult-others.1"", ""sha256"": ""c9af65f3ab260493c9f86e1b6274d3ac09259f3e9beda78989aa8870ea6e1f9d""}","{""version"": ""evidence-attack-severity-policy/v1"", ""sha256"": ""bf2e4dfa47e38e207de605b5d79361b5d537babcf10677208f82172b061eb4d6""}",True,False
demo:3701,我不喜欢黑人，第一点是，是审美上的问题。第二点是，他们刻在骨子里的懒惰，与不安分。第三点是，他们没有国家认同感，对他们再好，他们也觉得自己是落叶，只知道索取第四点是，他们没有民族荣誉感，他们不会为了民族而斗争。可以慢慢同化，但是要多少时间与代价？？,hate,"[""Racism""]",3,,scored,ai_note,ai_note,明确向黑人群体归因天生懒惰等负面本质。,将负面属性明示为天生本质，并以需要同化及代价来评价，形成对群体本身低劣的判断，倾向 3。没有明确身体伤害主张。,[],,"{""sha256"": ""53be85f067db620137f8e28e1ad8dba4963da0810ba99576ad1138a9ef96cb97"", ""version"": ""evidence-applicability-annotation-policy/v2""}","{""version"": ""evidence-applicability-annotation-policy/v2+personal-insult-others.1"", ""sha256"": ""c9af65f3ab260493c9f86e1b6274d3ac09259f3e9beda78989aa8870ea6e1f9d""}","{""version"": ""evidence-attack-severity-policy/v1"", ""sha256"": ""bf2e4dfa47e38e207de605b5d79361b5d537babcf10677208f82172b061eb4d6""}",True,False
demo:3742,网上喷黑喷同胞的成万上亿，现实中敢和黑人硬碰硬的寥寥无几，看来还是上网喷同胞安全又不犯法😆,null,null,null,"hate,group,attack_severity",needs_discussion,ai_note,ai_note,讥讽网上攻击者不敢现实硬碰黑人；参照 #2773，需要区分是否认可按身份发生冲突，还是仅批评网上喷人行为。黑人明确为讨论对象；同胞是在强调国别身份还是仅指受喷的人，以及网络攻击者是否成为独立角色评价单位，影响完整 group，暂留未决。,倾向轻度讥讽网上攻击者，但要区分普通行为批评、定向贬损和对现实冲突的认可。参照 #2180 不仅凭硬碰硬升 4。,"[0, 1, 4]",1,"{""sha256"": ""53be85f067db620137f8e28e1ad8dba4963da0810ba99576ad1138a9ef96cb97"", ""version"": ""evidence-applicability-annotation-policy/v2""}","{""version"": ""evidence-applicability-annotation-policy/v2+personal-insult-others.1"", ""sha256"": ""c9af65f3ab260493c9f86e1b6274d3ac09259f3e9beda78989aa8870ea6e1f9d""}","{""version"": ""evidence-attack-severity-policy/v1"", ""sha256"": ""bf2e4dfa47e38e207de605b5d79361b5d537babcf10677208f82172b061eb4d6""}",True,False
demo:3749,微博发声的最大声是女拳，讲道理女拳如果不是说那些骇人听闻的反人类的言论，而是正能量的讲这么改变，谁喷你可能还成为主流思想呢，毕竟在中国女性在言论上还是受保护的。打嘴炮那些不算呀，如果硬要算那么低端我也没话说。是女性自己不争取正确价值观，让女拳这样妖魔橫行，而女拳要的条件是政府和人类不可能接受的，也就是说不会改变什么，占着位置不做事。,hate,"[""Sexism""]",2,,scored,ai_note,ai_note,参照 #100、#1158 和第三批 #3212、#3372：本句女拳仍用于性别贬损，并泛化责备女性，不机械另加运动社群 others；未出现独立个人辱骂。妖魔横行是强烈污名，但仅靠比喻词不能自动确定严重度 3。,妖魔横行与女性整体责任的叙述构成明确污名，取 2。比喻针对言论与争论中的女性，不单凭妖魔字面推成已否定其人的地位。,[],,"{""sha256"": ""53be85f067db620137f8e28e1ad8dba4963da0810ba99576ad1138a9ef96cb97"", ""version"": ""evidence-applicability-annotation-policy/v2""}","{""version"": ""evidence-applicability-annotation-policy/v2+personal-insult-others.1"", ""sha256"": ""c9af65f3ab260493c9f86e1b6274d3ac09259f3e9beda78989aa8870ea6e1f9d""}","{""version"": ""evidence-attack-severity-policy/v1"", ""sha256"": ""bf2e4dfa47e38e207de605b5d79361b5d537babcf10677208f82172b061eb4d6""}",True,False
demo:3784,还是不一样的。首先，在非洲的中国人几乎都算当地土豪，土豪享有优先交配权很正常，国内土豪也没少玩。其次，那帮渣男不会因为有个非洲对象就有优越感，更不会因此贬低国内女人。相反，有国外对象的女人明里暗里秀优越，贬国男，甚至当二鬼子的可太多了。,hate,"[""Region"", ""Sexism"", ""others""]",2,,scored,ai_note,ai_note,参照 #2298：这里中外地域身份实际参与比较，取 Region；对有国外对象的女性和国内男女作性别化评价，取 Sexism；土豪作为富裕阶层被赋予优先地位，取 others。没有明确肤色、种族对象，不补加 Racism。二鬼子和男女双重标准支持 hate。,对女性婚恋对象作侮辱性归类，并以双重标准泛化指责，取 2。交配权的粗俗说法保留在证据中，但未明确主张以强制性行为或身体暴力实现所谓优先地位。,[],,"{""sha256"": ""53be85f067db620137f8e28e1ad8dba4963da0810ba99576ad1138a9ef96cb97"", ""version"": ""evidence-applicability-annotation-policy/v2""}","{""version"": ""evidence-applicability-annotation-policy/v2+personal-insult-others.1"", ""sha256"": ""c9af65f3ab260493c9f86e1b6274d3ac09259f3e9beda78989aa8870ea6e1f9d""}","{""version"": ""evidence-attack-severity-policy/v1"", ""sha256"": ""bf2e4dfa47e38e207de605b5d79361b5d537babcf10677208f82172b061eb4d6""}",True,False
demo:3845,短视频不少公的黑人跟中国女孩交往的人啊爆出来的新闻也很多啊,hate,"[""Racism"", ""Sexism""]",null,attack_severity,needs_discussion,ai_note,ai_note,公的黑人把黑人男性作为动物性称谓的贬损对象，种族和男性性别均参与这一称谓，倾向 hate / Racism、Sexism。公的是否已经形成足够强的非人化命题，或仍是 2 级侮辱，另在严重度中讨论；不因添加强度字段而预设其必为 3。,公的把动物性别称谓用于人，已支持侮辱。需校准其是否足以达到 3 级非人化，或为 2 级的贬称；当前倾向 2，与明确母畜的例子分别比较。,"[2, 3]",2,"{""sha256"": ""53be85f067db620137f8e28e1ad8dba4963da0810ba99576ad1138a9ef96cb97"", ""version"": ""evidence-applicability-annotation-policy/v2""}","{""version"": ""evidence-applicability-annotation-policy/v2+personal-insult-others.1"", ""sha256"": ""c9af65f3ab260493c9f86e1b6274d3ac09259f3e9beda78989aa8870ea6e1f9d""}","{""version"": ""evidence-attack-severity-policy/v1"", ""sha256"": ""bf2e4dfa47e38e207de605b5d79361b5d537babcf10677208f82172b061eb4d6""}",True,False
demo:387,一眼真，也就母畜能干得出来这种事,hate,"[""Sexism""]",3,,scored,ai_note,ai_note,使用女性去人化称呼并把行为归于该性别群体。,直接将女性称为畜类并把行为归于该身份，支持严重非人化 3；不同于仅在鸡窝等语境使用带动物字面的性污名。,[],,"{""sha256"": ""53be85f067db620137f8e28e1ad8dba4963da0810ba99576ad1138a9ef96cb97"", ""version"": ""evidence-applicability-annotation-policy/v2""}","{""version"": ""evidence-applicability-annotation-policy/v2+personal-insult-others.1"", ""sha256"": ""c9af65f3ab260493c9f86e1b6274d3ac09259f3e9beda78989aa8870ea6e1f9d""}","{""version"": ""evidence-attack-severity-policy/v1"", ""sha256"": ""bf2e4dfa47e38e207de605b5d79361b5d537babcf10677208f82172b061eb4d6""}",True,False
demo:3882,😆见义勇为：南京小张。😠嫌疑人：黑龙江张某。（在南京居然还敢见义勇为也是很勇了）,null,"[""Region""]",null,"hate,attack_severity",needs_discussion,ai_note,ai_note,前半以南京小张、黑龙江张某的区别批评报道选择地域标签，属于反地域歧视；括号中的在南京居然还敢见义勇为可能另影射当地人，也可能只讽刺当地事件或环境。参照 #1517 的混合表达规则，不让前半反歧视立场覆盖可能的后半攻击，hate 暂待讨论；不补具体历史案件。,前半为地域标签使用的反讽，后半可能影射当地居民，也可能只批评具体事件环境；不补历史案件来定立场，候选 0／1。,"[0, 1]",0,"{""sha256"": ""53be85f067db620137f8e28e1ad8dba4963da0810ba99576ad1138a9ef96cb97"", ""version"": ""evidence-applicability-annotation-policy/v2""}","{""version"": ""evidence-applicability-annotation-policy/v2+personal-insult-others.1"", ""sha256"": ""c9af65f3ab260493c9f86e1b6274d3ac09259f3e9beda78989aa8870ea6e1f9d""}","{""version"": ""evidence-attack-severity-policy/v1"", ""sha256"": ""bf2e4dfa47e38e207de605b5d79361b5d537babcf10677208f82172b061eb4d6""}",True,False
demo:3911,想下一杯水滴上滴墨水，还它嘛好看，还它嘛不黑，黑人总是美化自我，抬高自身，只懂得向欧美索取对于先辈的赔偿，却永不感恩如果不是欧美亚人类，非洲还是石器时代！,hate,"[""Racism""]",3,,scored,ai_note,ai_note,把黑人比为污染物并泛化为索取、不知感恩的群体。,将黑人类比为污染性的墨水，并与欧美亚人类对照，结合文明低等叙述支持 3。索取等泛化一并保留，不把粗口本身当作定级依据。,[],,"{""sha256"": ""53be85f067db620137f8e28e1ad8dba4963da0810ba99576ad1138a9ef96cb97"", ""version"": ""evidence-applicability-annotation-policy/v2""}","{""version"": ""evidence-applicability-annotation-policy/v2+personal-insult-others.1"", ""sha256"": ""c9af65f3ab260493c9f86e1b6274d3ac09259f3e9beda78989aa8870ea6e1f9d""}","{""version"": ""evidence-attack-severity-policy/v1"", ""sha256"": ""bf2e4dfa47e38e207de605b5d79361b5d537babcf10677208f82172b061eb4d6""}",True,False
demo:4272,我没看到他原来的回答，不过我觉得不带有歧视正常的婚恋是没毛病的，那种含有种族歧视的崇洋媚外的却是让人唾弃。,non-hate,[],0,,scored,ai_note,ai_note,评价婚恋中是否存在歧视这一行为原则，没有指明具体种族或其他身份群体。,作者评价含歧视的婚恋观念，唾弃落在所反对的行为；没有另外指向具体人的辱骂或身份污名。,[],,"{""sha256"": ""53be85f067db620137f8e28e1ad8dba4963da0810ba99576ad1138a9ef96cb97"", ""version"": ""evidence-applicability-annotation-policy/v2""}","{""version"": ""evidence-applicability-annotation-policy/v2+personal-insult-others.1"", ""sha256"": ""c9af65f3ab260493c9f86e1b6274d3ac09259f3e9beda78989aa8870ea6e1f9d""}","{""version"": ""evidence-attack-severity-policy/v1"", ""sha256"": ""bf2e4dfa47e38e207de605b5d79361b5d537babcf10677208f82172b061eb4d6""}",True,False
demo:4299,扯吧，微博豆瓣小红书哪个不是女性的天下,non-hate,"[""Sexism""]",0,,scored,ai_note,ai_note,描述女性在平台的占比或话语位置，未表达身份贬损。,扯吧质疑前述命题；其余描述女性在平台的话语位置，没有可见的身份贬损。,[],,"{""sha256"": ""53be85f067db620137f8e28e1ad8dba4963da0810ba99576ad1138a9ef96cb97"", ""version"": ""evidence-applicability-annotation-policy/v2""}","{""version"": ""evidence-applicability-annotation-policy/v2+personal-insult-others.1"", ""sha256"": ""c9af65f3ab260493c9f86e1b6274d3ac09259f3e9beda78989aa8870ea6e1f9d""}","{""version"": ""evidence-attack-severity-policy/v1"", ""sha256"": ""bf2e4dfa47e38e207de605b5d79361b5d537babcf10677208f82172b061eb4d6""}",True,False
demo:43,吧主是重庆的啊，你们那儿也算是重灾区了吧,null,null,null,"hate,group,attack_severity",needs_discussion,ai_note,ai_note,对重庆使用重灾区，但所涉事项未出现。若指实际灾害或事件，只是地点；若影射当地居民，则可能地域贬损。参照 #1456、#3194 不补造上文，也不能将重灾区自动视为既定群体辱骂，保持原有待讨论状态。,重灾区所涉事项缺失，可能只是地点，也可能是群体污名。其含义影响有没有针对人的攻击，随 hate/group 共同讨论。,"[0, 1, 2]",0,"{""sha256"": ""53be85f067db620137f8e28e1ad8dba4963da0810ba99576ad1138a9ef96cb97"", ""version"": ""evidence-applicability-annotation-policy/v2""}","{""version"": ""evidence-applicability-annotation-policy/v2+personal-insult-others.1"", ""sha256"": ""c9af65f3ab260493c9f86e1b6274d3ac09259f3e9beda78989aa8870ea6e1f9d""}","{""version"": ""evidence-attack-severity-policy/v1"", ""sha256"": ""bf2e4dfa47e38e207de605b5d79361b5d537babcf10677208f82172b061eb4d6""}",True,False
demo:4344,仙女在世界第一女拳国享有犯罪豁免权，二等男人就别叽叽歪歪了。女拳国怎么可能有公平的法律。,hate,"[""Sexism""]",2,,scored,ai_note,ai_note,用女性普遍享有犯罪豁免的夸张命题激化男女敌意，并贬称女性群体。,借仙女和犯罪豁免权作性别污名。二等男人在此是作者反讽的受压地位，不是作者认可男性本来低等；参照 #2180 不把表面极端命题直接计为最高级。,[],,"{""sha256"": ""53be85f067db620137f8e28e1ad8dba4963da0810ba99576ad1138a9ef96cb97"", ""version"": ""evidence-applicability-annotation-policy/v2""}","{""version"": ""evidence-applicability-annotation-policy/v2+personal-insult-others.1"", ""sha256"": ""c9af65f3ab260493c9f86e1b6274d3ac09259f3e9beda78989aa8870ea6e1f9d""}","{""version"": ""evidence-attack-severity-policy/v1"", ""sha256"": ""bf2e4dfa47e38e207de605b5d79361b5d537babcf10677208f82172b061eb4d6""}",True,False
demo:4351,河南真的太惨了，我河南同学被黑的不敢说自己是河南的,non-hate,"[""Region""]",0,,scored,ai_note,ai_note,对河南居民受歧视表达同情，不认可引发恐惧的地域攻击。,同情地域歧视受害者，未认可造成恐惧的攻击。,[],,"{""sha256"": ""53be85f067db620137f8e28e1ad8dba4963da0810ba99576ad1138a9ef96cb97"", ""version"": ""evidence-applicability-annotation-policy/v2""}","{""version"": ""evidence-applicability-annotation-policy/v2+personal-insult-others.1"", ""sha256"": ""c9af65f3ab260493c9f86e1b6274d3ac09259f3e9beda78989aa8870ea6e1f9d""}","{""version"": ""evidence-attack-severity-policy/v1"", ""sha256"": ""bf2e4dfa47e38e207de605b5d79361b5d537babcf10677208f82172b061eb4d6""}",True,False
demo:4352,两性关系中掌握了话语权，定义价值，可以写小作文。男人有权力一样有，但是男人的责任女人就没有了。不能要求女人贤良淑德和贞操但依旧要求男人承受大部分经济社会责任扮演供养者角色。全世界大部分国家法律偏向女性。男人在两性舆论阵地上一再失守，从处女情结开始再到年龄要求未来还会攻击亲子情节，对女人有纯洁任何要求都是封建对男人依旧要彩礼物质。女人已经实现了东食西宿。我记得初中时都是不是处女一样好这种为非处辩解的言论，流产都是很难想象的事情。再到我的过去你管不着，我要怀谁的孩子我说了算，尽管她可能有老公（提一句这是有法律和案例支持的）。而男人呢，只会被要求更多以前只要物质，现在还要提供情绪价值和长相好。女人不关心生活中与自己无关的东西不关注宏大叙事，抱团专精与两性领域现在已经取得了极大的成果。,hate,"[""Sexism""]",2,,scored,ai_note,ai_note,将自私、推卸责任等负面属性普遍赋给女性，并以性经历进行羞辱。,明确将逃避责任、自私及性污名泛化给女性，取 2。文字很长不自动升分，未明确主张女性不配为人或剥夺基本权利。,[],,"{""sha256"": ""53be85f067db620137f8e28e1ad8dba4963da0810ba99576ad1138a9ef96cb97"", ""version"": ""evidence-applicability-annotation-policy/v2""}","{""version"": ""evidence-applicability-annotation-policy/v2+personal-insult-others.1"", ""sha256"": ""c9af65f3ab260493c9f86e1b6274d3ac09259f3e9beda78989aa8870ea6e1f9d""}","{""version"": ""evidence-attack-severity-policy/v1"", ""sha256"": ""bf2e4dfa47e38e207de605b5d79361b5d537babcf10677208f82172b061eb4d6""}",True,False
demo:4374,在信仰、价值取向、生活观念、文化认同等方面没有达到一致，无论白人、黑人都是异族；古话说的好：非我族类，其心必异。多看看世界历史上排华、歧华事件，一旦爆发华人在当地就是被掠杀的对象，不要觉得我说的危言耸听，史实就是这样。疫情期间美国那鸟地方不也在歧华？在他们眼里中国人就低人一等，因为他们文化继承里包含着殖民文化带来的种族优越感。,hate,"[""Racism""]",2,,scored,ai_note,ai_note,以异族本质不可信解释白人黑人与华人关系；历史歧视的叙述被用于支持新的群体泛化。,作者认可其他族群本质不可信，取 2。掠杀华人是被谴责的历史叙述，低人一等归属于他们眼里的偏见，不能据此将作者攻击升级为暴力或中国人低等论。,[],,"{""sha256"": ""53be85f067db620137f8e28e1ad8dba4963da0810ba99576ad1138a9ef96cb97"", ""version"": ""evidence-applicability-annotation-policy/v2""}","{""version"": ""evidence-applicability-annotation-policy/v2+personal-insult-others.1"", ""sha256"": ""c9af65f3ab260493c9f86e1b6274d3ac09259f3e9beda78989aa8870ea6e1f9d""}","{""version"": ""evidence-attack-severity-policy/v1"", ""sha256"": ""bf2e4dfa47e38e207de605b5d79361b5d537babcf10677208f82172b061eb4d6""}",True,False
demo:4392,debuff叠满了，本人西安上学维吾尔族极左普信男粉红爱国蛆😄,non-hate,"[""Racism"", ""Sexism"", ""others""]",null,attack_severity,needs_discussion,ai_note,ai_note,明确以本人自述民族、性别及政治角色标签；西安上学只作地点背景。当前倾向 non-hate / Racism、Sexism、others，不因蛆字自动判去人化攻击。自嘲是否还应另记 1 级轻度贬损，在严重度中单独讨论。,明确自述中调侃负面标签；需区分未认可标签的反讽（0）与轻度自我贬评（1）。不按蛆字自动计 3，也不据严重度倒改 non-hate。,"[0, 1]",1,"{""sha256"": ""53be85f067db620137f8e28e1ad8dba4963da0810ba99576ad1138a9ef96cb97"", ""version"": ""evidence-applicability-annotation-policy/v2""}","{""version"": ""evidence-applicability-annotation-policy/v2+personal-insult-others.1"", ""sha256"": ""c9af65f3ab260493c9f86e1b6274d3ac09259f3e9beda78989aa8870ea6e1f9d""}","{""version"": ""evidence-attack-severity-policy/v1"", ""sha256"": ""bf2e4dfa47e38e207de605b5d79361b5d537babcf10677208f82172b061eb4d6""}",True,False
demo:4443,针对女拳而已，😆应该还有些好点的女人,hate,"[""Sexism""]",1,,scored,ai_note,ai_note,参照 #100、#1158：女拳与应该还有些好点的女人共同实施女性贬损；不将女拳另当成独立政治社群 others，也没有另行个人辱骂。整体是轻度负面概括，倾向 hate / Sexism。,将好女人说成少数例外，形成轻度负面概括；参照 #100 与 #3281，低强度仍可保留 hate。,[],,"{""sha256"": ""53be85f067db620137f8e28e1ad8dba4963da0810ba99576ad1138a9ef96cb97"", ""version"": ""evidence-applicability-annotation-policy/v2""}","{""version"": ""evidence-applicability-annotation-policy/v2+personal-insult-others.1"", ""sha256"": ""c9af65f3ab260493c9f86e1b6274d3ac09259f3e9beda78989aa8870ea6e1f9d""}","{""version"": ""evidence-attack-severity-policy/v1"", ""sha256"": ""bf2e4dfa47e38e207de605b5d79361b5d537babcf10677208f82172b061eb4d6""}",True,False
demo:4448,你这逻辑就不对！河南现在被黑，有人出来说话，前提不是河南还是被黑？不是河南人，你们根本不知道河南人被黑的情况。拜托不要慷他人之慨！,non-hate,"[""Region""]",0,,scored,ai_note,ai_note,为河南居民遭受地域攻击的经历辩护，批评对方轻视该经历。,为河南居民的受歧视经历辩护，批评对方替他人作决定的行为，未见独立人格辱骂。,[],,"{""sha256"": ""53be85f067db620137f8e28e1ad8dba4963da0810ba99576ad1138a9ef96cb97"", ""version"": ""evidence-applicability-annotation-policy/v2""}","{""version"": ""evidence-applicability-annotation-policy/v2+personal-insult-others.1"", ""sha256"": ""c9af65f3ab260493c9f86e1b6274d3ac09259f3e9beda78989aa8870ea6e1f9d""}","{""version"": ""evidence-attack-severity-policy/v1"", ""sha256"": ""bf2e4dfa47e38e207de605b5d79361b5d537babcf10677208f82172b061eb4d6""}",True,False
demo:4487,我也有查犹太人的历史,non-hate,[],0,,scored,ai_note,ai_note,只是说明自己查史的行为，没有对犹太身份作评价或辩护。,只陈述查史行为，没有群体评价或攻击命题。,[],,"{""sha256"": ""53be85f067db620137f8e28e1ad8dba4963da0810ba99576ad1138a9ef96cb97"", ""version"": ""evidence-applicability-annotation-policy/v2""}","{""version"": ""evidence-applicability-annotation-policy/v2+personal-insult-others.1"", ""sha256"": ""c9af65f3ab260493c9f86e1b6274d3ac09259f3e9beda78989aa8870ea6e1f9d""}","{""version"": ""evidence-attack-severity-policy/v1"", ""sha256"": ""bf2e4dfa47e38e207de605b5d79361b5d537babcf10677208f82172b061eb4d6""}",True,False
demo:4496,我在bilibili吧发了帖子直接被秒删,non-hate,[],0,,scored,ai_note,ai_note,陈述删帖经历，未以平台成员身份评价人群。,陈述删帖经历，没有另外对人群实施攻击。,[],,"{""sha256"": ""53be85f067db620137f8e28e1ad8dba4963da0810ba99576ad1138a9ef96cb97"", ""version"": ""evidence-applicability-annotation-policy/v2""}","{""version"": ""evidence-applicability-annotation-policy/v2+personal-insult-others.1"", ""sha256"": ""c9af65f3ab260493c9f86e1b6274d3ac09259f3e9beda78989aa8870ea6e1f9d""}","{""version"": ""evidence-attack-severity-policy/v1"", ""sha256"": ""bf2e4dfa47e38e207de605b5d79361b5d537babcf10677208f82172b061eb4d6""}",True,False
demo:465,还在吹这个计划😅,non-hate,[],0,,scored,ai_note,ai_note,质疑吹捧计划这一行为，没有可确认的人群身份对象。,批评吹捧计划的行为，没有独立的人格侮辱；嘲讽表情不自动赋正分。,[],,"{""sha256"": ""53be85f067db620137f8e28e1ad8dba4963da0810ba99576ad1138a9ef96cb97"", ""version"": ""evidence-applicability-annotation-policy/v2""}","{""version"": ""evidence-applicability-annotation-policy/v2+personal-insult-others.1"", ""sha256"": ""c9af65f3ab260493c9f86e1b6274d3ac09259f3e9beda78989aa8870ea6e1f9d""}","{""version"": ""evidence-attack-severity-policy/v1"", ""sha256"": ""bf2e4dfa47e38e207de605b5d79361b5d537babcf10677208f82172b061eb4d6""}",True,False
demo:4653,不太认同，虽然我本身的审美是黄种人，但是有的人就是喜欢白种人或者黑人吧，就像有的男人就是喜欢白人妹子一样。一棍子打死所有人不好吧🤔,non-hate,"[""Racism"", ""Sexism""]",0,,scored,ai_note,ai_note,反对对种族择偶偏好的整体否定，实际讨论种族与性别对象。,反对对择偶偏好一概否定；一棍子打死在此是被否定的概括性成语，不计身体暴力。,[],,"{""sha256"": ""53be85f067db620137f8e28e1ad8dba4963da0810ba99576ad1138a9ef96cb97"", ""version"": ""evidence-applicability-annotation-policy/v2""}","{""version"": ""evidence-applicability-annotation-policy/v2+personal-insult-others.1"", ""sha256"": ""c9af65f3ab260493c9f86e1b6274d3ac09259f3e9beda78989aa8870ea6e1f9d""}","{""version"": ""evidence-attack-severity-policy/v1"", ""sha256"": ""bf2e4dfa47e38e207de605b5d79361b5d537babcf10677208f82172b061eb4d6""}",True,False
demo:467,毕竟同性是真“艾”,hate,"[""LGBTQ""]",2,,scored,ai_note,ai_note,以爱与艾双关将同性关系污名化为艾滋病。,以爱／艾双关将同性关系与疾病污名相连，属于明确群体污名，取 2；没有因病而不配为人或剥夺权利的追加主张。,[],,"{""sha256"": ""53be85f067db620137f8e28e1ad8dba4963da0810ba99576ad1138a9ef96cb97"", ""version"": ""evidence-applicability-annotation-policy/v2""}","{""version"": ""evidence-applicability-annotation-policy/v2+personal-insult-others.1"", ""sha256"": ""c9af65f3ab260493c9f86e1b6274d3ac09259f3e9beda78989aa8870ea6e1f9d""}","{""version"": ""evidence-attack-severity-policy/v1"", ""sha256"": ""bf2e4dfa47e38e207de605b5d79361b5d537babcf10677208f82172b061eb4d6""}",True,False
demo:4690,这吧的都魔怔了喊不醒,hate,"[""others""]",1,,scored,ai_note,ai_note,参照 #3281 及 #179：对贴吧社群成员整体说都魔怔了、喊不醒，足以支持 hate / others，不再以社群不属专门身份类别为由悬置 hate。与 #309 的轻度人格贬评相近，严重度可另取 1。,轻度概括社群成员的精神状态；参照 #309 的人格贬评以及 #3281 的平台用户贬损，取 1，不按魔怔字面诊断疾病或升级为非人化。,[],,"{""sha256"": ""53be85f067db620137f8e28e1ad8dba4963da0810ba99576ad1138a9ef96cb97"", ""version"": ""evidence-applicability-annotation-policy/v2""}","{""version"": ""evidence-applicability-annotation-policy/v2+personal-insult-others.1"", ""sha256"": ""c9af65f3ab260493c9f86e1b6274d3ac09259f3e9beda78989aa8870ea6e1f9d""}","{""version"": ""evidence-attack-severity-policy/v1"", ""sha256"": ""bf2e4dfa47e38e207de605b5d79361b5d537babcf10677208f82172b061eb4d6""}",True,False
demo:4744,可以说，以上的地域歧视只能说是略有夸大。但是几乎全部都有事实依据。要真是空穴来风根本不可能流传开来。,hate,"[""Region""]",null,,insufficient_evidence,ai_note,ai_note,明确为地域歧视作普遍正当化，支持 hate / Region。具体被认可的地域命题未给出，不能从以上或全部猜出其最高严重度；严重度独立保留 null。,明确认可地域歧视，但以上所指具体命题不可见，无法可靠判断最高攻击等级。已确认存在攻击不等于已知攻击强弱；严重度保留待定。,[],,"{""sha256"": ""53be85f067db620137f8e28e1ad8dba4963da0810ba99576ad1138a9ef96cb97"", ""version"": ""evidence-applicability-annotation-policy/v2""}","{""version"": ""evidence-applicability-annotation-policy/v2+personal-insult-others.1"", ""sha256"": ""c9af65f3ab260493c9f86e1b6274d3ac09259f3e9beda78989aa8870ea6e1f9d""}","{""version"": ""evidence-attack-severity-policy/v1"", ""sha256"": ""bf2e4dfa47e38e207de605b5d79361b5d537babcf10677208f82172b061eb4d6""}",True,False
