schema_version,stratum,n,task,effect,mean,median,q25,q75,positive_fraction,negative_fraction,zero_fraction,missing_reason
general-model-nolabel-paired-cases/v1,all,643,hate,E_remove_with_D,0.29358160514297604,0.32048988342285156,-0.4818096160888672,1.1237974166870117,0.609642301710731,0.3856920684292379,0.004665629860031105,null
general-model-nolabel-paired-cases/v1,all,643,hate,E_remove_without_D,-0.1307907045165636,-0.140472412109375,-1.030470848083496,0.8014774322509766,0.4572317262830482,0.5381026438569206,0.004665629860031105,null
general-model-nolabel-paired-cases/v1,all,643,hate,E_S_given_D,-0.03576393483400716,-0.4904804229736328,-2.209146499633789,1.6762762069702148,0.41368584758942456,0.5816485225505443,0.004665629860031105,null
general-model-nolabel-paired-cases/v1,all,643,hate,I_S_D,-0.6878665490988439,-0.9397697448730469,-3.716388702392578,2.0869407653808594,0.40435458786936235,0.5909797822706065,0.004665629860031105,null
general-model-nolabel-paired-cases/v1,all,643,hate,E_remove_with_D_hate_logodds,0.4368548890109381,0.42679405212402344,-0.3276863098144531,1.2853527069091797,0.6640746500777605,0.3312597200622084,0.004665629860031105,null
general-model-nolabel-paired-cases/v1,all,643,hate,E_remove_without_D_hate_logodds,-0.14197410951320713,-0.10842514038085938,-1.0788497924804688,0.8091745376586914,0.4618973561430793,0.5334370139968896,0.004665629860031105,null
general-model-nolabel-paired-cases/v1,all,643,hate,E_S_given_D_hate_logodds,-2.08776333691729,-1.8206310272216797,-3.3709287643432617,-0.38054370880126953,0.17884914463452567,0.8164852255054432,0.004665629860031105,null
general-model-nolabel-paired-cases/v1,all,643,hate,I_S_D_hate_logodds,0.015518568166492516,-0.1481475830078125,-3.095330238342285,2.9604225158691406,0.4867807153965785,0.5085536547433903,0.004665629860031105,null
general-model-nolabel-paired-cases/v1,all,643,group,E_remove_with_D,0.5674560392625966,0.35901451110839844,-1.7784347534179688,2.984281539916992,0.552099533437014,0.4432348367029549,0.004665629860031105,null
general-model-nolabel-paired-cases/v1,all,643,group,E_remove_without_D,-0.4449451292284169,-0.06830978393554688,-3.0835704803466797,2.717770576477051,0.4867807153965785,0.5085536547433903,0.004665629860031105,null
general-model-nolabel-paired-cases/v1,all,643,group,E_S_given_D,0.7832475042268982,0.5821533203125,-3.122786521911621,4.459456443786621,0.536547433903577,0.45878693623639194,0.004665629860031105,null
general-model-nolabel-paired-cases/v1,all,643,group,I_S_D,-0.17258494304461205,-0.6484699249267578,-6.168059349060059,5.985678672790527,0.4727838258164852,0.5225505443234837,0.004665629860031105,null
general-model-nolabel-paired-cases/v1,Lq_hit,223,hate,E_remove_with_D,0.5391830307485811,0.5829124450683594,-0.21346282958984375,1.4775218963623047,0.695067264573991,0.30493273542600896,0.0,null
general-model-nolabel-paired-cases/v1,Lq_hit,223,hate,E_remove_without_D,-0.18998938932547121,-0.2081298828125,-1.0204105377197266,0.5356588363647461,0.4170403587443946,0.5829596412556054,0.0,null
general-model-nolabel-paired-cases/v1,Lq_hit,223,hate,E_S_given_D,-1.2418538337331182,-1.247243881225586,-2.4631128311157227,-0.07158374786376953,0.21973094170403587,0.7802690582959642,0.0,null
general-model-nolabel-paired-cases/v1,Lq_hit,223,hate,I_S_D,-2.677380052917207,-2.6756858825683594,-5.207892417907715,-0.10696125030517578,0.242152466367713,0.757847533632287,0.0,null
general-model-nolabel-paired-cases/v1,Lq_hit,223,hate,E_remove_with_D_hate_logodds,0.7463046531506183,0.8024196624755859,0.08134269714355469,1.5840768814086914,0.7623318385650224,0.23766816143497757,0.0,null
general-model-nolabel-paired-cases/v1,Lq_hit,223,hate,E_remove_without_D_hate_logodds,-0.07599853720900189,-0.18804168701171875,-0.9849452972412109,0.6100101470947266,0.4484304932735426,0.5515695067264574,0.0,null
general-model-nolabel-paired-cases/v1,Lq_hit,223,hate,E_S_given_D_hate_logodds,-1.3160166462440661,-1.421173095703125,-2.517758369445801,-0.12786579132080078,0.2062780269058296,0.7937219730941704,0.0,null
general-model-nolabel-paired-cases/v1,Lq_hit,223,hate,I_S_D_hate_logodds,-2.9538841247558594,-2.9302711486816406,-5.25130558013916,-0.5486392974853516,0.21076233183856502,0.7892376681614349,0.0,null
general-model-nolabel-paired-cases/v1,Lq_hit,223,group,E_remove_with_D,0.7807727009726212,-0.19559478759765625,-2.6516361236572266,4.472002029418945,0.484304932735426,0.515695067264574,0.0,null
general-model-nolabel-paired-cases/v1,Lq_hit,223,group,E_remove_without_D,-1.0295486963383285,-1.4807262420654297,-5.5056610107421875,3.8516101837158203,0.3991031390134529,0.600896860986547,0.0,null
general-model-nolabel-paired-cases/v1,Lq_hit,223,group,E_S_given_D,0.6117534209794527,0.4091835021972656,-3.871824264526367,5.490665435791016,0.5336322869955157,0.4663677130044843,0.0,null
general-model-nolabel-paired-cases/v1,Lq_hit,223,group,I_S_D,-1.666930134520937,-2.194608688354492,-9.187253952026367,5.073596000671387,0.4349775784753363,0.5650224215246636,0.0,null
general-model-nolabel-paired-cases/v1,Lq_no_hit,420,hate,E_remove_with_D,0.16317894345238096,0.17226886749267578,-0.6094522476196289,0.9240379333496094,0.5642857142857143,0.42857142857142855,0.007142857142857143,null
general-model-nolabel-paired-cases/v1,Lq_no_hit,420,hate,E_remove_without_D,-0.09935902186802455,-0.07851982116699219,-1.0341458320617676,0.9222526550292969,0.4785714285714286,0.5142857142857142,0.007142857142857143,null
general-model-nolabel-paired-cases/v1,Lq_no_hit,420,hate,E_S_given_D,0.6046123686290923,0.10112571716308594,-1.9285073280334473,2.8511734008789062,0.5166666666666667,0.47619047619047616,0.007142857142857143,null
general-model-nolabel-paired-cases/v1,Lq_no_hit,420,hate,I_S_D,0.3684703826904297,-0.06884002685546875,-2.385807514190674,3.1679530143737793,0.49047619047619045,0.5023809523809524,0.007142857142857143,null
general-model-nolabel-paired-cases/v1,Lq_no_hit,420,hate,E_remove_with_D_hate_logodds,0.2725517999558222,0.2840747833251953,-0.4676661491394043,1.1398944854736328,0.611904761904762,0.38095238095238093,0.007142857142857143,null
general-model-nolabel-paired-cases/v1,Lq_no_hit,420,hate,E_remove_without_D_hate_logodds,-0.17700399671282088,-0.07769584655761719,-1.1002893447875977,0.8965740203857422,0.46904761904761905,0.5238095238095238,0.007142857142857143,null
general-model-nolabel-paired-cases/v1,Lq_no_hit,420,hate,E_S_given_D_hate_logodds,-2.497524079822359,-2.2093658447265625,-3.8376359939575195,-0.6405491828918457,0.16428571428571428,0.8285714285714286,0.007142857142857143,null
general-model-nolabel-paired-cases/v1,Lq_no_hit,420,hate,I_S_D_hate_logodds,1.592129997980027,1.3178930282592773,-1.2422308921813965,4.476231575012207,0.6333333333333333,0.3595238095238095,0.007142857142857143,null
general-model-nolabel-paired-cases/v1,Lq_no_hit,420,group,E_remove_with_D,0.4541950498308454,0.5657882690429688,-1.4653773307800293,2.7334232330322266,0.5880952380952381,0.40476190476190477,0.007142857142857143,null
general-model-nolabel-paired-cases/v1,Lq_no_hit,420,group,E_remove_without_D,-0.13454847335815429,0.18588638305664062,-2.2479381561279297,2.5908145904541016,0.5333333333333333,0.4595238095238095,0.007142857142857143,null
general-model-nolabel-paired-cases/v1,Lq_no_hit,420,group,E_S_given_D,0.8743026960463751,0.6954488754272461,-2.8876523971557617,4.0379438400268555,0.5380952380952381,0.45476190476190476,0.007142857142857143,null
general-model-nolabel-paired-cases/v1,Lq_no_hit,420,group,I_S_D,0.6208411943344843,-0.007080078125,-4.999171257019043,6.865725040435791,0.4928571428571429,0.5,0.007142857142857143,null
general-model-nolabel-paired-cases/v1,gold_hate,390,hate,E_remove_with_D,0.6021418791550857,0.5385265350341797,-0.05864286422729492,1.3389301300048828,0.7282051282051282,0.2692307692307692,0.002564102564102564,null
general-model-nolabel-paired-cases/v1,gold_hate,390,hate,E_remove_without_D,-0.22485612233479818,-0.1990642547607422,-1.0898151397705078,0.7105989456176758,0.4358974358974359,0.5615384615384615,0.002564102564102564,null
general-model-nolabel-paired-cases/v1,gold_hate,390,hate,E_S_given_D,-1.7505487637642103,-1.6080589294433594,-2.9465622901916504,-0.42406654357910156,0.16666666666666666,0.8307692307692308,0.002564102564102564,null
general-model-nolabel-paired-cases/v1,gold_hate,390,hate,I_S_D,-0.5542560919737205,-1.0082530975341797,-3.870523452758789,2.3509607315063477,0.4128205128205128,0.5846153846153846,0.002564102564102564,null
general-model-nolabel-paired-cases/v1,gold_hate,390,hate,E_remove_with_D_hate_logodds,0.6021418791550857,0.5385265350341797,-0.05864286422729492,1.3389301300048828,0.7282051282051282,0.2692307692307692,0.002564102564102564,null
general-model-nolabel-paired-cases/v1,gold_hate,390,hate,E_remove_without_D_hate_logodds,-0.22485612233479818,-0.1990642547607422,-1.0898151397705078,0.7105989456176758,0.4358974358974359,0.5615384615384615,0.002564102564102564,null
general-model-nolabel-paired-cases/v1,gold_hate,390,hate,E_S_given_D_hate_logodds,-1.7505487637642103,-1.6080589294433594,-2.9465622901916504,-0.42406654357910156,0.16666666666666666,0.8307692307692308,0.002564102564102564,null
general-model-nolabel-paired-cases/v1,gold_hate,390,hate,I_S_D_hate_logodds,-0.5542560919737205,-1.0082530975341797,-3.870523452758789,2.3509607315063477,0.4128205128205128,0.5846153846153846,0.002564102564102564,null
general-model-nolabel-paired-cases/v1,gold_hate,390,group,E_remove_with_D,-0.26945703946627103,-0.572972297668457,-3.2064924240112305,2.013251304626465,0.4256410256410256,0.5717948717948718,0.002564102564102564,null
general-model-nolabel-paired-cases/v1,gold_hate,390,group,E_remove_without_D,-1.6310186924078525,-1.806814193725586,-5.3155694007873535,1.75689697265625,0.36153846153846153,0.6358974358974359,0.002564102564102564,null
general-model-nolabel-paired-cases/v1,gold_hate,390,group,E_S_given_D,-0.25465735900096403,-0.48794078826904297,-4.62089729309082,3.415019989013672,0.45384615384615384,0.5435897435897435,0.002564102564102564,null
general-model-nolabel-paired-cases/v1,gold_hate,390,group,I_S_D,0.3379163448627178,0.7633981704711914,-6.0275115966796875,7.895111083984375,0.541025641025641,0.4564102564102564,0.002564102564102564,null
general-model-nolabel-paired-cases/v1,gold_non_hate,253,hate,E_remove_with_D,-0.18206466704960397,-0.16845130920410156,-1.1970863342285156,0.6324119567871094,0.4268774703557312,0.5652173913043478,0.007905138339920948,null
general-model-nolabel-paired-cases/v1,gold_non_hate,253,hate,E_remove_without_D,0.014211322950280231,-0.0019989013671875,-0.9752693176269531,1.0444488525390625,0.4901185770750988,0.5019762845849802,0.007905138339920948,null
general-model-nolabel-paired-cases/v1,gold_non_hate,253,hate,E_S_given_D,2.607580267864725,2.3569297790527344,0.3177452087402344,4.133995056152344,0.7944664031620553,0.1976284584980237,0.007905138339920948,null
general-model-nolabel-paired-cases/v1,gold_non_hate,253,hate,I_S_D,-0.8938273328095085,-0.881683349609375,-3.5906848907470703,1.9322128295898438,0.391304347826087,0.6007905138339921,0.007905138339920948,null
general-model-nolabel-paired-cases/v1,gold_non_hate,253,hate,E_remove_with_D_hate_logodds,0.18206466704960397,0.16845130920410156,-0.6324119567871094,1.1970863342285156,0.5652173913043478,0.4268774703557312,0.007905138339920948,null
general-model-nolabel-paired-cases/v1,gold_non_hate,253,hate,E_remove_without_D_hate_logodds,-0.014211322950280231,0.0019989013671875,-1.0444488525390625,0.9752693176269531,0.5019762845849802,0.4901185770750988,0.007905138339920948,null
general-model-nolabel-paired-cases/v1,gold_non_hate,253,hate,E_S_given_D_hate_logodds,-2.607580267864725,-2.3569297790527344,-4.133995056152344,-0.3177452087402344,0.1976284584980237,0.7944664031620553,0.007905138339920948,null
general-model-nolabel-paired-cases/v1,gold_non_hate,253,hate,I_S_D_hate_logodds,0.8938273328095085,0.881683349609375,-1.9322128295898438,3.5906848907470703,0.6007905138339921,0.391304347826087,0.007905138339920948,null
general-model-nolabel-paired-cases/v1,gold_non_hate,253,group,E_remove_with_D,1.8575592041015625,1.6263923645019531,0.0,3.2859325408935547,0.7470355731225297,0.2450592885375494,0.007905138339920948,null
general-model-nolabel-paired-cases/v1,gold_non_hate,253,group,E_remove_without_D,1.3833896124315828,0.9214115142822266,-0.43074798583984375,3.2428970336914062,0.6798418972332015,0.31225296442687744,0.007905138339920948,null
general-model-nolabel-paired-cases/v1,gold_non_hate,253,group,E_S_given_D,2.3831799020880298,2.238483428955078,-1.0148468017578125,6.14801025390625,0.6640316205533597,0.32806324110671936,0.007905138339920948,null
general-model-nolabel-paired-cases/v1,gold_non_hate,253,group,I_S_D,-0.959523687249587,-1.8954143524169922,-6.341342926025391,4.019420623779297,0.3675889328063241,0.6245059288537549,0.007905138339920948,null
general-model-nolabel-paired-cases/v1,gold_group_0,252,hate,E_remove_with_D,-0.18383213073488266,-0.17954730987548828,-1.1979045867919922,0.6331262588500977,0.4246031746031746,0.5674603174603174,0.007936507936507936,null
general-model-nolabel-paired-cases/v1,gold_group_0,252,hate,E_remove_without_D,0.013064331478542753,-0.006548881530761719,-0.9754409790039062,1.047450065612793,0.4880952380952381,0.503968253968254,0.007936507936507936,null
general-model-nolabel-paired-cases/v1,gold_group_0,252,hate,E_S_given_D,2.612173564850338,2.3675403594970703,0.31009674072265625,4.138323783874512,0.7936507936507936,0.1984126984126984,0.007936507936507936,null
general-model-nolabel-paired-cases/v1,gold_group_0,252,hate,I_S_D,-0.9099187321133084,-0.8997364044189453,-3.605907917022705,1.9284934997558594,0.3888888888888889,0.6031746031746031,0.007936507936507936,null
general-model-nolabel-paired-cases/v1,gold_group_0,252,hate,E_remove_with_D_hate_logodds,0.18383213073488266,0.17954730987548828,-0.6331262588500977,1.1979045867919922,0.5674603174603174,0.4246031746031746,0.007936507936507936,null
general-model-nolabel-paired-cases/v1,gold_group_0,252,hate,E_remove_without_D_hate_logodds,-0.013064331478542753,0.006548881530761719,-1.047450065612793,0.9754409790039062,0.503968253968254,0.4880952380952381,0.007936507936507936,null
general-model-nolabel-paired-cases/v1,gold_group_0,252,hate,E_S_given_D_hate_logodds,-2.612173564850338,-2.3675403594970703,-4.138323783874512,-0.31009674072265625,0.1984126984126984,0.7936507936507936,0.007936507936507936,null
general-model-nolabel-paired-cases/v1,gold_group_0,252,hate,I_S_D_hate_logodds,0.9099187321133084,0.8997364044189453,-1.9284934997558594,3.605907917022705,0.6031746031746031,0.3888888888888889,0.007936507936507936,null
general-model-nolabel-paired-cases/v1,gold_group_0,252,group,E_remove_with_D,1.8805861397395058,1.645573616027832,0.00739288330078125,3.3263134956359863,0.75,0.24206349206349206,0.007936507936507936,null
general-model-nolabel-paired-cases/v1,gold_group_0,252,group,E_remove_without_D,1.4161163436041937,0.9286642074584961,-0.39965152740478516,3.2442846298217773,0.6825396825396826,0.30952380952380953,0.007936507936507936,null
general-model-nolabel-paired-cases/v1,gold_group_0,252,group,E_S_given_D,2.443300239623539,2.2400312423706055,-1.0090618133544922,6.174795150756836,0.6666666666666666,0.3253968253968254,0.007936507936507936,null
general-model-nolabel-paired-cases/v1,gold_group_0,252,group,I_S_D,-0.9858543910677471,-1.9291391372680664,-6.399541854858398,3.6063947677612305,0.36507936507936506,0.626984126984127,0.007936507936507936,null
general-model-nolabel-paired-cases/v1,gold_group_1,328,hate,E_remove_with_D,0.5399613671186494,0.508880615234375,-0.12860918045043945,1.2933988571166992,0.7164634146341463,0.2804878048780488,0.003048780487804878,null
general-model-nolabel-paired-cases/v1,gold_group_1,328,hate,E_remove_without_D,-0.21848479131372964,-0.18860530853271484,-1.10723876953125,0.7337274551391602,0.4451219512195122,0.551829268292683,0.003048780487804878,null
general-model-nolabel-paired-cases/v1,gold_group_1,328,hate,E_S_given_D,-1.7400593350573283,-1.499490737915039,-2.806818962097168,-0.4260540008544922,0.1676829268292683,0.8292682926829268,0.003048780487804878,null
general-model-nolabel-paired-cases/v1,gold_group_1,328,hate,I_S_D,-0.3983006768110322,-0.6440420150756836,-3.834920883178711,2.6837782859802246,0.43902439024390244,0.5579268292682927,0.003048780487804878,null
general-model-nolabel-paired-cases/v1,gold_group_1,328,hate,E_remove_with_D_hate_logodds,0.5383556586940114,0.508880615234375,-0.13923120498657227,1.2933988571166992,0.7134146341463414,0.28353658536585363,0.003048780487804878,null
general-model-nolabel-paired-cases/v1,gold_group_1,328,hate,E_remove_without_D_hate_logodds,-0.2203338960321938,-0.19218158721923828,-1.10723876953125,0.7337274551391602,0.4420731707317073,0.5548780487804879,0.003048780487804878,null
general-model-nolabel-paired-cases/v1,gold_group_1,328,hate,E_S_given_D_hate_logodds,-1.7489012218103177,-1.499490737915039,-2.806818962097168,-0.438936710357666,0.16463414634146342,0.8323170731707317,0.003048780487804878,null
general-model-nolabel-paired-cases/v1,gold_group_1,328,hate,I_S_D_hate_logodds,-0.41757631883388613,-0.7795276641845703,-3.834920883178711,2.6760053634643555,0.43597560975609756,0.5609756097560976,0.003048780487804878,null
general-model-nolabel-paired-cases/v1,gold_group_1,328,group,E_remove_with_D,-0.047975487825347156,-0.4769172668457031,-3.0116395950317383,1.972170352935791,0.4268292682926829,0.5701219512195121,0.003048780487804878,null
general-model-nolabel-paired-cases/v1,gold_group_1,328,group,E_remove_without_D,-2.207791944829429,-1.9134483337402344,-5.313186168670654,1.0804519653320312,0.3384146341463415,0.6585365853658537,0.003048780487804878,null
general-model-nolabel-paired-cases/v1,gold_group_1,328,group,E_S_given_D,-0.14621418278391768,-0.46216297149658203,-4.406373500823975,3.4487361907958984,0.45121951219512196,0.5457317073170732,0.003048780487804878,null
general-model-nolabel-paired-cases/v1,gold_group_1,328,group,I_S_D,1.2405610724193294,2.0377206802368164,-4.962314605712891,8.664514064788818,0.5853658536585366,0.4115853658536585,0.003048780487804878,null
general-model-nolabel-paired-cases/v1,gold_group_2plus,63,hate,E_remove_with_D,0.9204974704318576,0.9965877532958984,0.18865203857421875,1.6024370193481445,0.7936507936507936,0.20634920634920634,0.0,null
general-model-nolabel-paired-cases/v1,gold_group_2plus,63,hate,E_remove_without_D,-0.24964480929904515,-0.25421905517578125,-0.9408473968505859,0.45502662658691406,0.3968253968253968,0.6031746031746031,0.0,null
general-model-nolabel-paired-cases/v1,gold_group_2plus,63,hate,E_S_given_D,-1.754356929234096,-1.8575592041015625,-3.1171817779541016,-0.3348112106323242,0.1746031746031746,0.8253968253968254,0.0,null
general-model-nolabel-paired-cases/v1,gold_group_2plus,63,hate,I_S_D,-1.3072388664124504,-1.2266693115234375,-3.848339080810547,0.4731569290161133,0.2857142857142857,0.7142857142857143,0.0,null
general-model-nolabel-paired-cases/v1,gold_group_2plus,63,hate,E_remove_with_D_hate_logodds,0.9204974704318576,0.9965877532958984,0.18865203857421875,1.6024370193481445,0.7936507936507936,0.20634920634920634,0.0,null
general-model-nolabel-paired-cases/v1,gold_group_2plus,63,hate,E_remove_without_D_hate_logodds,-0.24964480929904515,-0.25421905517578125,-0.9408473968505859,0.45502662658691406,0.3968253968253968,0.6031746031746031,0.0,null
general-model-nolabel-paired-cases/v1,gold_group_2plus,63,hate,E_S_given_D_hate_logodds,-1.754356929234096,-1.8575592041015625,-3.1171817779541016,-0.3348112106323242,0.1746031746031746,0.8253968253968254,0.0,null
general-model-nolabel-paired-cases/v1,gold_group_2plus,63,hate,I_S_D_hate_logodds,-1.3072388664124504,-1.2266693115234375,-3.848339080810547,0.4731569290161133,0.2857142857142857,0.7142857142857143,0.0,null
general-model-nolabel-paired-cases/v1,gold_group_2plus,63,group,E_remove_with_D,-1.4809129200284443,-1.7951583862304688,-4.243717193603516,2.345043182373047,0.4126984126984127,0.5873015873015873,0.0,null
general-model-nolabel-paired-cases/v1,gold_group_2plus,63,group,E_remove_without_D,1.2888050987606956,-0.8521728515625,-6.066476821899414,8.712302207946777,0.47619047619047616,0.5238095238095238,0.0,null
general-model-nolabel-paired-cases/v1,gold_group_2plus,63,group,E_S_given_D,-1.01786132085891,-0.7733688354492188,-5.398956298828125,2.846769332885742,0.4603174603174603,0.5396825396825397,0.0,null
general-model-nolabel-paired-cases/v1,gold_group_2plus,63,group,I_S_D,-4.276838787018307,-4.834346771240234,-9.516165733337402,1.109476089477539,0.31746031746031744,0.6825396825396826,0.0,null
general-model-nolabel-paired-cases/v1,Lq_hit__gold_hate,194,hate,E_remove_with_D,0.7388241069833028,0.7889070510864258,0.07265472412109375,1.574808120727539,0.7628865979381443,0.23711340206185566,0.0,null
general-model-nolabel-paired-cases/v1,Lq_hit__gold_hate,194,hate,E_remove_without_D,-0.15287450416800902,-0.206787109375,-0.9772019386291504,0.49475860595703125,0.422680412371134,0.5773195876288659,0.0,null
general-model-nolabel-paired-cases/v1,Lq_hit__gold_hate,194,hate,E_S_given_D,-1.4701162810178148,-1.459432601928711,-2.6123099327087402,-0.2918553352355957,0.17010309278350516,0.8298969072164949,0.0,null
general-model-nolabel-paired-cases/v1,Lq_hit__gold_hate,194,hate,I_S_D,-3.23652554541519,-3.2796459197998047,-5.394242763519287,-0.6344752311706543,0.18556701030927836,0.8144329896907216,0.0,null
general-model-nolabel-paired-cases/v1,Lq_hit__gold_hate,194,hate,E_remove_with_D_hate_logodds,0.7388241069833028,0.7889070510864258,0.07265472412109375,1.574808120727539,0.7628865979381443,0.23711340206185566,0.0,null
general-model-nolabel-paired-cases/v1,Lq_hit__gold_hate,194,hate,E_remove_without_D_hate_logodds,-0.15287450416800902,-0.206787109375,-0.9772019386291504,0.49475860595703125,0.422680412371134,0.5773195876288659,0.0,null
general-model-nolabel-paired-cases/v1,Lq_hit__gold_hate,194,hate,E_S_given_D_hate_logodds,-1.4701162810178148,-1.459432601928711,-2.6123099327087402,-0.2918553352355957,0.17010309278350516,0.8298969072164949,0.0,null
general-model-nolabel-paired-cases/v1,Lq_hit__gold_hate,194,hate,I_S_D_hate_logodds,-3.23652554541519,-3.2796459197998047,-5.394242763519287,-0.6344752311706543,0.18556701030927836,0.8144329896907216,0.0,null
general-model-nolabel-paired-cases/v1,Lq_hit__gold_hate,194,group,E_remove_with_D,0.4715854015546976,-0.36657047271728516,-3.084399700164795,4.316567420959473,0.4484536082474227,0.5515463917525774,0.0,null
general-model-nolabel-paired-cases/v1,Lq_hit__gold_hate,194,group,E_remove_without_D,-1.4410952341925238,-1.7835941314697266,-6.351071357727051,2.7203898429870605,0.36082474226804123,0.6391752577319587,0.0,null
general-model-nolabel-paired-cases/v1,Lq_hit__gold_hate,194,group,E_S_given_D,1.2694588887322809,0.6710214614868164,-3.259718894958496,7.0597686767578125,0.5567010309278351,0.44329896907216493,0.0,null
general-model-nolabel-paired-cases/v1,Lq_hit__gold_hate,194,group,I_S_D,-2.7901740418267003,-2.5934228897094727,-9.256144523620605,4.169621467590332,0.41237113402061853,0.5876288659793815,0.0,null
general-model-nolabel-paired-cases/v1,Lq_hit__gold_non_hate,29,hate,E_remove_with_D,-0.796346927511281,-0.9335079193115234,-1.7279090881347656,-0.10062408447265625,0.2413793103448276,0.7586206896551724,0.0,null
general-model-nolabel-paired-cases/v1,Lq_hit__gold_non_hate,29,hate,E_remove_without_D,-0.438275172792632,-0.28658294677734375,-1.5357017517089844,1.1472320556640625,0.3793103448275862,0.6206896551724138,0.0,null
general-model-nolabel-paired-cases/v1,Lq_hit__gold_non_hate,29,hate,E_S_given_D,0.28514322741278286,0.4174156188964844,-1.018035888671875,2.266223907470703,0.5517241379310345,0.4482758620689655,0.0,null
general-model-nolabel-paired-cases/v1,Lq_hit__gold_non_hate,29,hate,I_S_D,1.063110483103785,1.9272537231445312,-0.9469718933105469,3.353992462158203,0.6206896551724138,0.3793103448275862,0.0,null
general-model-nolabel-paired-cases/v1,Lq_hit__gold_non_hate,29,hate,E_remove_with_D_hate_logodds,0.796346927511281,0.9335079193115234,0.10062408447265625,1.7279090881347656,0.7586206896551724,0.2413793103448276,0.0,null
general-model-nolabel-paired-cases/v1,Lq_hit__gold_non_hate,29,hate,E_remove_without_D_hate_logodds,0.438275172792632,0.28658294677734375,-1.1472320556640625,1.5357017517089844,0.6206896551724138,0.3793103448275862,0.0,null
general-model-nolabel-paired-cases/v1,Lq_hit__gold_non_hate,29,hate,E_S_given_D_hate_logodds,-0.28514322741278286,-0.4174156188964844,-2.266223907470703,1.018035888671875,0.4482758620689655,0.5517241379310345,0.0,null
general-model-nolabel-paired-cases/v1,Lq_hit__gold_non_hate,29,hate,I_S_D_hate_logodds,-1.063110483103785,-1.9272537231445312,-3.353992462158203,0.9469718933105469,0.3793103448275862,0.6206896551724138,0.0,null
general-model-nolabel-paired-cases/v1,Lq_hit__gold_non_hate,29,group,E_remove_with_D,2.849129117768386,2.2638626098632812,-0.5963115692138672,4.587093353271484,0.7241379310344828,0.27586206896551724,0.0,null
general-model-nolabel-paired-cases/v1,Lq_hit__gold_non_hate,29,group,E_remove_without_D,1.7235557293069774,1.5158958435058594,-0.805633544921875,5.168390274047852,0.6551724137931034,0.3448275862068966,0.0,null
general-model-nolabel-paired-cases/v1,Lq_hit__gold_non_hate,29,group,E_S_given_D,-3.7880693632980873,-2.042905807495117,-5.167585372924805,2.630674362182617,0.3793103448275862,0.6206896551724138,0.0,null
general-model-nolabel-paired-cases/v1,Lq_hit__gold_non_hate,29,group,I_S_D,5.847184279869342,2.14971923828125,-6.574138641357422,14.773630142211914,0.5862068965517241,0.41379310344827586,0.0,null
general-model-nolabel-paired-cases/v1,Lq_no_hit__gold_hate,196,hate,E_remove_with_D,0.4668543679373605,0.3658580780029297,-0.1988515853881836,1.1584320068359375,0.6938775510204082,0.3010204081632653,0.00510204081632653,null
general-model-nolabel-paired-cases/v1,Lq_no_hit__gold_hate,196,hate,E_remove_without_D,-0.29610323419376294,-0.18340682983398438,-1.2305498123168945,0.8195476531982422,0.4489795918367347,0.5459183673469388,0.00510204081632653,null
general-model-nolabel-paired-cases/v1,Lq_no_hit__gold_hate,196,hate,E_S_given_D,-2.028119690564214,-1.7801313400268555,-3.232088088989258,-0.587679386138916,0.16326530612244897,0.8316326530612245,0.00510204081632653,null
general-model-nolabel-paired-cases/v1,Lq_no_hit__gold_hate,196,hate,I_S_D,2.1006432650040607,1.5523138046264648,-1.2283892631530762,5.36699104309082,0.6377551020408163,0.35714285714285715,0.00510204081632653,null
general-model-nolabel-paired-cases/v1,Lq_no_hit__gold_hate,196,hate,E_remove_with_D_hate_logodds,0.4668543679373605,0.3658580780029297,-0.1988515853881836,1.1584320068359375,0.6938775510204082,0.3010204081632653,0.00510204081632653,null
general-model-nolabel-paired-cases/v1,Lq_no_hit__gold_hate,196,hate,E_remove_without_D_hate_logodds,-0.29610323419376294,-0.18340682983398438,-1.2305498123168945,0.8195476531982422,0.4489795918367347,0.5459183673469388,0.00510204081632653,null
general-model-nolabel-paired-cases/v1,Lq_no_hit__gold_hate,196,hate,E_S_given_D_hate_logodds,-2.028119690564214,-1.7801313400268555,-3.232088088989258,-0.587679386138916,0.16326530612244897,0.8316326530612245,0.00510204081632653,null
general-model-nolabel-paired-cases/v1,Lq_no_hit__gold_hate,196,hate,I_S_D_hate_logodds,2.1006432650040607,1.5523138046264648,-1.2283892631530762,5.36699104309082,0.6377551020408163,0.35714285714285715,0.00510204081632653,null
general-model-nolabel-paired-cases/v1,Lq_no_hit__gold_hate,196,group,E_remove_with_D,-1.0029378229258012,-0.8140907287597656,-3.304131507873535,1.298050880432129,0.4030612244897959,0.5918367346938775,0.00510204081632653,null
general-model-nolabel-paired-cases/v1,Lq_no_hit__gold_hate,196,group,E_remove_without_D,-1.8190041561515964,-1.8543853759765625,-4.856855392456055,1.3938403129577637,0.3622448979591837,0.6326530612244898,0.00510204081632653,null
general-model-nolabel-paired-cases/v1,Lq_no_hit__gold_hate,196,group,E_S_given_D,-1.7632214001246862,-1.8512706756591797,-5.33273983001709,1.8179264068603516,0.3520408163265306,0.6428571428571429,0.00510204081632653,null
general-model-nolabel-paired-cases/v1,Lq_no_hit__gold_hate,196,group,I_S_D,3.43408744189204,3.8327512741088867,-2.540127754211426,9.57599687576294,0.6683673469387755,0.32653061224489793,0.00510204081632653,null
general-model-nolabel-paired-cases/v1,Lq_no_hit__gold_non_hate,224,hate,E_remove_with_D,-0.10253705297197614,-0.07549190521240234,-1.0987987518310547,0.7210054397583008,0.45089285714285715,0.5401785714285714,0.008928571428571428,null
general-model-nolabel-paired-cases/v1,Lq_no_hit__gold_non_hate,224,hate,E_remove_without_D,0.07279216391699654,0.01200103759765625,-0.9412393569946289,1.0099048614501953,0.5044642857142857,0.48660714285714285,0.008928571428571428,null
general-model-nolabel-paired-cases/v1,Lq_no_hit__gold_non_hate,224,hate,E_S_given_D,2.908252920423235,2.619990348815918,0.7984457015991211,4.333470344543457,0.8258928571428571,0.16517857142857142,0.008928571428571428,null
general-model-nolabel-paired-cases/v1,Lq_no_hit__gold_non_hate,224,hate,I_S_D,-1.1471808893339974,-1.13433837890625,-3.8526525497436523,1.3153796195983887,0.36160714285714285,0.6294642857142857,0.008928571428571428,null
general-model-nolabel-paired-cases/v1,Lq_no_hit__gold_non_hate,224,hate,E_remove_with_D_hate_logodds,0.10253705297197614,0.07549190521240234,-0.7210054397583008,1.0987987518310547,0.5401785714285714,0.45089285714285715,0.008928571428571428,null
general-model-nolabel-paired-cases/v1,Lq_no_hit__gold_non_hate,224,hate,E_remove_without_D_hate_logodds,-0.07279216391699654,-0.01200103759765625,-1.0099048614501953,0.9412393569946289,0.48660714285714285,0.5044642857142857,0.008928571428571428,null
general-model-nolabel-paired-cases/v1,Lq_no_hit__gold_non_hate,224,hate,E_S_given_D_hate_logodds,-2.908252920423235,-2.619990348815918,-4.333470344543457,-0.7984457015991211,0.16517857142857142,0.8258928571428571,0.008928571428571428,null
general-model-nolabel-paired-cases/v1,Lq_no_hit__gold_non_hate,224,hate,I_S_D_hate_logodds,1.1471808893339974,1.13433837890625,-1.3153796195983887,3.8526525497436523,0.6294642857142857,0.36160714285714285,0.008928571428571428,null
general-model-nolabel-paired-cases/v1,Lq_no_hit__gold_non_hate,224,group,E_remove_with_D,1.7291863134929113,1.5934982299804688,0.00739288330078125,3.1485042572021484,0.75,0.24107142857142858,0.008928571428571428,null
general-model-nolabel-paired-cases/v1,Lq_no_hit__gold_non_hate,224,group,E_remove_without_D,1.3393502490861076,0.8851194381713867,-0.37240028381347656,3.1413259506225586,0.6830357142857143,0.3080357142857143,0.008928571428571428,null
general-model-nolabel-paired-cases/v1,Lq_no_hit__gold_non_hate,224,group,E_S_given_D,3.1821362801960538,2.4551830291748047,-0.4707036018371582,6.376592636108398,0.7008928571428571,0.29017857142857145,0.008928571428571428,null
general-model-nolabel-paired-cases/v1,Lq_no_hit__gold_non_hate,224,group,I_S_D,-1.840749272278377,-2.148505210876465,-6.318775177001953,2.844635486602783,0.3392857142857143,0.6517857142857143,0.008928571428571428,null
