schema_version,stratum,n,contrast,before,after,task,label,00,01,10,11,FN_to_TP,TP_to_FN,FP_to_TN,TN_to_FP
general-model-nolabel-paired-cases/v1,all,643,remove_with_D,CLDnew,CLDnewNoCat,hate,hate,185,57,27,374,54,14,3,13
general-model-nolabel-paired-cases/v1,all,643,remove_with_D,CLDnew,CLDnewNoCat,group,Racism,34,14,11,584,8,5,6,6
general-model-nolabel-paired-cases/v1,all,643,remove_with_D,CLDnew,CLDnewNoCat,group,Region,67,11,16,549,2,1,9,15
general-model-nolabel-paired-cases/v1,all,643,remove_with_D,CLDnew,CLDnewNoCat,group,LGBTQ,18,2,1,622,0,0,2,1
general-model-nolabel-paired-cases/v1,all,643,remove_with_D,CLDnew,CLDnewNoCat,group,Sexism,55,14,28,546,6,8,8,20
general-model-nolabel-paired-cases/v1,all,643,remove_with_D,CLDnew,CLDnewNoCat,group,others,29,45,9,560,0,7,45,2
general-model-nolabel-paired-cases/v1,all,643,remove_without_D,CLnew,CLnewNoCat,hate,hate,327,14,10,292,14,9,0,1
general-model-nolabel-paired-cases/v1,all,643,remove_without_D,CLnew,CLnewNoCat,group,Racism,43,16,23,561,10,13,6,10
general-model-nolabel-paired-cases/v1,all,643,remove_without_D,CLnew,CLnewNoCat,group,Region,49,13,19,562,5,11,8,8
general-model-nolabel-paired-cases/v1,all,643,remove_without_D,CLnew,CLnewNoCat,group,LGBTQ,19,7,15,602,2,7,5,8
general-model-nolabel-paired-cases/v1,all,643,remove_without_D,CLnew,CLnewNoCat,group,Sexism,56,17,60,510,10,34,7,26
general-model-nolabel-paired-cases/v1,all,643,remove_without_D,CLnew,CLnewNoCat,group,others,34,27,5,577,0,5,27,0
general-model-nolabel-paired-cases/v1,all,643,S_given_D,CD,CLDnewNoCat,hate,hate,109,60,103,371,9,99,51,4
general-model-nolabel-paired-cases/v1,all,643,S_given_D,CD,CLDnewNoCat,group,Racism,34,33,11,565,12,8,21,3
general-model-nolabel-paired-cases/v1,all,643,S_given_D,CD,CLDnewNoCat,group,Region,62,19,21,541,3,4,16,17
general-model-nolabel-paired-cases/v1,all,643,S_given_D,CD,CLDnewNoCat,group,LGBTQ,15,8,4,616,2,0,6,4
general-model-nolabel-paired-cases/v1,all,643,S_given_D,CD,CLDnewNoCat,group,Sexism,58,36,25,524,13,7,23,18
general-model-nolabel-paired-cases/v1,all,643,S_given_D,CD,CLDnewNoCat,group,others,24,10,14,595,3,6,7,8
general-model-nolabel-paired-cases/v1,all,643,S_vs_0,C0,CLnewNoCat,hate,hate,317,44,20,262,43,19,1,1
general-model-nolabel-paired-cases/v1,all,643,S_vs_0,C0,CLnewNoCat,group,Racism,26,39,40,538,14,29,25,11
general-model-nolabel-paired-cases/v1,all,643,S_vs_0,C0,CLnewNoCat,group,Region,36,28,32,547,7,18,21,14
general-model-nolabel-paired-cases/v1,all,643,S_vs_0,C0,CLnewNoCat,group,LGBTQ,16,10,18,599,6,6,4,12
general-model-nolabel-paired-cases/v1,all,643,S_vs_0,C0,CLnewNoCat,group,Sexism,67,48,49,479,33,25,15,24
general-model-nolabel-paired-cases/v1,all,643,S_vs_0,C0,CLnewNoCat,group,others,38,0,1,604,0,0,0,1
general-model-nolabel-paired-cases/v1,all,643,D_vs_0,C0,CD,hate,hate,60,301,109,173,301,1,0,108
general-model-nolabel-paired-cases/v1,all,643,D_vs_0,C0,CD,group,Racism,33,32,34,544,19,9,13,25
general-model-nolabel-paired-cases/v1,all,643,D_vs_0,C0,CD,group,Region,35,29,46,533,22,1,7,45
general-model-nolabel-paired-cases/v1,all,643,D_vs_0,C0,CD,group,LGBTQ,13,13,10,607,11,0,2,10
general-model-nolabel-paired-cases/v1,all,643,D_vs_0,C0,CD,group,Sexism,36,79,58,470,70,3,9,55
general-model-nolabel-paired-cases/v1,all,643,D_vs_0,C0,CD,group,others,25,13,9,596,13,0,0,9
general-model-nolabel-paired-cases/v1,all,643,D_given_S,CLnewNoCat,CLDnewNoCat,hate,hate,145,192,67,239,192,6,0,61
general-model-nolabel-paired-cases/v1,all,643,D_given_S,CLnewNoCat,CLDnewNoCat,group,Racism,24,42,21,556,32,3,10,18
general-model-nolabel-paired-cases/v1,all,643,D_given_S,CLnewNoCat,CLDnewNoCat,group,Region,29,39,54,521,34,3,5,51
general-model-nolabel-paired-cases/v1,all,643,D_given_S,CLnewNoCat,CLDnewNoCat,group,LGBTQ,13,21,6,603,13,0,8,6
general-model-nolabel-paired-cases/v1,all,643,D_given_S,CLnewNoCat,CLDnewNoCat,group,Sexism,35,81,48,479,66,1,15,47
general-model-nolabel-paired-cases/v1,all,643,D_given_S,CLnewNoCat,CLDnewNoCat,group,others,29,10,9,595,10,0,0,9
general-model-nolabel-paired-cases/v1,Lq_hit,223,remove_with_D,CLDnew,CLDnewNoCat,hate,hate,80,35,6,102,34,4,1,2
general-model-nolabel-paired-cases/v1,Lq_hit,223,remove_with_D,CLDnew,CLDnewNoCat,group,Racism,5,7,5,206,6,2,1,3
general-model-nolabel-paired-cases/v1,Lq_hit,223,remove_with_D,CLDnew,CLDnewNoCat,group,Region,13,3,3,204,1,1,2,2
general-model-nolabel-paired-cases/v1,Lq_hit,223,remove_with_D,CLDnew,CLDnewNoCat,group,LGBTQ,8,1,1,213,0,0,1,1
general-model-nolabel-paired-cases/v1,Lq_hit,223,remove_with_D,CLDnew,CLDnewNoCat,group,Sexism,15,5,18,185,2,6,3,12
general-model-nolabel-paired-cases/v1,Lq_hit,223,remove_with_D,CLDnew,CLDnewNoCat,group,others,11,29,6,177,0,4,29,2
general-model-nolabel-paired-cases/v1,Lq_hit,223,remove_without_D,CLnew,CLnewNoCat,hate,hate,138,13,9,63,13,8,0,1
general-model-nolabel-paired-cases/v1,Lq_hit,223,remove_without_D,CLnew,CLnewNoCat,group,Racism,16,11,21,175,8,11,3,10
general-model-nolabel-paired-cases/v1,Lq_hit,223,remove_without_D,CLnew,CLnewNoCat,group,Region,10,5,9,199,2,7,3,2
general-model-nolabel-paired-cases/v1,Lq_hit,223,remove_without_D,CLnew,CLnewNoCat,group,LGBTQ,12,4,11,196,2,4,2,7
general-model-nolabel-paired-cases/v1,Lq_hit,223,remove_without_D,CLnew,CLnewNoCat,group,Sexism,21,8,42,152,8,22,0,20
general-model-nolabel-paired-cases/v1,Lq_hit,223,remove_without_D,CLnew,CLnewNoCat,group,others,12,23,3,185,0,3,23,0
general-model-nolabel-paired-cases/v1,Lq_hit,223,S_given_D,CD,CLDnewNoCat,hate,hate,33,7,53,130,3,50,4,3
general-model-nolabel-paired-cases/v1,Lq_hit,223,S_given_D,CD,CLDnewNoCat,group,Racism,4,21,6,192,11,3,10,3
general-model-nolabel-paired-cases/v1,Lq_hit,223,S_given_D,CD,CLDnewNoCat,group,Region,8,8,8,199,3,3,5,5
general-model-nolabel-paired-cases/v1,Lq_hit,223,S_given_D,CD,CLDnewNoCat,group,LGBTQ,7,2,2,212,0,0,2,2
general-model-nolabel-paired-cases/v1,Lq_hit,223,S_given_D,CD,CLDnewNoCat,group,Sexism,19,16,14,174,9,4,7,10
general-model-nolabel-paired-cases/v1,Lq_hit,223,S_given_D,CD,CLDnewNoCat,group,others,10,3,7,203,1,0,2,7
general-model-nolabel-paired-cases/v1,Lq_hit,223,S_vs_0,C0,CLnewNoCat,hate,hate,139,41,8,35,41,7,0,1
general-model-nolabel-paired-cases/v1,Lq_hit,223,S_vs_0,C0,CLnewNoCat,group,Racism,11,17,26,169,12,16,5,10
general-model-nolabel-paired-cases/v1,Lq_hit,223,S_vs_0,C0,CLnewNoCat,group,Region,8,6,11,198,5,5,1,6
general-model-nolabel-paired-cases/v1,Lq_hit,223,S_vs_0,C0,CLnewNoCat,group,LGBTQ,9,5,14,195,5,4,0,10
general-model-nolabel-paired-cases/v1,Lq_hit,223,S_vs_0,C0,CLnewNoCat,group,Sexism,37,29,26,131,27,8,2,18
general-model-nolabel-paired-cases/v1,Lq_hit,223,S_vs_0,C0,CLnewNoCat,group,others,14,0,1,208,0,0,0,1
general-model-nolabel-paired-cases/v1,Lq_hit,223,D_vs_0,C0,CD,hate,hate,23,157,17,26,157,1,0,16
general-model-nolabel-paired-cases/v1,Lq_hit,223,D_vs_0,C0,CD,group,Racism,13,15,12,183,12,3,3,9
general-model-nolabel-paired-cases/v1,Lq_hit,223,D_vs_0,C0,CD,group,Region,6,8,10,199,8,1,0,9
general-model-nolabel-paired-cases/v1,Lq_hit,223,D_vs_0,C0,CD,group,LGBTQ,5,9,4,205,9,0,0,4
general-model-nolabel-paired-cases/v1,Lq_hit,223,D_vs_0,C0,CD,group,Sexism,16,50,19,138,47,2,3,17
general-model-nolabel-paired-cases/v1,Lq_hit,223,D_vs_0,C0,CD,group,others,11,3,2,207,3,0,0,2
general-model-nolabel-paired-cases/v1,Lq_hit,223,D_given_S,CLnewNoCat,CLDnewNoCat,hate,hate,66,81,20,56,81,6,0,14
general-model-nolabel-paired-cases/v1,Lq_hit,223,D_given_S,CLnewNoCat,CLDnewNoCat,group,Racism,5,32,5,181,22,1,10,4
general-model-nolabel-paired-cases/v1,Lq_hit,223,D_given_S,CLnewNoCat,CLDnewNoCat,group,Region,7,12,9,195,10,3,2,6
general-model-nolabel-paired-cases/v1,Lq_hit,223,D_given_S,CLnewNoCat,CLDnewNoCat,group,LGBTQ,8,15,1,199,8,0,7,1
general-model-nolabel-paired-cases/v1,Lq_hit,223,D_given_S,CLnewNoCat,CLDnewNoCat,group,Sexism,20,43,13,147,32,1,11,12
general-model-nolabel-paired-cases/v1,Lq_hit,223,D_given_S,CLnewNoCat,CLDnewNoCat,group,others,11,4,6,202,4,0,0,6
general-model-nolabel-paired-cases/v1,Lq_no_hit,420,remove_with_D,CLDnew,CLDnewNoCat,hate,hate,105,22,21,272,20,10,2,11
general-model-nolabel-paired-cases/v1,Lq_no_hit,420,remove_with_D,CLDnew,CLDnewNoCat,group,Racism,29,7,6,378,2,3,5,3
general-model-nolabel-paired-cases/v1,Lq_no_hit,420,remove_with_D,CLDnew,CLDnewNoCat,group,Region,54,8,13,345,1,0,7,13
general-model-nolabel-paired-cases/v1,Lq_no_hit,420,remove_with_D,CLDnew,CLDnewNoCat,group,LGBTQ,10,1,0,409,0,0,1,0
general-model-nolabel-paired-cases/v1,Lq_no_hit,420,remove_with_D,CLDnew,CLDnewNoCat,group,Sexism,40,9,10,361,4,2,5,8
general-model-nolabel-paired-cases/v1,Lq_no_hit,420,remove_with_D,CLDnew,CLDnewNoCat,group,others,18,16,3,383,0,3,16,0
general-model-nolabel-paired-cases/v1,Lq_no_hit,420,remove_without_D,CLnew,CLnewNoCat,hate,hate,189,1,1,229,1,1,0,0
general-model-nolabel-paired-cases/v1,Lq_no_hit,420,remove_without_D,CLnew,CLnewNoCat,group,Racism,27,5,2,386,2,2,3,0
general-model-nolabel-paired-cases/v1,Lq_no_hit,420,remove_without_D,CLnew,CLnewNoCat,group,Region,39,8,10,363,3,4,5,6
general-model-nolabel-paired-cases/v1,Lq_no_hit,420,remove_without_D,CLnew,CLnewNoCat,group,LGBTQ,7,3,4,406,0,3,3,1
general-model-nolabel-paired-cases/v1,Lq_no_hit,420,remove_without_D,CLnew,CLnewNoCat,group,Sexism,35,9,18,358,2,12,7,6
general-model-nolabel-paired-cases/v1,Lq_no_hit,420,remove_without_D,CLnew,CLnewNoCat,group,others,22,4,2,392,0,2,4,0
general-model-nolabel-paired-cases/v1,Lq_no_hit,420,S_given_D,CD,CLDnewNoCat,hate,hate,76,53,50,241,6,49,47,1
general-model-nolabel-paired-cases/v1,Lq_no_hit,420,S_given_D,CD,CLDnewNoCat,group,Racism,30,12,5,373,1,5,11,0
general-model-nolabel-paired-cases/v1,Lq_no_hit,420,S_given_D,CD,CLDnewNoCat,group,Region,54,11,13,342,0,1,11,12
general-model-nolabel-paired-cases/v1,Lq_no_hit,420,S_given_D,CD,CLDnewNoCat,group,LGBTQ,8,6,2,404,2,0,4,2
general-model-nolabel-paired-cases/v1,Lq_no_hit,420,S_given_D,CD,CLDnewNoCat,group,Sexism,39,20,11,350,4,3,16,8
general-model-nolabel-paired-cases/v1,Lq_no_hit,420,S_given_D,CD,CLDnewNoCat,group,others,14,7,7,392,2,6,5,1
general-model-nolabel-paired-cases/v1,Lq_no_hit,420,S_vs_0,C0,CLnewNoCat,hate,hate,178,3,12,227,2,12,1,0
general-model-nolabel-paired-cases/v1,Lq_no_hit,420,S_vs_0,C0,CLnewNoCat,group,Racism,15,22,14,369,2,13,20,1
general-model-nolabel-paired-cases/v1,Lq_no_hit,420,S_vs_0,C0,CLnewNoCat,group,Region,28,22,21,349,2,13,20,8
general-model-nolabel-paired-cases/v1,Lq_no_hit,420,S_vs_0,C0,CLnewNoCat,group,LGBTQ,7,5,4,404,1,2,4,2
general-model-nolabel-paired-cases/v1,Lq_no_hit,420,S_vs_0,C0,CLnewNoCat,group,Sexism,30,19,23,348,6,17,13,6
general-model-nolabel-paired-cases/v1,Lq_no_hit,420,S_vs_0,C0,CLnewNoCat,group,others,24,0,0,396,0,0,0,0
general-model-nolabel-paired-cases/v1,Lq_no_hit,420,D_vs_0,C0,CD,hate,hate,37,144,92,147,144,0,0,92
general-model-nolabel-paired-cases/v1,Lq_no_hit,420,D_vs_0,C0,CD,group,Racism,20,17,22,361,7,6,10,16
general-model-nolabel-paired-cases/v1,Lq_no_hit,420,D_vs_0,C0,CD,group,Region,29,21,36,334,14,0,7,36
general-model-nolabel-paired-cases/v1,Lq_no_hit,420,D_vs_0,C0,CD,group,LGBTQ,8,4,6,402,2,0,2,6
general-model-nolabel-paired-cases/v1,Lq_no_hit,420,D_vs_0,C0,CD,group,Sexism,20,29,39,332,23,1,6,38
general-model-nolabel-paired-cases/v1,Lq_no_hit,420,D_vs_0,C0,CD,group,others,14,10,7,389,10,0,0,7
general-model-nolabel-paired-cases/v1,Lq_no_hit,420,D_given_S,CLnewNoCat,CLDnewNoCat,hate,hate,79,111,47,183,111,0,0,47
general-model-nolabel-paired-cases/v1,Lq_no_hit,420,D_given_S,CLnewNoCat,CLDnewNoCat,group,Racism,19,10,16,375,10,2,0,14
general-model-nolabel-paired-cases/v1,Lq_no_hit,420,D_given_S,CLnewNoCat,CLDnewNoCat,group,Region,22,27,45,326,24,0,3,45
general-model-nolabel-paired-cases/v1,Lq_no_hit,420,D_given_S,CLnewNoCat,CLDnewNoCat,group,LGBTQ,5,6,5,404,5,0,1,5
general-model-nolabel-paired-cases/v1,Lq_no_hit,420,D_given_S,CLnewNoCat,CLDnewNoCat,group,Sexism,15,38,35,332,34,0,4,35
general-model-nolabel-paired-cases/v1,Lq_no_hit,420,D_given_S,CLnewNoCat,CLDnewNoCat,group,others,18,6,3,393,6,0,0,3
general-model-nolabel-paired-cases/v1,gold_hate,390,remove_with_D,CLDnew,CLDnewNoCat,hate,hate,136,54,14,186,54,14,0,0
general-model-nolabel-paired-cases/v1,gold_hate,390,remove_with_D,CLDnew,CLDnewNoCat,group,Racism,23,11,9,347,8,5,3,4
general-model-nolabel-paired-cases/v1,gold_hate,390,remove_with_D,CLDnew,CLDnewNoCat,group,Region,27,4,11,348,2,1,2,10
general-model-nolabel-paired-cases/v1,gold_hate,390,remove_with_D,CLDnew,CLDnewNoCat,group,LGBTQ,6,2,1,381,0,0,2,1
general-model-nolabel-paired-cases/v1,gold_hate,390,remove_with_D,CLDnew,CLDnewNoCat,group,Sexism,29,12,16,333,6,8,6,8
general-model-nolabel-paired-cases/v1,gold_hate,390,remove_with_D,CLDnew,CLDnewNoCat,group,others,23,26,9,332,0,7,26,2
general-model-nolabel-paired-cases/v1,gold_hate,390,remove_without_D,CLnew,CLnewNoCat,hate,hate,327,14,9,40,14,9,0,0
general-model-nolabel-paired-cases/v1,gold_hate,390,remove_without_D,CLnew,CLnewNoCat,group,Racism,40,14,23,313,10,13,4,10
general-model-nolabel-paired-cases/v1,gold_hate,390,remove_without_D,CLnew,CLnewNoCat,group,Region,38,8,15,329,5,11,3,4
general-model-nolabel-paired-cases/v1,gold_hate,390,remove_without_D,CLnew,CLnewNoCat,group,LGBTQ,13,4,15,358,2,7,2,8
general-model-nolabel-paired-cases/v1,gold_hate,390,remove_without_D,CLnew,CLnewNoCat,group,Sexism,55,13,47,275,10,34,3,13
general-model-nolabel-paired-cases/v1,gold_hate,390,remove_without_D,CLnew,CLnewNoCat,group,others,33,15,5,337,0,5,15,0
general-model-nolabel-paired-cases/v1,gold_hate,390,S_given_D,CD,CLDnewNoCat,hate,hate,51,9,99,231,9,99,0,0
general-model-nolabel-paired-cases/v1,gold_hate,390,S_given_D,CD,CLDnewNoCat,group,Racism,22,22,10,336,12,8,10,2
general-model-nolabel-paired-cases/v1,gold_hate,390,S_given_D,CD,CLDnewNoCat,group,Region,25,9,13,343,3,4,6,9
general-model-nolabel-paired-cases/v1,gold_hate,390,S_given_D,CD,CLDnewNoCat,group,LGBTQ,6,5,1,378,2,0,3,1
general-model-nolabel-paired-cases/v1,gold_hate,390,S_given_D,CD,CLDnewNoCat,group,Sexism,29,26,16,319,13,7,13,9
general-model-nolabel-paired-cases/v1,gold_hate,390,S_given_D,CD,CLDnewNoCat,group,others,22,7,10,351,3,6,4,4
general-model-nolabel-paired-cases/v1,gold_hate,390,S_vs_0,C0,CLnewNoCat,hate,hate,317,43,19,11,43,19,0,0
general-model-nolabel-paired-cases/v1,gold_hate,390,S_vs_0,C0,CLnewNoCat,group,Racism,24,28,39,299,14,29,14,10
general-model-nolabel-paired-cases/v1,gold_hate,390,S_vs_0,C0,CLnewNoCat,group,Region,29,9,24,328,7,18,2,6
general-model-nolabel-paired-cases/v1,gold_hate,390,S_vs_0,C0,CLnewNoCat,group,LGBTQ,12,6,16,356,6,6,0,10
general-model-nolabel-paired-cases/v1,gold_hate,390,S_vs_0,C0,CLnewNoCat,group,Sexism,65,37,37,251,33,24,4,13
general-model-nolabel-paired-cases/v1,gold_hate,390,S_vs_0,C0,CLnewNoCat,group,others,38,0,0,352,0,0,0,0
general-model-nolabel-paired-cases/v1,gold_hate,390,D_vs_0,C0,CD,hate,hate,59,301,1,29,301,1,0,0
general-model-nolabel-paired-cases/v1,gold_hate,390,D_vs_0,C0,CD,group,Racism,22,30,22,316,19,9,11,13
general-model-nolabel-paired-cases/v1,gold_hate,390,D_vs_0,C0,CD,group,Region,14,24,20,332,22,1,2,19
general-model-nolabel-paired-cases/v1,gold_hate,390,D_vs_0,C0,CD,group,LGBTQ,7,11,4,368,11,0,0,4
general-model-nolabel-paired-cases/v1,gold_hate,390,D_vs_0,C0,CD,group,Sexism,27,75,28,260,70,3,5,25
general-model-nolabel-paired-cases/v1,gold_hate,390,D_vs_0,C0,CD,group,others,25,13,4,348,13,0,0,4
general-model-nolabel-paired-cases/v1,gold_hate,390,D_given_S,CLnewNoCat,CLDnewNoCat,hate,hate,144,192,6,48,192,6,0,0
general-model-nolabel-paired-cases/v1,gold_hate,390,D_given_S,CLnewNoCat,CLDnewNoCat,group,Racism,21,42,11,316,32,3,10,8
general-model-nolabel-paired-cases/v1,gold_hate,390,D_given_S,CLnewNoCat,CLDnewNoCat,group,Region,16,37,22,315,34,3,3,19
general-model-nolabel-paired-cases/v1,gold_hate,390,D_given_S,CLnewNoCat,CLDnewNoCat,group,LGBTQ,7,21,0,362,13,0,8,0
general-model-nolabel-paired-cases/v1,gold_hate,390,D_given_S,CLnewNoCat,CLDnewNoCat,group,Sexism,26,76,19,269,65,1,11,18
general-model-nolabel-paired-cases/v1,gold_hate,390,D_given_S,CLnewNoCat,CLDnewNoCat,group,others,28,10,4,348,10,0,0,4
general-model-nolabel-paired-cases/v1,gold_non_hate,253,remove_with_D,CLDnew,CLDnewNoCat,hate,hate,49,3,13,188,0,0,3,13
general-model-nolabel-paired-cases/v1,gold_non_hate,253,remove_with_D,CLDnew,CLDnewNoCat,group,Racism,11,3,2,237,0,0,3,2
general-model-nolabel-paired-cases/v1,gold_non_hate,253,remove_with_D,CLDnew,CLDnewNoCat,group,Region,40,7,5,201,0,0,7,5
general-model-nolabel-paired-cases/v1,gold_non_hate,253,remove_with_D,CLDnew,CLDnewNoCat,group,LGBTQ,12,0,0,241,0,0,0,0
general-model-nolabel-paired-cases/v1,gold_non_hate,253,remove_with_D,CLDnew,CLDnewNoCat,group,Sexism,26,2,12,213,0,0,2,12
general-model-nolabel-paired-cases/v1,gold_non_hate,253,remove_with_D,CLDnew,CLDnewNoCat,group,others,6,19,0,228,0,0,19,0
general-model-nolabel-paired-cases/v1,gold_non_hate,253,remove_without_D,CLnew,CLnewNoCat,hate,hate,0,0,1,252,0,0,0,1
general-model-nolabel-paired-cases/v1,gold_non_hate,253,remove_without_D,CLnew,CLnewNoCat,group,Racism,3,2,0,248,0,0,2,0
general-model-nolabel-paired-cases/v1,gold_non_hate,253,remove_without_D,CLnew,CLnewNoCat,group,Region,11,5,4,233,0,0,5,4
general-model-nolabel-paired-cases/v1,gold_non_hate,253,remove_without_D,CLnew,CLnewNoCat,group,LGBTQ,6,3,0,244,0,0,3,0
general-model-nolabel-paired-cases/v1,gold_non_hate,253,remove_without_D,CLnew,CLnewNoCat,group,Sexism,1,4,13,235,0,0,4,13
general-model-nolabel-paired-cases/v1,gold_non_hate,253,remove_without_D,CLnew,CLnewNoCat,group,others,1,12,0,240,0,0,12,0
general-model-nolabel-paired-cases/v1,gold_non_hate,253,S_given_D,CD,CLDnewNoCat,hate,hate,58,51,4,140,0,0,51,4
general-model-nolabel-paired-cases/v1,gold_non_hate,253,S_given_D,CD,CLDnewNoCat,group,Racism,12,11,1,229,0,0,11,1
general-model-nolabel-paired-cases/v1,gold_non_hate,253,S_given_D,CD,CLDnewNoCat,group,Region,37,10,8,198,0,0,10,8
general-model-nolabel-paired-cases/v1,gold_non_hate,253,S_given_D,CD,CLDnewNoCat,group,LGBTQ,9,3,3,238,0,0,3,3
general-model-nolabel-paired-cases/v1,gold_non_hate,253,S_given_D,CD,CLDnewNoCat,group,Sexism,29,10,9,205,0,0,10,9
general-model-nolabel-paired-cases/v1,gold_non_hate,253,S_given_D,CD,CLDnewNoCat,group,others,2,3,4,244,0,0,3,4
general-model-nolabel-paired-cases/v1,gold_non_hate,253,S_vs_0,C0,CLnewNoCat,hate,hate,0,1,1,251,0,0,1,1
general-model-nolabel-paired-cases/v1,gold_non_hate,253,S_vs_0,C0,CLnewNoCat,group,Racism,2,11,1,239,0,0,11,1
general-model-nolabel-paired-cases/v1,gold_non_hate,253,S_vs_0,C0,CLnewNoCat,group,Region,7,19,8,219,0,0,19,8
general-model-nolabel-paired-cases/v1,gold_non_hate,253,S_vs_0,C0,CLnewNoCat,group,LGBTQ,4,4,2,243,0,0,4,2
general-model-nolabel-paired-cases/v1,gold_non_hate,253,S_vs_0,C0,CLnewNoCat,group,Sexism,2,11,12,228,0,1,11,11
general-model-nolabel-paired-cases/v1,gold_non_hate,253,S_vs_0,C0,CLnewNoCat,group,others,0,0,1,252,0,0,0,1
general-model-nolabel-paired-cases/v1,gold_non_hate,253,D_vs_0,C0,CD,hate,hate,1,0,108,144,0,0,0,108
general-model-nolabel-paired-cases/v1,gold_non_hate,253,D_vs_0,C0,CD,group,Racism,11,2,12,228,0,0,2,12
general-model-nolabel-paired-cases/v1,gold_non_hate,253,D_vs_0,C0,CD,group,Region,21,5,26,201,0,0,5,26
general-model-nolabel-paired-cases/v1,gold_non_hate,253,D_vs_0,C0,CD,group,LGBTQ,6,2,6,239,0,0,2,6
general-model-nolabel-paired-cases/v1,gold_non_hate,253,D_vs_0,C0,CD,group,Sexism,9,4,30,210,0,0,4,30
general-model-nolabel-paired-cases/v1,gold_non_hate,253,D_vs_0,C0,CD,group,others,0,0,5,248,0,0,0,5
general-model-nolabel-paired-cases/v1,gold_non_hate,253,D_given_S,CLnewNoCat,CLDnewNoCat,hate,hate,1,0,61,191,0,0,0,61
general-model-nolabel-paired-cases/v1,gold_non_hate,253,D_given_S,CLnewNoCat,CLDnewNoCat,group,Racism,3,0,10,240,0,0,0,10
general-model-nolabel-paired-cases/v1,gold_non_hate,253,D_given_S,CLnewNoCat,CLDnewNoCat,group,Region,13,2,32,206,0,0,2,32
general-model-nolabel-paired-cases/v1,gold_non_hate,253,D_given_S,CLnewNoCat,CLDnewNoCat,group,LGBTQ,6,0,6,241,0,0,0,6
general-model-nolabel-paired-cases/v1,gold_non_hate,253,D_given_S,CLnewNoCat,CLDnewNoCat,group,Sexism,9,5,29,210,1,0,4,29
general-model-nolabel-paired-cases/v1,gold_non_hate,253,D_given_S,CLnewNoCat,CLDnewNoCat,group,others,1,0,5,247,0,0,0,5
general-model-nolabel-paired-cases/v1,gold_group_0,252,remove_with_D,CLDnew,CLDnewNoCat,hate,hate,49,3,13,187,0,0,3,13
general-model-nolabel-paired-cases/v1,gold_group_0,252,remove_with_D,CLDnew,CLDnewNoCat,group,Racism,11,3,2,236,0,0,3,2
general-model-nolabel-paired-cases/v1,gold_group_0,252,remove_with_D,CLDnew,CLDnewNoCat,group,Region,40,7,5,200,0,0,7,5
general-model-nolabel-paired-cases/v1,gold_group_0,252,remove_with_D,CLDnew,CLDnewNoCat,group,LGBTQ,12,0,0,240,0,0,0,0
general-model-nolabel-paired-cases/v1,gold_group_0,252,remove_with_D,CLDnew,CLDnewNoCat,group,Sexism,26,2,12,212,0,0,2,12
general-model-nolabel-paired-cases/v1,gold_group_0,252,remove_with_D,CLDnew,CLDnewNoCat,group,others,6,19,0,227,0,0,19,0
general-model-nolabel-paired-cases/v1,gold_group_0,252,remove_without_D,CLnew,CLnewNoCat,hate,hate,0,0,1,251,0,0,0,1
general-model-nolabel-paired-cases/v1,gold_group_0,252,remove_without_D,CLnew,CLnewNoCat,group,Racism,3,2,0,247,0,0,2,0
general-model-nolabel-paired-cases/v1,gold_group_0,252,remove_without_D,CLnew,CLnewNoCat,group,Region,11,5,4,232,0,0,5,4
general-model-nolabel-paired-cases/v1,gold_group_0,252,remove_without_D,CLnew,CLnewNoCat,group,LGBTQ,6,3,0,243,0,0,3,0
general-model-nolabel-paired-cases/v1,gold_group_0,252,remove_without_D,CLnew,CLnewNoCat,group,Sexism,0,4,13,235,0,0,4,13
general-model-nolabel-paired-cases/v1,gold_group_0,252,remove_without_D,CLnew,CLnewNoCat,group,others,1,12,0,239,0,0,12,0
general-model-nolabel-paired-cases/v1,gold_group_0,252,S_given_D,CD,CLDnewNoCat,hate,hate,58,51,4,139,0,0,51,4
general-model-nolabel-paired-cases/v1,gold_group_0,252,S_given_D,CD,CLDnewNoCat,group,Racism,12,11,1,228,0,0,11,1
general-model-nolabel-paired-cases/v1,gold_group_0,252,S_given_D,CD,CLDnewNoCat,group,Region,37,10,8,197,0,0,10,8
general-model-nolabel-paired-cases/v1,gold_group_0,252,S_given_D,CD,CLDnewNoCat,group,LGBTQ,9,3,3,237,0,0,3,3
general-model-nolabel-paired-cases/v1,gold_group_0,252,S_given_D,CD,CLDnewNoCat,group,Sexism,29,10,9,204,0,0,10,9
general-model-nolabel-paired-cases/v1,gold_group_0,252,S_given_D,CD,CLDnewNoCat,group,others,2,3,4,243,0,0,3,4
general-model-nolabel-paired-cases/v1,gold_group_0,252,S_vs_0,C0,CLnewNoCat,hate,hate,0,1,1,250,0,0,1,1
general-model-nolabel-paired-cases/v1,gold_group_0,252,S_vs_0,C0,CLnewNoCat,group,Racism,2,11,1,238,0,0,11,1
general-model-nolabel-paired-cases/v1,gold_group_0,252,S_vs_0,C0,CLnewNoCat,group,Region,7,19,8,218,0,0,19,8
general-model-nolabel-paired-cases/v1,gold_group_0,252,S_vs_0,C0,CLnewNoCat,group,LGBTQ,4,4,2,242,0,0,4,2
general-model-nolabel-paired-cases/v1,gold_group_0,252,S_vs_0,C0,CLnewNoCat,group,Sexism,2,11,11,228,0,0,11,11
general-model-nolabel-paired-cases/v1,gold_group_0,252,S_vs_0,C0,CLnewNoCat,group,others,0,0,1,251,0,0,0,1
general-model-nolabel-paired-cases/v1,gold_group_0,252,D_vs_0,C0,CD,hate,hate,1,0,108,143,0,0,0,108
general-model-nolabel-paired-cases/v1,gold_group_0,252,D_vs_0,C0,CD,group,Racism,11,2,12,227,0,0,2,12
general-model-nolabel-paired-cases/v1,gold_group_0,252,D_vs_0,C0,CD,group,Region,21,5,26,200,0,0,5,26
general-model-nolabel-paired-cases/v1,gold_group_0,252,D_vs_0,C0,CD,group,LGBTQ,6,2,6,238,0,0,2,6
general-model-nolabel-paired-cases/v1,gold_group_0,252,D_vs_0,C0,CD,group,Sexism,9,4,30,209,0,0,4,30
general-model-nolabel-paired-cases/v1,gold_group_0,252,D_vs_0,C0,CD,group,others,0,0,5,247,0,0,0,5
general-model-nolabel-paired-cases/v1,gold_group_0,252,D_given_S,CLnewNoCat,CLDnewNoCat,hate,hate,1,0,61,190,0,0,0,61
general-model-nolabel-paired-cases/v1,gold_group_0,252,D_given_S,CLnewNoCat,CLDnewNoCat,group,Racism,3,0,10,239,0,0,0,10
general-model-nolabel-paired-cases/v1,gold_group_0,252,D_given_S,CLnewNoCat,CLDnewNoCat,group,Region,13,2,32,205,0,0,2,32
general-model-nolabel-paired-cases/v1,gold_group_0,252,D_given_S,CLnewNoCat,CLDnewNoCat,group,LGBTQ,6,0,6,240,0,0,0,6
general-model-nolabel-paired-cases/v1,gold_group_0,252,D_given_S,CLnewNoCat,CLDnewNoCat,group,Sexism,9,4,29,210,0,0,4,29
general-model-nolabel-paired-cases/v1,gold_group_0,252,D_given_S,CLnewNoCat,CLDnewNoCat,group,others,1,0,5,246,0,0,0,5
general-model-nolabel-paired-cases/v1,gold_group_1,328,remove_with_D,CLDnew,CLDnewNoCat,hate,hate,109,40,14,165,40,14,0,0
general-model-nolabel-paired-cases/v1,gold_group_1,328,remove_with_D,CLDnew,CLDnewNoCat,group,Racism,15,5,7,301,3,4,2,3
general-model-nolabel-paired-cases/v1,gold_group_1,328,remove_with_D,CLDnew,CLDnewNoCat,group,Region,18,2,7,301,0,0,2,7
general-model-nolabel-paired-cases/v1,gold_group_1,328,remove_with_D,CLDnew,CLDnewNoCat,group,LGBTQ,5,2,0,321,0,0,2,0
general-model-nolabel-paired-cases/v1,gold_group_1,328,remove_with_D,CLDnew,CLDnewNoCat,group,Sexism,22,10,9,287,4,1,6,8
general-model-nolabel-paired-cases/v1,gold_group_1,328,remove_with_D,CLDnew,CLDnewNoCat,group,others,15,19,6,288,0,5,19,1
general-model-nolabel-paired-cases/v1,gold_group_1,328,remove_without_D,CLnew,CLnewNoCat,hate,hate,276,12,7,33,12,7,0,0
general-model-nolabel-paired-cases/v1,gold_group_1,328,remove_without_D,CLnew,CLnewNoCat,group,Racism,26,6,14,282,3,4,3,10
general-model-nolabel-paired-cases/v1,gold_group_1,328,remove_without_D,CLnew,CLnewNoCat,group,Region,26,6,11,285,4,9,2,2
general-model-nolabel-paired-cases/v1,gold_group_1,328,remove_without_D,CLnew,CLnewNoCat,group,LGBTQ,10,2,12,304,2,7,0,5
general-model-nolabel-paired-cases/v1,gold_group_1,328,remove_without_D,CLnew,CLnewNoCat,group,Sexism,32,8,33,255,5,20,3,13
general-model-nolabel-paired-cases/v1,gold_group_1,328,remove_without_D,CLnew,CLnewNoCat,group,others,16,12,5,295,0,5,12,0
general-model-nolabel-paired-cases/v1,gold_group_1,328,S_given_D,CD,CLDnewNoCat,hate,hate,43,7,80,198,7,80,0,0
general-model-nolabel-paired-cases/v1,gold_group_1,328,S_given_D,CD,CLDnewNoCat,group,Racism,14,18,8,288,8,6,10,2
general-model-nolabel-paired-cases/v1,gold_group_1,328,S_given_D,CD,CLDnewNoCat,group,Region,14,7,11,296,2,3,5,8
general-model-nolabel-paired-cases/v1,gold_group_1,328,S_given_D,CD,CLDnewNoCat,group,LGBTQ,5,2,0,321,1,0,1,0
general-model-nolabel-paired-cases/v1,gold_group_1,328,S_given_D,CD,CLDnewNoCat,group,Sexism,21,20,10,277,8,2,12,8
general-model-nolabel-paired-cases/v1,gold_group_1,328,S_given_D,CD,CLDnewNoCat,group,others,14,5,7,302,1,4,4,3
general-model-nolabel-paired-cases/v1,gold_group_1,328,S_vs_0,C0,CLnewNoCat,hate,hate,271,35,12,10,35,12,0,0
general-model-nolabel-paired-cases/v1,gold_group_1,328,S_vs_0,C0,CLnewNoCat,group,Racism,15,19,25,269,10,15,9,10
general-model-nolabel-paired-cases/v1,gold_group_1,328,S_vs_0,C0,CLnewNoCat,group,Region,18,8,19,283,6,16,2,3
general-model-nolabel-paired-cases/v1,gold_group_1,328,S_vs_0,C0,CLnewNoCat,group,LGBTQ,9,5,13,301,5,5,0,8
general-model-nolabel-paired-cases/v1,gold_group_1,328,S_vs_0,C0,CLnewNoCat,group,Sexism,35,30,30,233,26,17,4,13
general-model-nolabel-paired-cases/v1,gold_group_1,328,S_vs_0,C0,CLnewNoCat,group,others,21,0,0,307,0,0,0,0
general-model-nolabel-paired-cases/v1,gold_group_1,328,D_vs_0,C0,CD,hate,hate,49,257,1,21,257,1,0,0
general-model-nolabel-paired-cases/v1,gold_group_1,328,D_vs_0,C0,CD,group,Racism,17,17,15,279,11,3,6,12
general-model-nolabel-paired-cases/v1,gold_group_1,328,D_vs_0,C0,CD,group,Region,8,18,13,289,16,1,2,12
general-model-nolabel-paired-cases/v1,gold_group_1,328,D_vs_0,C0,CD,group,LGBTQ,4,10,3,311,10,0,0,3
general-model-nolabel-paired-cases/v1,gold_group_1,328,D_vs_0,C0,CD,group,Sexism,14,51,27,236,46,2,5,25
general-model-nolabel-paired-cases/v1,gold_group_1,328,D_vs_0,C0,CD,group,others,15,6,4,303,6,0,0,4
general-model-nolabel-paired-cases/v1,gold_group_1,328,D_given_S,CLnewNoCat,CLDnewNoCat,hate,hate,120,163,3,42,163,3,0,0
general-model-nolabel-paired-cases/v1,gold_group_1,328,D_given_S,CLnewNoCat,CLDnewNoCat,group,Racism,15,25,7,281,15,0,10,7
general-model-nolabel-paired-cases/v1,gold_group_1,328,D_given_S,CLnewNoCat,CLDnewNoCat,group,Region,10,27,15,276,25,1,2,14
general-model-nolabel-paired-cases/v1,gold_group_1,328,D_given_S,CLnewNoCat,CLDnewNoCat,group,LGBTQ,5,17,0,306,11,0,6,0
general-model-nolabel-paired-cases/v1,gold_group_1,328,D_given_S,CLnewNoCat,CLDnewNoCat,group,Sexism,14,51,17,246,41,0,10,17
general-model-nolabel-paired-cases/v1,gold_group_1,328,D_given_S,CLnewNoCat,CLDnewNoCat,group,others,18,3,3,304,3,0,0,3
general-model-nolabel-paired-cases/v1,gold_group_2plus,63,remove_with_D,CLDnew,CLDnewNoCat,hate,hate,27,14,0,22,14,0,0,0
general-model-nolabel-paired-cases/v1,gold_group_2plus,63,remove_with_D,CLDnew,CLDnewNoCat,group,Racism,8,6,2,47,5,1,1,1
general-model-nolabel-paired-cases/v1,gold_group_2plus,63,remove_with_D,CLDnew,CLDnewNoCat,group,Region,9,2,4,48,2,1,0,3
general-model-nolabel-paired-cases/v1,gold_group_2plus,63,remove_with_D,CLDnew,CLDnewNoCat,group,LGBTQ,1,0,1,61,0,0,0,1
general-model-nolabel-paired-cases/v1,gold_group_2plus,63,remove_with_D,CLDnew,CLDnewNoCat,group,Sexism,7,2,7,47,2,7,0,0
general-model-nolabel-paired-cases/v1,gold_group_2plus,63,remove_with_D,CLDnew,CLDnewNoCat,group,others,8,7,3,45,0,2,7,1
general-model-nolabel-paired-cases/v1,gold_group_2plus,63,remove_without_D,CLnew,CLnewNoCat,hate,hate,51,2,2,8,2,2,0,0
general-model-nolabel-paired-cases/v1,gold_group_2plus,63,remove_without_D,CLnew,CLnewNoCat,group,Racism,14,8,9,32,7,9,1,0
general-model-nolabel-paired-cases/v1,gold_group_2plus,63,remove_without_D,CLnew,CLnewNoCat,group,Region,12,2,4,45,1,2,1,2
general-model-nolabel-paired-cases/v1,gold_group_2plus,63,remove_without_D,CLnew,CLnewNoCat,group,LGBTQ,3,2,3,55,0,0,2,3
general-model-nolabel-paired-cases/v1,gold_group_2plus,63,remove_without_D,CLnew,CLnewNoCat,group,Sexism,24,5,14,20,5,14,0,0
general-model-nolabel-paired-cases/v1,gold_group_2plus,63,remove_without_D,CLnew,CLnewNoCat,group,others,17,3,0,43,0,0,3,0
general-model-nolabel-paired-cases/v1,gold_group_2plus,63,S_given_D,CD,CLDnewNoCat,hate,hate,8,2,19,34,2,19,0,0
general-model-nolabel-paired-cases/v1,gold_group_2plus,63,S_given_D,CD,CLDnewNoCat,group,Racism,8,4,2,49,4,2,0,0
general-model-nolabel-paired-cases/v1,gold_group_2plus,63,S_given_D,CD,CLDnewNoCat,group,Region,11,2,2,48,1,1,1,1
general-model-nolabel-paired-cases/v1,gold_group_2plus,63,S_given_D,CD,CLDnewNoCat,group,LGBTQ,1,3,1,58,1,0,2,1
general-model-nolabel-paired-cases/v1,gold_group_2plus,63,S_given_D,CD,CLDnewNoCat,group,Sexism,8,6,6,43,5,5,1,1
general-model-nolabel-paired-cases/v1,gold_group_2plus,63,S_given_D,CD,CLDnewNoCat,group,others,8,2,3,50,2,2,0,1
general-model-nolabel-paired-cases/v1,gold_group_2plus,63,S_vs_0,C0,CLnewNoCat,hate,hate,46,8,7,2,8,7,0,0
general-model-nolabel-paired-cases/v1,gold_group_2plus,63,S_vs_0,C0,CLnewNoCat,group,Racism,9,9,14,31,4,14,5,0
general-model-nolabel-paired-cases/v1,gold_group_2plus,63,S_vs_0,C0,CLnewNoCat,group,Region,11,1,5,46,1,2,0,3
general-model-nolabel-paired-cases/v1,gold_group_2plus,63,S_vs_0,C0,CLnewNoCat,group,LGBTQ,3,1,3,56,1,1,0,2
general-model-nolabel-paired-cases/v1,gold_group_2plus,63,S_vs_0,C0,CLnewNoCat,group,Sexism,30,7,8,18,7,8,0,0
general-model-nolabel-paired-cases/v1,gold_group_2plus,63,S_vs_0,C0,CLnewNoCat,group,others,17,0,0,46,0,0,0,0
general-model-nolabel-paired-cases/v1,gold_group_2plus,63,D_vs_0,C0,CD,hate,hate,10,44,0,9,44,0,0,0
general-model-nolabel-paired-cases/v1,gold_group_2plus,63,D_vs_0,C0,CD,group,Racism,5,13,7,38,8,6,5,1
general-model-nolabel-paired-cases/v1,gold_group_2plus,63,D_vs_0,C0,CD,group,Region,6,6,7,44,6,0,0,7
general-model-nolabel-paired-cases/v1,gold_group_2plus,63,D_vs_0,C0,CD,group,LGBTQ,3,1,1,58,1,0,0,1
general-model-nolabel-paired-cases/v1,gold_group_2plus,63,D_vs_0,C0,CD,group,Sexism,13,24,1,25,24,1,0,0
general-model-nolabel-paired-cases/v1,gold_group_2plus,63,D_vs_0,C0,CD,group,others,10,7,0,46,7,0,0,0
general-model-nolabel-paired-cases/v1,gold_group_2plus,63,D_given_S,CLnewNoCat,CLDnewNoCat,hate,hate,24,29,3,7,29,3,0,0
general-model-nolabel-paired-cases/v1,gold_group_2plus,63,D_given_S,CLnewNoCat,CLDnewNoCat,group,Racism,6,17,4,36,17,3,0,1
general-model-nolabel-paired-cases/v1,gold_group_2plus,63,D_given_S,CLnewNoCat,CLDnewNoCat,group,Region,6,10,7,40,9,2,1,5
general-model-nolabel-paired-cases/v1,gold_group_2plus,63,D_given_S,CLnewNoCat,CLDnewNoCat,group,LGBTQ,2,4,0,57,2,0,2,0
general-model-nolabel-paired-cases/v1,gold_group_2plus,63,D_given_S,CLnewNoCat,CLDnewNoCat,group,Sexism,12,26,2,23,25,1,1,1
general-model-nolabel-paired-cases/v1,gold_group_2plus,63,D_given_S,CLnewNoCat,CLDnewNoCat,group,others,10,7,1,45,7,0,0,1
general-model-nolabel-paired-cases/v1,Lq_hit__gold_hate,194,remove_with_D,CLDnew,CLDnewNoCat,hate,hate,67,34,4,89,34,4,0,0
general-model-nolabel-paired-cases/v1,Lq_hit__gold_hate,194,remove_with_D,CLDnew,CLDnewNoCat,group,Racism,2,7,5,180,6,2,1,3
general-model-nolabel-paired-cases/v1,Lq_hit__gold_hate,194,remove_with_D,CLDnew,CLDnewNoCat,group,Region,9,3,3,179,1,1,2,2
general-model-nolabel-paired-cases/v1,Lq_hit__gold_hate,194,remove_with_D,CLDnew,CLDnewNoCat,group,LGBTQ,3,1,1,189,0,0,1,1
general-model-nolabel-paired-cases/v1,Lq_hit__gold_hate,194,remove_with_D,CLDnew,CLDnewNoCat,group,Sexism,9,5,13,167,2,6,3,7
general-model-nolabel-paired-cases/v1,Lq_hit__gold_hate,194,remove_with_D,CLDnew,CLDnewNoCat,group,others,8,20,6,160,0,4,20,2
general-model-nolabel-paired-cases/v1,Lq_hit__gold_hate,194,remove_without_D,CLnew,CLnewNoCat,hate,hate,138,13,8,35,13,8,0,0
general-model-nolabel-paired-cases/v1,Lq_hit__gold_hate,194,remove_without_D,CLnew,CLnewNoCat,group,Racism,13,11,21,149,8,11,3,10
general-model-nolabel-paired-cases/v1,Lq_hit__gold_hate,194,remove_without_D,CLnew,CLnewNoCat,group,Region,8,5,9,172,2,7,3,2
general-model-nolabel-paired-cases/v1,Lq_hit__gold_hate,194,remove_without_D,CLnew,CLnewNoCat,group,LGBTQ,8,3,11,172,2,4,1,7
general-model-nolabel-paired-cases/v1,Lq_hit__gold_hate,194,remove_without_D,CLnew,CLnewNoCat,group,Sexism,21,8,32,133,8,22,0,10
general-model-nolabel-paired-cases/v1,Lq_hit__gold_hate,194,remove_without_D,CLnew,CLnewNoCat,group,others,11,14,3,166,0,3,14,0
general-model-nolabel-paired-cases/v1,Lq_hit__gold_hate,194,S_given_D,CD,CLDnewNoCat,hate,hate,21,3,50,120,3,50,0,0
general-model-nolabel-paired-cases/v1,Lq_hit__gold_hate,194,S_given_D,CD,CLDnewNoCat,group,Racism,2,17,5,170,11,3,6,2
general-model-nolabel-paired-cases/v1,Lq_hit__gold_hate,194,S_given_D,CD,CLDnewNoCat,group,Region,6,8,6,174,3,3,5,3
general-model-nolabel-paired-cases/v1,Lq_hit__gold_hate,194,S_given_D,CD,CLDnewNoCat,group,LGBTQ,3,2,1,188,0,0,2,1
general-model-nolabel-paired-cases/v1,Lq_hit__gold_hate,194,S_given_D,CD,CLDnewNoCat,group,Sexism,11,15,11,157,9,4,6,7
general-model-nolabel-paired-cases/v1,Lq_hit__gold_hate,194,S_given_D,CD,CLDnewNoCat,group,others,10,2,4,178,1,0,1,4
general-model-nolabel-paired-cases/v1,Lq_hit__gold_hate,194,S_vs_0,C0,CLnewNoCat,hate,hate,139,41,7,7,41,7,0,0
general-model-nolabel-paired-cases/v1,Lq_hit__gold_hate,194,S_vs_0,C0,CLnewNoCat,group,Racism,9,17,25,143,12,16,5,9
general-model-nolabel-paired-cases/v1,Lq_hit__gold_hate,194,S_vs_0,C0,CLnewNoCat,group,Region,8,5,9,172,5,5,0,4
general-model-nolabel-paired-cases/v1,Lq_hit__gold_hate,194,S_vs_0,C0,CLnewNoCat,group,LGBTQ,6,5,13,170,5,4,0,9
general-model-nolabel-paired-cases/v1,Lq_hit__gold_hate,194,S_vs_0,C0,CLnewNoCat,group,Sexism,35,28,18,113,27,8,1,10
general-model-nolabel-paired-cases/v1,Lq_hit__gold_hate,194,S_vs_0,C0,CLnewNoCat,group,others,14,0,0,180,0,0,0,0
general-model-nolabel-paired-cases/v1,Lq_hit__gold_hate,194,D_vs_0,C0,CD,hate,hate,23,157,1,13,157,1,0,0
general-model-nolabel-paired-cases/v1,Lq_hit__gold_hate,194,D_vs_0,C0,CD,group,Racism,11,15,8,160,12,3,3,5
general-model-nolabel-paired-cases/v1,Lq_hit__gold_hate,194,D_vs_0,C0,CD,group,Region,5,8,9,172,8,1,0,8
general-model-nolabel-paired-cases/v1,Lq_hit__gold_hate,194,D_vs_0,C0,CD,group,LGBTQ,2,9,3,180,9,0,0,3
general-model-nolabel-paired-cases/v1,Lq_hit__gold_hate,194,D_vs_0,C0,CD,group,Sexism,13,50,13,118,47,2,3,11
general-model-nolabel-paired-cases/v1,Lq_hit__gold_hate,194,D_vs_0,C0,CD,group,others,11,3,1,179,3,0,0,1
general-model-nolabel-paired-cases/v1,Lq_hit__gold_hate,194,D_given_S,CLnewNoCat,CLDnewNoCat,hate,hate,65,81,6,42,81,6,0,0
general-model-nolabel-paired-cases/v1,Lq_hit__gold_hate,194,D_given_S,CLnewNoCat,CLDnewNoCat,group,Racism,2,32,5,155,22,1,10,4
general-model-nolabel-paired-cases/v1,Lq_hit__gold_hate,194,D_given_S,CLnewNoCat,CLDnewNoCat,group,Region,5,12,7,170,10,3,2,4
general-model-nolabel-paired-cases/v1,Lq_hit__gold_hate,194,D_given_S,CLnewNoCat,CLDnewNoCat,group,LGBTQ,4,15,0,175,8,0,7,0
general-model-nolabel-paired-cases/v1,Lq_hit__gold_hate,194,D_given_S,CLnewNoCat,CLDnewNoCat,group,Sexism,13,40,9,132,32,1,8,8
general-model-nolabel-paired-cases/v1,Lq_hit__gold_hate,194,D_given_S,CLnewNoCat,CLDnewNoCat,group,others,10,4,4,176,4,0,0,4
general-model-nolabel-paired-cases/v1,Lq_hit__gold_non_hate,29,remove_with_D,CLDnew,CLDnewNoCat,hate,hate,13,1,2,13,0,0,1,2
general-model-nolabel-paired-cases/v1,Lq_hit__gold_non_hate,29,remove_with_D,CLDnew,CLDnewNoCat,group,Racism,3,0,0,26,0,0,0,0
general-model-nolabel-paired-cases/v1,Lq_hit__gold_non_hate,29,remove_with_D,CLDnew,CLDnewNoCat,group,Region,4,0,0,25,0,0,0,0
general-model-nolabel-paired-cases/v1,Lq_hit__gold_non_hate,29,remove_with_D,CLDnew,CLDnewNoCat,group,LGBTQ,5,0,0,24,0,0,0,0
general-model-nolabel-paired-cases/v1,Lq_hit__gold_non_hate,29,remove_with_D,CLDnew,CLDnewNoCat,group,Sexism,6,0,5,18,0,0,0,5
general-model-nolabel-paired-cases/v1,Lq_hit__gold_non_hate,29,remove_with_D,CLDnew,CLDnewNoCat,group,others,3,9,0,17,0,0,9,0
general-model-nolabel-paired-cases/v1,Lq_hit__gold_non_hate,29,remove_without_D,CLnew,CLnewNoCat,hate,hate,0,0,1,28,0,0,0,1
general-model-nolabel-paired-cases/v1,Lq_hit__gold_non_hate,29,remove_without_D,CLnew,CLnewNoCat,group,Racism,3,0,0,26,0,0,0,0
general-model-nolabel-paired-cases/v1,Lq_hit__gold_non_hate,29,remove_without_D,CLnew,CLnewNoCat,group,Region,2,0,0,27,0,0,0,0
general-model-nolabel-paired-cases/v1,Lq_hit__gold_non_hate,29,remove_without_D,CLnew,CLnewNoCat,group,LGBTQ,4,1,0,24,0,0,1,0
general-model-nolabel-paired-cases/v1,Lq_hit__gold_non_hate,29,remove_without_D,CLnew,CLnewNoCat,group,Sexism,0,0,10,19,0,0,0,10
general-model-nolabel-paired-cases/v1,Lq_hit__gold_non_hate,29,remove_without_D,CLnew,CLnewNoCat,group,others,1,9,0,19,0,0,9,0
general-model-nolabel-paired-cases/v1,Lq_hit__gold_non_hate,29,S_given_D,CD,CLDnewNoCat,hate,hate,12,4,3,10,0,0,4,3
general-model-nolabel-paired-cases/v1,Lq_hit__gold_non_hate,29,S_given_D,CD,CLDnewNoCat,group,Racism,2,4,1,22,0,0,4,1
general-model-nolabel-paired-cases/v1,Lq_hit__gold_non_hate,29,S_given_D,CD,CLDnewNoCat,group,Region,2,0,2,25,0,0,0,2
general-model-nolabel-paired-cases/v1,Lq_hit__gold_non_hate,29,S_given_D,CD,CLDnewNoCat,group,LGBTQ,4,0,1,24,0,0,0,1
general-model-nolabel-paired-cases/v1,Lq_hit__gold_non_hate,29,S_given_D,CD,CLDnewNoCat,group,Sexism,8,1,3,17,0,0,1,3
general-model-nolabel-paired-cases/v1,Lq_hit__gold_non_hate,29,S_given_D,CD,CLDnewNoCat,group,others,0,1,3,25,0,0,1,3
general-model-nolabel-paired-cases/v1,Lq_hit__gold_non_hate,29,S_vs_0,C0,CLnewNoCat,hate,hate,0,0,1,28,0,0,0,1
general-model-nolabel-paired-cases/v1,Lq_hit__gold_non_hate,29,S_vs_0,C0,CLnewNoCat,group,Racism,2,0,1,26,0,0,0,1
general-model-nolabel-paired-cases/v1,Lq_hit__gold_non_hate,29,S_vs_0,C0,CLnewNoCat,group,Region,0,1,2,26,0,0,1,2
general-model-nolabel-paired-cases/v1,Lq_hit__gold_non_hate,29,S_vs_0,C0,CLnewNoCat,group,LGBTQ,3,0,1,25,0,0,0,1
general-model-nolabel-paired-cases/v1,Lq_hit__gold_non_hate,29,S_vs_0,C0,CLnewNoCat,group,Sexism,2,1,8,18,0,0,1,8
general-model-nolabel-paired-cases/v1,Lq_hit__gold_non_hate,29,S_vs_0,C0,CLnewNoCat,group,others,0,0,1,28,0,0,0,1
general-model-nolabel-paired-cases/v1,Lq_hit__gold_non_hate,29,D_vs_0,C0,CD,hate,hate,0,0,16,13,0,0,0,16
general-model-nolabel-paired-cases/v1,Lq_hit__gold_non_hate,29,D_vs_0,C0,CD,group,Racism,2,0,4,23,0,0,0,4
general-model-nolabel-paired-cases/v1,Lq_hit__gold_non_hate,29,D_vs_0,C0,CD,group,Region,1,0,1,27,0,0,0,1
general-model-nolabel-paired-cases/v1,Lq_hit__gold_non_hate,29,D_vs_0,C0,CD,group,LGBTQ,3,0,1,25,0,0,0,1
general-model-nolabel-paired-cases/v1,Lq_hit__gold_non_hate,29,D_vs_0,C0,CD,group,Sexism,3,0,6,20,0,0,0,6
general-model-nolabel-paired-cases/v1,Lq_hit__gold_non_hate,29,D_vs_0,C0,CD,group,others,0,0,1,28,0,0,0,1
general-model-nolabel-paired-cases/v1,Lq_hit__gold_non_hate,29,D_given_S,CLnewNoCat,CLDnewNoCat,hate,hate,1,0,14,14,0,0,0,14
general-model-nolabel-paired-cases/v1,Lq_hit__gold_non_hate,29,D_given_S,CLnewNoCat,CLDnewNoCat,group,Racism,3,0,0,26,0,0,0,0
general-model-nolabel-paired-cases/v1,Lq_hit__gold_non_hate,29,D_given_S,CLnewNoCat,CLDnewNoCat,group,Region,2,0,2,25,0,0,0,2
general-model-nolabel-paired-cases/v1,Lq_hit__gold_non_hate,29,D_given_S,CLnewNoCat,CLDnewNoCat,group,LGBTQ,4,0,1,24,0,0,0,1
general-model-nolabel-paired-cases/v1,Lq_hit__gold_non_hate,29,D_given_S,CLnewNoCat,CLDnewNoCat,group,Sexism,7,3,4,15,0,0,3,4
general-model-nolabel-paired-cases/v1,Lq_hit__gold_non_hate,29,D_given_S,CLnewNoCat,CLDnewNoCat,group,others,1,0,2,26,0,0,0,2
general-model-nolabel-paired-cases/v1,Lq_no_hit__gold_hate,196,remove_with_D,CLDnew,CLDnewNoCat,hate,hate,69,20,10,97,20,10,0,0
general-model-nolabel-paired-cases/v1,Lq_no_hit__gold_hate,196,remove_with_D,CLDnew,CLDnewNoCat,group,Racism,21,4,4,167,2,3,2,1
general-model-nolabel-paired-cases/v1,Lq_no_hit__gold_hate,196,remove_with_D,CLDnew,CLDnewNoCat,group,Region,18,1,8,169,1,0,0,8
general-model-nolabel-paired-cases/v1,Lq_no_hit__gold_hate,196,remove_with_D,CLDnew,CLDnewNoCat,group,LGBTQ,3,1,0,192,0,0,1,0
general-model-nolabel-paired-cases/v1,Lq_no_hit__gold_hate,196,remove_with_D,CLDnew,CLDnewNoCat,group,Sexism,20,7,3,166,4,2,3,1
general-model-nolabel-paired-cases/v1,Lq_no_hit__gold_hate,196,remove_with_D,CLDnew,CLDnewNoCat,group,others,15,6,3,172,0,3,6,0
general-model-nolabel-paired-cases/v1,Lq_no_hit__gold_hate,196,remove_without_D,CLnew,CLnewNoCat,hate,hate,189,1,1,5,1,1,0,0
general-model-nolabel-paired-cases/v1,Lq_no_hit__gold_hate,196,remove_without_D,CLnew,CLnewNoCat,group,Racism,27,3,2,164,2,2,1,0
general-model-nolabel-paired-cases/v1,Lq_no_hit__gold_hate,196,remove_without_D,CLnew,CLnewNoCat,group,Region,30,3,6,157,3,4,0,2
general-model-nolabel-paired-cases/v1,Lq_no_hit__gold_hate,196,remove_without_D,CLnew,CLnewNoCat,group,LGBTQ,5,1,4,186,0,3,1,1
general-model-nolabel-paired-cases/v1,Lq_no_hit__gold_hate,196,remove_without_D,CLnew,CLnewNoCat,group,Sexism,34,5,15,142,2,12,3,3
general-model-nolabel-paired-cases/v1,Lq_no_hit__gold_hate,196,remove_without_D,CLnew,CLnewNoCat,group,others,22,1,2,171,0,2,1,0
general-model-nolabel-paired-cases/v1,Lq_no_hit__gold_hate,196,S_given_D,CD,CLDnewNoCat,hate,hate,30,6,49,111,6,49,0,0
general-model-nolabel-paired-cases/v1,Lq_no_hit__gold_hate,196,S_given_D,CD,CLDnewNoCat,group,Racism,20,5,5,166,1,5,4,0
general-model-nolabel-paired-cases/v1,Lq_no_hit__gold_hate,196,S_given_D,CD,CLDnewNoCat,group,Region,19,1,7,169,0,1,1,6
general-model-nolabel-paired-cases/v1,Lq_no_hit__gold_hate,196,S_given_D,CD,CLDnewNoCat,group,LGBTQ,3,3,0,190,2,0,1,0
general-model-nolabel-paired-cases/v1,Lq_no_hit__gold_hate,196,S_given_D,CD,CLDnewNoCat,group,Sexism,18,11,5,162,4,3,7,2
general-model-nolabel-paired-cases/v1,Lq_no_hit__gold_hate,196,S_given_D,CD,CLDnewNoCat,group,others,12,5,6,173,2,6,3,0
general-model-nolabel-paired-cases/v1,Lq_no_hit__gold_hate,196,S_vs_0,C0,CLnewNoCat,hate,hate,178,2,12,4,2,12,0,0
general-model-nolabel-paired-cases/v1,Lq_no_hit__gold_hate,196,S_vs_0,C0,CLnewNoCat,group,Racism,15,11,14,156,2,13,9,1
general-model-nolabel-paired-cases/v1,Lq_no_hit__gold_hate,196,S_vs_0,C0,CLnewNoCat,group,Region,21,4,15,156,2,13,2,2
general-model-nolabel-paired-cases/v1,Lq_no_hit__gold_hate,196,S_vs_0,C0,CLnewNoCat,group,LGBTQ,6,1,3,186,1,2,0,1
general-model-nolabel-paired-cases/v1,Lq_no_hit__gold_hate,196,S_vs_0,C0,CLnewNoCat,group,Sexism,30,9,19,138,6,16,3,3
general-model-nolabel-paired-cases/v1,Lq_no_hit__gold_hate,196,S_vs_0,C0,CLnewNoCat,group,others,24,0,0,172,0,0,0,0
general-model-nolabel-paired-cases/v1,Lq_no_hit__gold_hate,196,D_vs_0,C0,CD,hate,hate,36,144,0,16,144,0,0,0
general-model-nolabel-paired-cases/v1,Lq_no_hit__gold_hate,196,D_vs_0,C0,CD,group,Racism,11,15,14,156,7,6,8,8
general-model-nolabel-paired-cases/v1,Lq_no_hit__gold_hate,196,D_vs_0,C0,CD,group,Region,9,16,11,160,14,0,2,11
general-model-nolabel-paired-cases/v1,Lq_no_hit__gold_hate,196,D_vs_0,C0,CD,group,LGBTQ,5,2,1,188,2,0,0,1
general-model-nolabel-paired-cases/v1,Lq_no_hit__gold_hate,196,D_vs_0,C0,CD,group,Sexism,14,25,15,142,23,1,2,14
general-model-nolabel-paired-cases/v1,Lq_no_hit__gold_hate,196,D_vs_0,C0,CD,group,others,14,10,3,169,10,0,0,3
general-model-nolabel-paired-cases/v1,Lq_no_hit__gold_hate,196,D_given_S,CLnewNoCat,CLDnewNoCat,hate,hate,79,111,0,6,111,0,0,0
general-model-nolabel-paired-cases/v1,Lq_no_hit__gold_hate,196,D_given_S,CLnewNoCat,CLDnewNoCat,group,Racism,19,10,6,161,10,2,0,4
general-model-nolabel-paired-cases/v1,Lq_no_hit__gold_hate,196,D_given_S,CLnewNoCat,CLDnewNoCat,group,Region,11,25,15,145,24,0,1,15
general-model-nolabel-paired-cases/v1,Lq_no_hit__gold_hate,196,D_given_S,CLnewNoCat,CLDnewNoCat,group,LGBTQ,3,6,0,187,5,0,1,0
general-model-nolabel-paired-cases/v1,Lq_no_hit__gold_hate,196,D_given_S,CLnewNoCat,CLDnewNoCat,group,Sexism,13,36,10,137,33,0,3,10
general-model-nolabel-paired-cases/v1,Lq_no_hit__gold_hate,196,D_given_S,CLnewNoCat,CLDnewNoCat,group,others,18,6,0,172,6,0,0,0
general-model-nolabel-paired-cases/v1,Lq_no_hit__gold_non_hate,224,remove_with_D,CLDnew,CLDnewNoCat,hate,hate,36,2,11,175,0,0,2,11
general-model-nolabel-paired-cases/v1,Lq_no_hit__gold_non_hate,224,remove_with_D,CLDnew,CLDnewNoCat,group,Racism,8,3,2,211,0,0,3,2
general-model-nolabel-paired-cases/v1,Lq_no_hit__gold_non_hate,224,remove_with_D,CLDnew,CLDnewNoCat,group,Region,36,7,5,176,0,0,7,5
general-model-nolabel-paired-cases/v1,Lq_no_hit__gold_non_hate,224,remove_with_D,CLDnew,CLDnewNoCat,group,LGBTQ,7,0,0,217,0,0,0,0
general-model-nolabel-paired-cases/v1,Lq_no_hit__gold_non_hate,224,remove_with_D,CLDnew,CLDnewNoCat,group,Sexism,20,2,7,195,0,0,2,7
general-model-nolabel-paired-cases/v1,Lq_no_hit__gold_non_hate,224,remove_with_D,CLDnew,CLDnewNoCat,group,others,3,10,0,211,0,0,10,0
general-model-nolabel-paired-cases/v1,Lq_no_hit__gold_non_hate,224,remove_without_D,CLnew,CLnewNoCat,hate,hate,0,0,0,224,0,0,0,0
general-model-nolabel-paired-cases/v1,Lq_no_hit__gold_non_hate,224,remove_without_D,CLnew,CLnewNoCat,group,Racism,0,2,0,222,0,0,2,0
general-model-nolabel-paired-cases/v1,Lq_no_hit__gold_non_hate,224,remove_without_D,CLnew,CLnewNoCat,group,Region,9,5,4,206,0,0,5,4
general-model-nolabel-paired-cases/v1,Lq_no_hit__gold_non_hate,224,remove_without_D,CLnew,CLnewNoCat,group,LGBTQ,2,2,0,220,0,0,2,0
general-model-nolabel-paired-cases/v1,Lq_no_hit__gold_non_hate,224,remove_without_D,CLnew,CLnewNoCat,group,Sexism,1,4,3,216,0,0,4,3
general-model-nolabel-paired-cases/v1,Lq_no_hit__gold_non_hate,224,remove_without_D,CLnew,CLnewNoCat,group,others,0,3,0,221,0,0,3,0
general-model-nolabel-paired-cases/v1,Lq_no_hit__gold_non_hate,224,S_given_D,CD,CLDnewNoCat,hate,hate,46,47,1,130,0,0,47,1
general-model-nolabel-paired-cases/v1,Lq_no_hit__gold_non_hate,224,S_given_D,CD,CLDnewNoCat,group,Racism,10,7,0,207,0,0,7,0
general-model-nolabel-paired-cases/v1,Lq_no_hit__gold_non_hate,224,S_given_D,CD,CLDnewNoCat,group,Region,35,10,6,173,0,0,10,6
general-model-nolabel-paired-cases/v1,Lq_no_hit__gold_non_hate,224,S_given_D,CD,CLDnewNoCat,group,LGBTQ,5,3,2,214,0,0,3,2
general-model-nolabel-paired-cases/v1,Lq_no_hit__gold_non_hate,224,S_given_D,CD,CLDnewNoCat,group,Sexism,21,9,6,188,0,0,9,6
general-model-nolabel-paired-cases/v1,Lq_no_hit__gold_non_hate,224,S_given_D,CD,CLDnewNoCat,group,others,2,2,1,219,0,0,2,1
general-model-nolabel-paired-cases/v1,Lq_no_hit__gold_non_hate,224,S_vs_0,C0,CLnewNoCat,hate,hate,0,1,0,223,0,0,1,0
general-model-nolabel-paired-cases/v1,Lq_no_hit__gold_non_hate,224,S_vs_0,C0,CLnewNoCat,group,Racism,0,11,0,213,0,0,11,0
general-model-nolabel-paired-cases/v1,Lq_no_hit__gold_non_hate,224,S_vs_0,C0,CLnewNoCat,group,Region,7,18,6,193,0,0,18,6
general-model-nolabel-paired-cases/v1,Lq_no_hit__gold_non_hate,224,S_vs_0,C0,CLnewNoCat,group,LGBTQ,1,4,1,218,0,0,4,1
general-model-nolabel-paired-cases/v1,Lq_no_hit__gold_non_hate,224,S_vs_0,C0,CLnewNoCat,group,Sexism,0,10,4,210,0,1,10,3
general-model-nolabel-paired-cases/v1,Lq_no_hit__gold_non_hate,224,S_vs_0,C0,CLnewNoCat,group,others,0,0,0,224,0,0,0,0
general-model-nolabel-paired-cases/v1,Lq_no_hit__gold_non_hate,224,D_vs_0,C0,CD,hate,hate,1,0,92,131,0,0,0,92
general-model-nolabel-paired-cases/v1,Lq_no_hit__gold_non_hate,224,D_vs_0,C0,CD,group,Racism,9,2,8,205,0,0,2,8
general-model-nolabel-paired-cases/v1,Lq_no_hit__gold_non_hate,224,D_vs_0,C0,CD,group,Region,20,5,25,174,0,0,5,25
general-model-nolabel-paired-cases/v1,Lq_no_hit__gold_non_hate,224,D_vs_0,C0,CD,group,LGBTQ,3,2,5,214,0,0,2,5
general-model-nolabel-paired-cases/v1,Lq_no_hit__gold_non_hate,224,D_vs_0,C0,CD,group,Sexism,6,4,24,190,0,0,4,24
general-model-nolabel-paired-cases/v1,Lq_no_hit__gold_non_hate,224,D_vs_0,C0,CD,group,others,0,0,4,220,0,0,0,4
general-model-nolabel-paired-cases/v1,Lq_no_hit__gold_non_hate,224,D_given_S,CLnewNoCat,CLDnewNoCat,hate,hate,0,0,47,177,0,0,0,47
general-model-nolabel-paired-cases/v1,Lq_no_hit__gold_non_hate,224,D_given_S,CLnewNoCat,CLDnewNoCat,group,Racism,0,0,10,214,0,0,0,10
general-model-nolabel-paired-cases/v1,Lq_no_hit__gold_non_hate,224,D_given_S,CLnewNoCat,CLDnewNoCat,group,Region,11,2,30,181,0,0,2,30
general-model-nolabel-paired-cases/v1,Lq_no_hit__gold_non_hate,224,D_given_S,CLnewNoCat,CLDnewNoCat,group,LGBTQ,2,0,5,217,0,0,0,5
general-model-nolabel-paired-cases/v1,Lq_no_hit__gold_non_hate,224,D_given_S,CLnewNoCat,CLDnewNoCat,group,Sexism,2,2,25,195,1,0,1,25
general-model-nolabel-paired-cases/v1,Lq_no_hit__gold_non_hate,224,D_given_S,CLnewNoCat,CLDnewNoCat,group,others,0,0,3,221,0,0,0,3
