Metric,lambda00,lambda02,lambda04,lambda06,lambda08,lambda10
Triple_Hard,0.2411,0.2372,0.2411,0.2467,0.2469,0.2464
Triple_Soft,0.4512,0.4522,0.4554,0.4629,0.4626,0.4643
Triple_Avg,0.3462,0.3447,0.3483,0.3548,0.3548,0.3553
Target_Group_Precision,0.6868,0.6894,0.6921,0.687,0.7012,0.6968
Target_Group_Recall,0.6882,0.6861,0.6903,0.6924,0.6935,0.6887
Target_Group_F1,0.6875,0.6877,0.6912,0.6897,0.6973,0.6928
Hateful_Precision,0.7728,0.775,0.7802,0.7705,0.7858,0.783
Hateful_Recall,0.7744,0.7713,0.7781,0.7766,0.7771,0.7739
Hateful_F1,0.7736,0.7731,0.7792,0.7735,0.7814,0.7784
