label,TEXT
1,说河南人偷井盖的明明是北京人，我一个南方人都知道，东北人会不知道。东北人就会舔北京，然后拉着整个北方对抗南方，搞得像分裂国家一样。真的没治了。
5,很多男同都有创伤，我们应该帮组他们走出阴影，过上正常人的生活。
5,这个炼油厂还没投产吧，丹哥特要被拖死了
1,这暴躁老哥说的好呀👍️要不是疫情我也去东南亚快乐一下，抖音上那群老板也去霍霍非洲世界小姐们了
1,上海黑起别的地方也是不遗余力呢
3,普信男明知道不能送游艇，他们多数人仍会选择在这个周末上网……而不是去好好劳动，真是无药可救无可救药
0,太假了，普通人被气死我信，有钱人不可能的，三万美金😓稍微打点下默就可以解决的事
0,这些黑猴子也真不怕死。
4,评论区怎么就有人对号入座了呢🤭🤭
5,这人真是有毛病
5,没啥用的这个吧早就被人监管了，以前很多人的
2,我就是比你m还丑也配评价恶心男同，yue
5,不要回我，我没时间跟人对线哈🍉
1,现实是自古以来种地的大省最好管制，只要给口吃的，就没人闹，另外人口太多，出点奇葩或者啥事也正常
5,你们的回复都好苍白
5,如果是大户人家我没意见，但是这年头，谁还没个贷款。
5,我太想看看了！
4,腐癌说的，腐癌是你们异性恋女生😓
0,黑人请离开，因为距离产生美
5,有意思~~请问你哪里得出结论我是山东人~~
5,美国人又在哪个国内论坛看见的谣言啊 转手就发这来了
5,好家伙，我也看过这个
5,最后两句话含义深重
5,搞笑呢 那照你这么说我就觉得不太好不太合适我就要批判 你凭什么不让我批判🤣
5,努力大姐好久不见了，我还挺想她的
5,你们这些连性教育都没有的人，可以别来搞笑吗？
0,我们这些原住民终于可以爬了
5,这几年被黑的最多的是山东吧。
1,贵州人表示在浙江贵州人的身份经常感受到来自浙江人的恶意
3,上次遇到一个坦克，直接跟说自己这么漂亮怎么可能没谈过对象我就知道是什么成分了
0,这个事情上估计是大势所趋，国家宣传口的风向都是在推进和黑人同婚，想改变这个趋势，极其困难🤔
4,他们宣传他们的，咱们抵制就好了
5,说明一下，我只关爱自己身边的女性，比如老婆女儿等，别的女人关我鸟事。v
0,估计已经成了非洲某部落的第36号王妃
0,看来人类历史的先祖们早就有预料今日这些人类的叛徒所以才有了慕尼黑这个地名对人类们随时警醒
0,找谁不行，偏要找个黑家伙。
5,这里至少还有个男的，隔壁摆摊收豆子里就没出现过男性
5,中国劳工也在非洲大杀四方😅
0,好人与坏人有绝对界限吗？其实没有，只有立场，站在我们种族的立场，黑叔叔移民入侵破坏我们种族的单一性，就是敌人。不管他是不是好人。物种竞争本就只有立场，白王军在他妈妈眼中他也是个好孩子。但是我们眼中就是敌人。因为立场。
5,放屁的时候还会用手把屁罩住，然后放在同学鼻子前把手松开，然后同学就会闻到屁味，这是我独家发明的整人招数，然后我同学也会这样报复我。我还会把头皮屑挠出一桌子，然后包在纸里送给女同学，然后看她们嫌弃的反应特别好玩。后来毕业的时候发现被我整得最多的女同桌原来一直暗恋我
5,卡肺囊虫肺炎和隐脑大几率会死人的。
2,本身同概念就是用来混乱世界的，什么同，双，跨种，都是一堆歪理
2,？？？你在说什么啊？？？你们同性恋不是真爱吗？？？怎么能出轨呢？？？
5,都散了吧，人家都饥渴到这个程度了，大家就不要再打击了🤔
5,比黄人好看多了，真养眼。
5,正什么歪成什么样子了都是群满嘴道德仁义的狗在搞笑
5,看不起你了？
5,图中那个索玛女王被扒出来是个男的😆
4,猜猜看为什么贴吧变成了垃圾场？
5,保护我方输出
3,嘴里说着男女平等，却处心积虑让男的花钱，笑死，给你们随便找一个欣赏一下
5,但现实却是没有多少个已婚女性能够明面上拒绝丈夫的性需求，否则会遭来男方家里的各样指责。类似夫妻生活不和谐就是因为妻子的不配合等说辞。
5,另外，非洲人并不是我们的兄弟，把我们送进联合国的是欧洲，欧洲25票，三票弃权，欧洲只有一票反对，加上中法关系的升温，非洲很多法国的殖民地，自己去了解一下，非洲投的票最多，但是反对票也最多。
2,复印还得是你们txl厉害，搁知乎上一复制来这一粘贴就把正常人的智商否定了，就那两个赞的文章谁信谁才智商有问题
5,同性就是违背大自然了吗
1,没存在感是好事😅大连倒是有存在感可净是负面的
5,为什么会被歧视？我觉得尊重是互相的，我不歧视任何群体，我是鄙夷某些行为。
5,“男女平等”是女权的温和版。——2010年之前反女权总坛就确定了的。为什么还有这么五花八门的版本？大佬们也不下来管管。
5,图一是谁？好帅啊
5,首先是你要区分什么是媚黑。
5,觉得有人故意，然而这小傻瓜还不自知，一个个沉浸在愤怒的高潮中无法自拔😅
1,我小学四年级后转来南京读书，印象最深的就是初中有个英语老师是南京本地人，日常说话满口南京腔，尤其是批评学生时南京市骂一口一个往外蹦。初中时班上也有几个外地同学，也能感觉出老师对外地学生明显的歧视
2,黑驴基狗一家亲
3,在古代男性向外族播种是征服者的体现。女性被播种怀上外族子嗣是种族被其他种族征服的体现，区别还是很大的。
0,尼脑子有大病
3,更何况你鬼母阿娜本身就是个二年级辍学的屑
1,胡人的羊不用偷井盖了吗🤭
3,女人的钱好赚啊，我们要买房买车哪儿有钱让资本家改口啊，月收过万月支出500的穷人先路过一下。
0,有好看的，是哑光的巧克力色，纯黑的就算了吧
5,地域互黑沒有無辜者，黑別人與被別人黑，天道循環，報應不爽。
0,看不起我们中国人，别在中国网上秀黑人恩爱，去非洲网上秀恩爱！！！
0,大部分黑人都不知道自己是凯乐奇计划的棋子吧。就凭他们的智商。还妄想统治世界。犹太精英就是新的农场主。
5,又没人？单机贴吧？
5,图来了😆😆😆知乎竟然不让上传超过5M的GIF😅拍了好几次😅查看动图
5,拉黑nt是正确的心理异常变泰的人总想和正常人搭话来证明自己也是正常的
5,视频下架了
0,黑杂碎必须灭绝！！！
1,宁夏呢？知乎上我还没见过宁夏发言
0,这张动态图简直把虫类及其它们后代的智商表现淋漓尽致
5,给我看懵了
0,举报三非默有奖金！
3,咋？青楼赚钱没人点你，小仙女去凡尘溜达啦？
5,我之前看过一个新闻，一个妹子晒了自己中国男友的合照，结果男生因为长得太黑被一群😓认成黑人，好家伙，那个集体失智场景真的令人无语
3,女权师疯狂成这个样子她们要刀谁？或许仅仅看着她们每天把自己置之死地的样子，就很美妙呢
0,搞不懂这些人看母猩猩能有情欲？
1,小时候在河南被骂新疆小偷，上了大学被调侃偷井盖的，高考还要被歧视，上网还要被吐槽，fk the world
5,河南朋友真不错的，能处！实话实说！我遇到的都非常好的人，有几个三观不合，但人家也就背后说我坏话没坑我呀！但是低温……这……我碰到过一次那就是楞抢的这种
3,逆反就逆反呗，毁灭的是她们，而我们就坐看笑话。😎
5,问题是就算在研究所工资也不行啊，制造业平均工资也就比农林鱼牧餐饮旅游这些强上一丢丢，金融的一半不到，互联网的2/3没有行业报告里都写着的。
1,东北天天被黑，尤其是被百京😭
5,"请你不要偷换概念,我回复里面明明写的黑妹,根本没提东亚黄种人"
5,我相信爱情，我也拥有爱情，而且我们双方父母都可以接受
0,答主:最讨厌三种人，歧视别人的人，心口不一的人，黑人😆😆😆
3,七尺大儒猴，和阿娜一个级别的
3,舔黑的人在增多，舔狗也在增多，国内有些女的快被舔到天上去了
1,一说我是江西的，然后他们说，你们那是不是有很多传销组织啊～
0,素质高的不来ZG，酒囊饭袋团就想移民黑，为了钱，什么人种入侵都不顾了，多多吸收黑才是好，各种匪夷所思的行为
5,答主，评论区里的黑子是不知道一个地方的人不能用一个标签概括的道理，一开口就是AOE了都是老法师了，我在上海没呆过太久，七八天，有天早上在同济旁边四平路人行道上走，有位老太太骑一自行车从我后边骑来打了一下铃铛，我一回头就要躲开，恰巧老太太和我躲闪的一个方向，左一次右一次后，停了下来，相视一笑，老太太连忙说不好意思哦，还被询问小伙子穿这么少冷不啦，当时自己也是久没回家了，突然感觉很亲切，也挺想家的，当天就在网上订了票，没过几天离开了大上海哈哈。我这不是说洗啊什么的，我是觉着每个地方都有素质高的素质低的，可能有些东西客观存在，其实都是个例被反复说反复夸大而已，中国人民绝大多数都是善良质朴的👍️
0,按我的想法，它们只是类人，何来种族歧视?
5,确实，希望现在女生好好爱惜自己，不要太恋爱脑😆
0,_xDC36__xD83D_zz有空发这个不如去舔你默🐶的嘿d
3,生而为男，天生有罪
0,这位答主在评论说自己有过法国前任，按你的说法答主也该滚出中国，笑死我了🤣
2,笑死我了，这个货绝对是个同
1,不，黑陕西的只有河南，黑河南的可不止陕西
5,鲜卑是黑人吗？
0,他们所谓的等级之分也就是她们自己认可，真正的好女人和丈夫一起为家庭的未来付出，而所谓的高等之分却被西方佬玩了又玩，什么都不剩，还美其名曰为了爱情，真实可悲，不过也不值得同情，活该
3,我本硕均985，宁可要长得一般的本科生也绝不会看上自命不凡的带专lkd
3,希望建立个媚默女的档案库，防止有老实人在不知情的情况下接盘🐶
5,不好意思啊，安徽一般被黑什么啊，好奇，从来都没听说过。
0,“女权”就是女人没有了束缚后释放本性的模样，是女人最真实的一面，女权祖师奶波伏娃追求性解放可happy了，还把自己的女学生送给萨特透呢。与之对应的男人没了束缚那就是黑哥哥模式了
5,就是宣传啊，这几天都开始删对它们形象不利的视频了，zzzq
5,你早点蛆丝
2,反社会分子别冒充同性恋了
0,Ni是有毒重金属
5,那我就放心了
5,美国黑人马丁路德金是个非常有文化的人，他获得大学文学与神学学士学位证，因此非常厉害的
5,兰州拉面化隆造
5,看起来那就是一个垃圾勾八营销号。
1,中国大概2016年取消了入境艾滋病检查，南非的艾滋病病毒携带者高达25%，这还是黑非洲经济最好国家，其他的。😆😆你仔细想想。
5,有没有男权群啊，我想进
1,貌似很多非洲国家半数人口有艾滋病，而且他们也不怕，因为寿命低，活不到艾滋病发就会因其他原因死了
5,这种货色宁可当敌人也不能当朋友，背后捅刀往往致命
2,警惕同性恋打图灵牌
0,她们以为外国黑人有钱 哈哈哈
3,找黑人男朋友等于刨自己祖坟了
1,刚果首都的艾滋病人占到50%
5,浙南：不想被代表。
1,也就是一年一度吧。看看现在各大影视作品，哪个黑恶势力地痞无赖不是操着一口东北口音。从舆论到宣传，已经定性了。这才是真正的黑。
5,不需要也会尊重，你不需要不代表其他人不需要。
5,害，他们也就只叹自己没有生在上海并拥有上海户口
3,我知道男人活的很沉重。_x000D_也知道男人的世界不单纯。_x000D_但如果有来世，我依然选择做男人。_x000D_为什么？因为在这个世界里女人是被诅咒的，男人是被祝福的。男人如狗；女人如猫，对狗的评价总是正面占多数，对猫的评价总是负面占多数。_x000D_流血流汗，甚至掉脑袋，我都不怕，怕就怕一生无所作为。
3,有这帮龟男舔狗，难怪女拳这么凶?
3,啊这，他们缺老婆缺疯了吧，实在不行，找一个越南妹啊
5,你接受纳粹思想不？
5,现代女生都接受教育了 你这思想留在三从四德时期吧
5,证据链不完整
5,论地域黑山东没资格上榜
5,老大，别人国家引进移民，都必须过三五关卡，从语言能力到主义的认同。咋到了中国就啥门槛也不要了呢？ 你不可以让他们学儒家文化，学集体主义？明明可以的。二，中国人在非洲也生了很多蛋留下了。哪来的中国男人就很负责？呵呵。评论区一片“我们下的蛋多很自豪”。三，三非的矛盾怎么会是种族矛盾？明明是个违法问题，按法律处置。
3,韩牛奶广告将女性比作奶牛惹众怒
3,春日祭这个幕被陵迟的母苟笑死
3,之前有人做过类似的app，被女拳抱团掐灭了
1,照现在的情况如果没有改变，那么美国只需要撑过20年估计就可以吃尸体了
5,广西风景棒🐮
3,不就是想制造多点舔狗
3,如果妹子嫁给黑人也可以要求买房买车要彩礼🐶
0,黑人来到中国等于犯罪
3,微博拳师马上传送
2,异性恋不需要被认可同性恋就要？
5,唐朝前期的公主外嫁和后面的五胡乱华有很大关系哟
5,那个屌逼就是个**
5,你不会以为河南人全部迁到南方吧？即使是现在的交通条件也受不了一个省全部迁移，其实迁移的河南人是少数
5,为什么狗觉得人类的屎很香？并且吃的津津有味？
5,好，黑人越多反而排名下降了
5,你信不信她们更无奈！
5,别别别我河南的，我们没有这种人渣
3,别找太便宜的就行，听说便宜鸡跟你做完就开始叨叨叨她那些前男友的破事了。跟个怨妇似得，烦死了。现在22年，超过600都比较正常
5,虽然给你点了赞，但我觉得“只是歧视国男，对国男高标准，对外国男性放宽要求”这种做法不对
5,这个emoji有啥关系？
0,正常人不会嫁给黑人
0,我反而建议都去非洲，别把黑人引进中国。
5,你说没有就没有！ 你的观点可以说清楚没有？
4,"ZF2010年因为政治正确取消外籍留学生艾滋病强制筛查之后,国内的艾滋病感染率大幅度增加。"
0,嘿畜狌及其追随者没有资格存在于世，应该将其从地球上抹掉！
2,看来当通讯录是他唯一的精神支柱了，怪不得如此顽抗。
5,他们要求中国变成什么样？国家没有义务照顾所有人的意愿
5,可能有些人不知道科学有一个重大的阻力，不是伦理问题。正如艾滋病毒（较小结构）还没解决，何以有信心解决更大的结构？
5,我要当吧主
3,国女不少就被这种所谓戒指骗的……
5,人家能到越南做生意，说明有路子，娶个漂亮老婆算什么难事吗？
1,山东的就不要来凑热闹了
0,n哥没有爹
1,人家就读错个子，你意见都那么大，你想想为什么那么多人黑河南了吧
0,这就受不了了？知道美国多少白男为了追小仙女玩极限运动，命都没了吗？
2,而更多对同性恋抱有偏见的人他们偏见的方式是通过侮辱诅咒同性恋，通过散播自己本就不健全的三观，用各种伪科学或者哲学观点来证明同性恋的劣等和同性恋不该存在在世界上的扭曲变态思想，这种人还挺多的。如果有人告诉他他的这个想法是错的，他就会好像一个被爸爸妈妈惯坏的孩子，在受到社会的毒打后通过发狂和哭泣的方式伤害对他造成心理“伤害”的来源。但你不一样，你对txl除了不伤害，也给自己推倒之前偏见的机会，这还挺好的，这点连很多同性恋自己都做不到。
5,你这算不算打小报告😆
5,那玩意根本就不能算文化
5,哈哈哈哎哈哈哈哈，不要和不是同一个三观的人说话，说不到一堆去的🤣
0,同在广州，都特么有点不敢找对象了，就怕妹子之前交往过黑人瞒着我😅
5,艾滋病好好治也能活很久的，千万别放弃啊
3,她们被外国杂种羞辱了，国男愤怒受不了罢了。国女被好好对待，没人会反对
3,用钱用帅来衡量男人这种女的还少吗太多咯如果女的对你好感度不够她们就会冷漠势利眼小心眼只会利用你的时候笑
0,人类起源于非洲，不是起源于嘿人
5,东南亚不错的。你不了解东南亚那带的文化，我在那边呆了几年。那边人男人很厉害的早上九点去路边小店点杯咖啡什么之类的饮料，然后拿着报纸看着电视到十点多然后去做事。🤣🤣🤣
1,上海歧视外地人是普遍存在，看看这次防疫吧。妖魔鬼怪到处是
5,河南学校不少，但是跟你们人口比起来，你们上学不觉得费劲么？河南超级能生孩子，导致你们高考分数线超级高
3,那个铁钎子应该是用来缝那些收不到礼物瞎寄吧酸的畒的嘴的
4,没嘲讽没贬低更没夸张，张口屁股歪闭口叛国贼，爱国不是你打压少数人的借口。
0,学校和黑狗都不是好东西
0,喷回去，妈的，非洲人我是接受不了，在中国不干人事
0,你见过几个中国男的娶女黑人，要是有，只能说他脑子有泡，也别回来了，省得到处传染病毒🍉
5,😓来了来了，打的就是蜜
4,你一个精致的利己主义者，说这些话真是让人反胃。黑人艾滋病感染率了解一下，你母亲给你找个黑人继父你乐意不？
1,老一辈的人真的很多排外的呀 年轻人就好点了 既然很多人提出来就肯定是客观存在的事 不排除可能有些夸大但是说不存在就不可能了 年轻一辈人要做的更好扭转刻板印象才好…哪能因为别人说排外就真的变得排外…🤣
1,我在苏北从来没见过歧视四川人的，苏北应该自己受歧视所以对外地来的人都是很和气的。我觉得你不能光从你的角度看问题，你想想自己是不是做了什么不文明的事情。你去苏南上海浙江看看就知道了特别是建议旅居在那住拆迁安置房里面就懂什么叫歧视了
2,道家思想创始人老子告诉我们反猪妖的存在是符合自然辩证法的！老子告诉我们世界上存在的事物都是阴阳相生相克而产生的：没有白天哪有黑夜？没有男人哪有女人？没有高尚哪有低贱？没有猪妖又哪会有反猪妖？因此不要再拿什么反妖违背自然规律”来说事，因为存在猪妖所以必然也就存在其对立面反猪妖，这就是最大的自然规律。老子的原话引用如下：有无相生，难易想成，长短相形，高下相倾，音声相和，前后相随。——《道德经》这是在告诉我们万事万物都是阴阳相生的道理。人法地，地法天，天法道，道法自然。——《道德经》这是在告诉我们万事万物都有它本身的自然规律，人只能顺应规律，违背规律做事最终会受到自然的惩罚。反猪妖现象是客观存在的现象，人们想通过人为的方式去诋毁遏制甚至消灭它注定是归于失败！最终会受到自然规律的惩罚。
1,我总觉得东部沿海对西部内陆有很深的恶意……跟你差不了多少。很多人可能觉得我们老实好欺负吧
0,黑人跑的快---天生抢劫犯
5,这货不是中国人吧？
2,基佬被碰一下直接发廊
3,把女人关起来当生育工具啊，恶心死人。这种又蠢又贱的生物根本不配把她当人看。
5,战争中死的最多的就是男性，获胜受益的却不仅仅是男性
2,你发正常的帖子是钓不到同性异蛆的
1,您就是在地域黑
5,你这什么思想，无论什么关系，地域歧视都是被注定遭人唾弃。
3,🐶🐶肯定是国楠自己造成的呀，国楠不配娶她们
5,不要这么自大好不好，我是河南人，但我也不喜欢什么河南人是别人祖宗类的话，总之，说话长点脑子
0,见到皮肤比较黑的人员，选择与它们相反的方向行走就对了！
5,耽美文学就是消费罢了，，，
5,哈哈，开玩笑的，好好生活，女性依然伟大，不会带着大男子主义去看待女性的，只是你评价的会让大家看不下去，结合之前打拳风向，所以就这样说了，教员都说过妇女能顶半边天，以及宋庆龄和周总理的妻子邓超颖都是很厉害的，打拳打的不是虚有之拳，借着女性柔弱的体质谋福利，然后又刚硬的打着妇女能顶半边天的口号，这才是我看不起的
0,谁想买黑人爆改二手越野车谁就买吧，反正我心胸狭隘种族歧视，我就是不买，略略略
3,3.推动色情产业发展。非处不一定是鸡，但鸡一定是非处。像性交易、成人录像这些色情产业简直是非处的天下，原因有二，一是保守的处女不会为了钱被陌生男人破，二是即便有处女投身于色情业，在第一次交易时就已经成为非处。没有非处，就没有色情产业。
1,实话讲玩网游的时候连麦 最怕碰到江浙的，我说话有点口音，他们就学我说话😅，跟他们说还不承认自己学了... 总之就是特别有优越感，也不知道哪里来的. 当然，不是全部人，有那么一小部分因为江浙一带的经济环境有了优越感，但是跟他们没太大关系啊😲
5,中秋快乐！
1,而现在最多的是台湾网特
5,年轻人！好优秀
1,黑南通都是自取其辱
3,所以还是生男好，汉奸几率低👍有民族血性👍
1,当然是一些半调子地区啦，北上广深这四个一线他还真不地域歧视，他们是所有外地的都觉得没他们好，这个优越正常
2,答主把自己反同性恋，歧视同性恋的倾向换一种说法说得如此清新脱俗也是醉了。
1,甘肃人真的没有存在感😢
2,不知道为什么他还有脸自诩阳光惹，一个大学生不随便见一群陌生中年人很奇怪吗。以及我们的主任怎么还没来联系我啊，我还想听听你是怎么跟他说的呢，说你们学校有个txl，请你配合我们深入调查吗
5,那么问题来了，怎么又是黑龙江出的事啊！
5,南京的媒体给我的感觉就是情商很低，专门盯着不好的地方报道，优点不去宣传
3,什么女用洗衣机，这就把我的臭袜子塞进去
3,编谁不会编，我前两天还看到一个新闻说女性出轨率已打80%。
1,虽然说是地域黑，但是确实前几年发生过🤣大概是刻板印象吧，时代变了谁还偷井盖啊，那么沉
2,我的治疗力大所以30天。百度是想基佬越来越少，没有反同人士的救援，基佬染艾身亡就会越来越多。
5,然而河南逆天新闻、河南网友的逆天言论就是很多
3,你这。。。上边说郭楠在无能狂怒，下边说郭楠没有
5,真把自己当回事了，你的意见有个屁用
5,你这种把身边当世界的人，没什么好说的
1,这个也和曾经香港人骂大陆客“蝗虫” 台湾人骂大陆人“zhina人”有关🤔台湾名嘴每天上节目就希望三峡大坝崩溃，淹死三亿大陆人。去年疫情刚开始，台湾名嘴对大陆疫情幸灾乐祸哈哈大笑。还有台湾“海巡署”经常在厦门附近抓大陆渔民，船被罚没，还要交赎金。类似的事情还有很多，两岸关系逐步走向敌对。。。
3,女权还说亲兄妹父女啪啪啪只要不怀孕，不产生后代就不算违反人类道德！！！也算一种娱乐。
5,害这个确实过分，没办法。之前在抖音看到一个黑人女子在中国读研秀她的宿舍。好家伙那宿舍那个豪华，厕所淋浴厨房沙发双人大床。敢问国内研究生谁能有这待遇😅
3,那果子狸是男的吗？给这个人点赞的都是男的嘛？😄知乎b站微博里面的女拳师都是男的？
5,那就加个修饰词，光明正大的歧视
2,男男是普遍乱，女女才是少部分乱，
2,自嗨型基佬，嗨出优越，嗨出高潮
5,你心怎么那么狠毒
2,基佬都很变态
3,感觉现在女性的择偶标准都是“三无四有”了啊
3,你愿意跟一个被猴子睡过的女人结婚吗？而且她还跟你要房要车要彩礼。
2,比如说他说基佬都是没素质，没教养的人，我告诉他什么图灵之类的基佬，都是有学识，有文化，有教养的人，这时候他突然又跟你扯起对不起父母之类的，就很令人抓狂你知道吧
5,世界黑人人口每年增加4000万。
3,直接去银行投诉她
5,道理都懂，数据不说谎😆
1,这些南满估计连河南人都没见过就开始变着法的黑河南、黑北方了
5,春晚一直是反映社会现象为主哦🤔(得先有现象才能反映吧)而且近两年商业化严重，难免不被带偏。
5,听说增大手术风险有点高，成则罢了，不成还不如隔了做人妖🤣。。。。求证
3,整天喷光棍，奇趣蛋确实没人要，有钱夜夜当新郎
1,黑南方临海地区长相的都是低端下人，就你长的像欧美人？
1,个人觉得这种媒体的源头主要在江苏，10多年前江苏电视台的一系列新闻节目就专门报道各种负面新闻，先播报江苏省内的再报道周边安徽浙江山东的消息，我记得南京有一条马路很破烂，而江苏台却用了一周时间去详细报道它。而且这类节目的受众以中老年人为主，恰恰江浙沪的老年人地域观念很重非常排外，二者结合加深了这些人的地域歧视思想
3,对非正常的女性毫不同情，毫不留情，毫不共情，从日常做起。
5,大猩猩是杂食动物
3,还有“中国女孩找非洲黑人作为男友还要掉过头来说中国男人配不上中国女人”
5,不应该打你爱的人，不管是男的还是女的
3,你想多了，倒贴，媚黑女倒贴😆
5,图1正常人都是这反应
3,对有些女人来说，离婚是生财的手段。
2,同志？你们也配？
3,国女都是一群情绪化的**，觉得全世界都得让着她不能惹她
0,所以这个和狭隘没关系，就是看前任是个什么样的人，黑人的话九成九有问题，基本都有狐臭，得饥渴成啥样才找这个（没味儿学习好的比较少），得形成舆论共识，防止那些为了人口数据好看想引入黑人的XX专家的提案通过，过几年再讨论种族歧视对不对的问题
0,女的在闻狐臭，别戴口罩啊
3,你一个烧鸡在这挑拨男女对立？？？***眼
5,你为什么要管白人的感受呢。
3,这个就如同古代宠妾灭妻的这种法律一样，基本摆着看的，作为深受儒家父系大男人小女人几千年刻板印象洗脑的地方。基本实际都是女性单方面忍耐这个的。不论对方是否人渣。婚姻完整残害了许多女性身心健康。
3,她自己不也是一个哗众取宠的小丑？普信男有什么不好？难道天天跟个八婆一样怨天怨地怪异性才好？中国人讲究天行健君子以自强不息，普通人也要不断自强，而不是像某些群体一样一味崇洋媚外，逆向种族主义，或者性别主义。
5,...这句话跟我的回答我没什么关系吧😂
1,网上被黑的最惨的几个地方:河南，东北地区，广西。一般惨的:北京，山东，安徽，山西。剩下的就是比较少的，我也有看到内蒙，新疆，西藏，湖北，湖南，陕西，甘肃，海南，贵州被黑，其他地方没看到过🍉
4,艾滋病会攻击大脑，希望同性癖们，能保住大脑，不要变成痴呆，智商低下
3,小仙女：为了孩子将就一下吧
1,这几个地方的鸟人优越感贼强 其实鸟本事都没有，就一张鸟嘴乱叫
0,默多默多😆
4,这样讲是不对的朋友，拿医生来说，有的病人隐瞒病史，医生检查或者做手术的时候防护不到位就感染了。还有缉毒警，有的人渣染病毒狗真的会故意把病传给缉毒警察。还有许多许多此类事件
3,仙女本性难移
5,有句话说错了“谁不想做个正常人”，谁告诉你同性恋不是正常人的，还有人说性取向不正常，没有人规定什么样的性取向是正常的，过好自己的生活，外界的话不喜欢就不要参考，毕竟自己的生活不需要别人评头论足，不好的话也适当的过滤掉
0,泥革能算是人？？
5,反串差不多得了
5,世界上有很多美好的东西值得了解，何必一定要了解和欣赏同性恋呢？没人能了解到世界上所有的美好，不必强求。我觉得答主的态度是，将同性恋看做生活中更平常的事情，以平常心对待。有人会觉得骂某种食物不好吃是对所有吃这种食物的人的侮辱吗？不会的。
1,说上海不排外的都是没去过上海或者没生活经验的
5,潮汕是哪里？
0,不过是活不下去了而已，黑人其实不反对种族歧视。你看他们歧视亚裔的样子就知道了
5,我可是老实人，不能勾搭妹子干这些
1,一个山东的哥们说了，山东最魔幻现实主义。他还说，中国基本上也是😄
0,但是默我真的很讨厌
5,大庆不是黑龙江的吗？放眼东北甚至整个中国，有哪个城市敢说自己比大庆更富有？
0,我能说我最喜欢的NBA球员是个白人小角色么😅真不是人人都喜欢黑人球星，更不存在崇拜，只是觉得他们球打的好
0,嘿畜狌没有资格扮演人鱼，要演也是清道夫。
5,陕西现在的话，有点偏绿
0,必须去非洲，别留在中国祸害人
2,骗婚gay不能接受
2,我们来这里反同，首先要避免和基佬对麻，那是下策中的下策，我们要明白基佬最怕什么，答案就是现实生活的阳光，别看基佬一只只在贴吧跳得高，但是大家想想，拔掉插头，关掉电源之后再它们的父母面前，它们敢承认自己的真实身份吗？它们哪个不是在现实生活中只能躲起来冒充直男的肺五
5,你觉得怪那些老外吗。还是。。。。。
0,你想多了，要不是你们知乎一些吃饱了撑的到处举报三非黑人，被遣返回国，人家日子过得爽着呢
3,这种人就是觉得男性特征都是不好的，你还理她干嘛呢
1,黑河南都是偷抢啥的，黑东北直接开除国籍，什么鞑子日本后代啥的，这是有本质区别的。
0,寄生虫只会吸食，繁殖，破坏
5,黑人说实话如果不是头发和胸我是真的区分不了他们的性别，长得一个样
3,别吹嘘自己了，没有用的，你是那样鬼母的阿娜，不管在什么地方，就好像臭水沟里的苍蝇一样，那样的肮脏，那样的恶臭，你的气味，过于馊
3,艹，b站女拳集中营啊，评论区
0,黑浑身都是臭的
5,b吧有啥用啊，发2贴都没了
3,谦虚点，我们蝈腩😆
5,我希望直接嫁过去，
5,你自己为人正气不贪财好色，别人又怎么会骗到你！只是为了贪图小便宜吃软饭，正所谓天下没有白吃的午餐，只能怪你自己不切实际的幻想做成的错误。
0,非洲佬跟你结婚吗⁉
5,我江西只有一所211，没有985，
5,有一句老话叫不到黄河心不死 貌似网上的例子父母都是极力劝阻女儿不要嫁 结果却总是相反 所以我作为一个朋友的话 我有什么资格说话 只能说一句去吧 爱情是高贵的
4,知乎不是你表达个人喜好的平台，歪理邪说还编的津津乐道呢？而且断章取义，夹带个人私货，一些信息调查清楚了吗就好意思一个字一个字敲出来？多学点知识会发表有质量的观点再来知乎吧，不然也没人和你共鸣
5,上海人在上海为什么不能说上海话？
3,我的一个朋友在非洲工作过三年，他说只要是女的嫁给默，基本劝她辞职，要不就拿默的工资，一两千，没有回国假期，不报销任何费用，没假期，
5,黑就黑吧，地域黑是慣例無可避免，黑呀黑就習慣了，不在乎了。
3,伪腐是真的没法讲道理，我是同，我跟一个女生说说不要见了两个男的磕，她说，你懂啥呀？这叫CP自由，虽然她是在开玩笑，但是肯定世界上有很多人已经根深蒂固了这个思想
3,说明现在相亲市场上男的看身家女的看姿色
5,如果国家在这方面立法就真的好了。
5,可以找 也有接受的 不藏着掖着就不会有人说你什么 狗狗那么可爱还有人不喜欢呢
1,差不多得了，大多数江浙沪的人优越感不少是真的😓
3,最近贴吧搜索不出女权相关贴吧了，不能让女权就此沉寂，要利用女权让男性团结一致，不管什么方法，女权就是一个靶子，让男性团结的靶子，继续让女权疯狂吧。
3,不要太想当然了，各大平台炫耀黑人伴侣的，99以上是女的，80以上赖在娘家。
5,湖北发布昨天还把微博评论关了，真的寒心。武汉疫情的时候河南人民捐了不少物资，我们一个被列入贫困县的小县城还捐了几吨大葱，最后通报的时候还把我们嵩县读成了gao县，真的太让人伤心了。
5,你这是高级黑啊
3,所以如果一天醒来发现你以为的好的女性朋友在刚你，就不会厌恶了吗？
4,🤔然后呢？我说了啊 不管是异性还是同性，乱搞感染的都是活该
0,我知道有不少黑乐色的奴才们举报我，这是他们的特点，因为耍刘忙遇到硬茬子了，耍不过了，开始寻求所谓的合理手段了
5,又累又毒的环境你们受得了？
3,嘴上说女权但对男性崇拜不已的人，我能有什么看法？当然是喜欢这种小傻瓜啦
0,我人在欧洲，我跟你说，那些黑皮专门抢偷杀奸中国人
5,过度贫穷和富有，都是原罪
1,学习韩国人偷东西吗
5,都是极端男权家暴打孩子我们温和男权不干这种事
1,发达地区上海被黑的多惨，北京澳门香港广州都还好
2,我讨厌，并且如果有男同试图在我面前秀恩爱的时候我会给出警告，比如告诉他们我觉得他们这样很恶心，可不可以不要在我的面前亲热，如果他们不听，我会直接动手
4,中国人不喜欢二五仔不是很正常吗？
1,其实觉得吉林真的没啥存在感，在外地也很少遇到吉林人?
5,瞅那些脑子不正常的人干嘛啊？让自己生气多不值得啊
0,嘿砸肿本身就不该存在
5,说实话，我小红书微博关注的美女的对象都是鲜肉帅哥。我真的羡慕不已啊😅
3,孙吧不是一天两天被女权围攻了，慌什么
5,我们都是家暴男捏
3,这些女人给黑人下崽，不知道也是害了自己的孩子。她们找黑人男友也是为了显示自己的与众不同能谈朋友谈到国际上的与众不同的优越感而已。她们内心自己也知道中国社会是不会认同它们的同族的。她们的孩子在中国生活在这个跟它们外表就不一样的中国孩子的生活空间中，只会遭到所有人的孤立与歧视而且随着黑人越来越多，也随之而来社会问题越来越多，更多的人已经看清了这个种族好吃懒做的真面目只会让更多中国人对这个种族厌恶的人也越来越多。所以它们的崽子只会在排挤中成长。
1,那为什么知乎上总有北方人说什么“江南系资本、江南系媒体”黑东北？ [瑟瑟发抖]
0,中国56族5000年都一个祖先，黑人是哪个啊？
4,会被周围人瞧不起，染上艾滋病。
3,要不是亲眼所见，我也不相信，这还得从我在十一点吃烧烤，看见一个黑人搂两个妹子说起…………
4,这种就是腐癌，磕CP的前提不是自己也得是同性恋
3,看到你把国外贬低中国女性的水文当成圣经，应该有很多人也就放心了😆
0,黑命也是命，问题是黑人有没有把亚洲人的命当命看？
2,对对对 你们就是道德模范人上人 梅毒传播率最高就是你们这帮同性恋你们的存在的目的就是削减中国的人口对吧？ 
3,想给阿娜上坟捏
0,黑蛆无孔不入。只等潳令。
3,你得知道，杨笠作为一个公众人物，最重要的不是她说的话的本意是什么，而是被大潮流理解成了什么。如果杨笠和你现在做的一样，也出来大力解释的话，毫无疑问回挽回她在男性心目中的形象一点点，但是热度会骤降，钱会少挣，所以为了挣大钱她也不会出来解释，更有可能的是她故意用这种模棱两可的话来又当又立。所以，没什么好洗的，她自己就是想让自己的话被那么认为，还让人觉得不是她的本意，否则现在这种话就不至于被用得着么广泛了
5,原来是好友犯罪后被枪毙，尸体被卖给了医学院
4,有内部汉奸，故意的
5,两个女生，随所有条件都一样，一个是白人一个是黄种人，你选哪个当老婆
0,想问一下你这个找黑人的室友好看吗？人正常吗
1,既然你们这么厉害，先把在南方打工数不胜数的北方人都请回北方去吧，别留在南蛮之地委屈了自己又为南方人贡献经济了😄
2,很多同性恋，特别是母零。这一辈子都想当女人。就开始学一些女人的特征，开始假装自己是一个女王。想了半天女人的特征到底是什么呢？没有想到自信没有想到包容没有想到善良也没有想到温柔，却学到了泼妇的刻薄。以及淫妇的放纵。
3,欧美主体民族基本没多少了，现在都是混血民族了，这都是拜女拳的服，现在他们只不过想让我们也一样而已。
0,他们爆发力确实厉害，但世界不需要那么多运动员。而且以后也不徒手格斗（他们用冷兵器也不占优）他们的优点反而更易犯罪
3,谈恋爱也就算了，找老婆还找强势脾气的纯属自杀
0,很好的解释了为什么会出现那么多eg的原因，兄弟们怎么看
5,看不出来吗，作者就是专业打拳的啊，不是说是男是女，这是一个组织，专门挑拨男女对立，不该死吗，别让我遇见你，我进去坐牢也得把你弄死
5,东北真的实惨，我们河南也很惨啊，无缘无故被搞
0,霓虹也就80年代初对默有强力管制，现在也不行了，你看奥运会旗手都有默了
5,真可怜，摊上这么一个不正常的女人
0,匈奴汉国的刘渊。也是一个汉化之人。他的继任者骨子里改不掉。
1,上海是唯一一个本地人在本地说本地话，要被说排外的城市，❤️❤️❤️
5,没说不对。只说作为男性无法接受这个。你愿意那是你的自由，我不接受那是我的自由。所以没有批判，如果有请指出来，我与你一同批判他的错误言论。如果没有，那么请修改你自己的言论，毕竟喷神没有批判对错。
5,一个人的圈子是很小的，你没接触过，不代表没有。不要试图把这件事，往小了说，这不是一件小事，你这种态度让人十分怀疑，，，，，😓
4,无可救药之人不需要改变，艾滋中自生自灭
5,自己年薪二十万那是自己说的
1,西安，武汉，江苏人家之间都好着，就喜欢黑你河南是吧😄
5,异性恋是掰不弯的，就像同性恋是掰不直的，我们要倡导同性恋和异性恋是平等的，而不是倡导同性恋更好贵，实际上好像也极少数倡导同性恋更好贵
5,你还是太年轻了，没有格局。
5,生理反感，但是理智教会我尊重他人。就好比生理上想躺平，但是大脑让我继续努力。
1,所以你就黑上海😅
5,男权是平权，不是父权，谢谢。
5,生活方式习惯语言的差异是误解的根源，几个熟悉的河南朋友在我们这做小生意干的不错，和周围的人也相处融洽，不和谐都在网络上，现实几乎遇不到
5,之后那女的就一直在后面骂我，就刚才的事，应该没啥后续了，有后续我在吱两声。
3,easy罢了
5,刷到這層樓，感覺特別生動😅
3,并且照你这样说，剩下的女人全都是不爱国的，那你为何不说剩下的男人呢？知乎唯一让人讨厌的大概就是男权主义太重吧！
5,总结：农业大省，人口较多，经济不太发达
5,人伦人伦，没听说过狗伦，所以人作为高等的生物受到的束缚就多，狗没那么高等，受到的束缚就低，人大可不必学狗
5,最好都走，我是这么想的
1,所以上海是穷山恶水？？？？
5,刚才贴吧，抽风没办法回复你。只能先关注你，再给你回复。B站骂她，然后反手被举报封号，还是有点得不偿失的。也就只能在这儿骂骂她了。一击脱离是真的让人恼火。
5,是友军，但是没有加狗头，厚葬
3,接盘二字就涉及性别歧视了，不要这么说好不好
5,那还不是东北影视人才多，硬把普通话，说成东北话，孙红雷那个征服明明是发生在河北石家庄的事，他那一口东北话。直接就把人带到东北了。
4,我们不是种族歧视，是种族鄙视。我们不歧视他们，就像我不会歧视猫狗一样，不歧视不等于和其性交，如果不歧视成了一定要和其恋爱结婚生子，那我们穷光棍就太高兴了，可没有一位体面的小姐愿意嫁给我们，看来按某些人的逻辑歧视穷人是真歧视，比歧视黑人都歧视。
3,谁要跟她们摆烂？我之前的回答呼吁外娶。国女都把我私信炸了。外娶啊！外娶！划重点！
1,我见过无数的江苏人默认自己是日本的，不搞个夏日祭浑身不舒服😄
5,虽然黑人唱Rap比国内的rapper们正宗些，但本身这种音乐形式就偏小众，不存在什么特殊的享受吧
3,主要是杨笠这伙人搞性别对立，然后就是twitter上easy girl 等等，值得引起重视，黑人实在没法吐槽，广州地铁乌压压一片😄😄😄
5,这就是阳谋，你不防不行，防了也不能全身而退。
5,女士本身不是女性，这里的女士是lady。这句话本来就不是男女平等。
3,有这东西还要女人干嘛，现在的女人都不听话了，生了孩子都不负起一个做母亲的责任
1,这人真逗儿，把安徽都分成两半儿了，什么都是皖北的锅
4,幕刃和理客中一样恶心
4,艾呀，梅什么，湿不了[蹲]
1,这些坏事都是广东人干的！
0,外表可以。黑真是太丑
1,其实韩国人。。。娘炮。。。😄😄😄
5,这样的校领导不会有后代的，不害怕
5,东北，河南，山东历史地位普遍很高。东北重工业基地，共和国长子。山东GDP一直在前三，甚至干到过第一，河南历史底蕴身后，就像班里的高富帅，现在突然落魄了，肯定会有很多人讨论😅
1,呵，黑安徽江西最严重的也是你们那吧🤣那就不要怪别人反击
3,又一个LKD
0,你以为非洲人来中国，都是非洲酋长？？？酋长很高大上？？相对于中国来说，酋长就是中国的村长，多的不说，很多非洲人在中国，都是靠着中国留学金才来的
3,哈哈哈 你是揣着明白装糊涂吗 有不少媚黑女嘲笑国男几把小呢
0,非洲黑人的后代都回非洲去
5,中国好像临夏宁夏生育率高
3,喝多了会谈一下，正常社交应该不会。可就那么一下的谈论就可以导致她们社死了
3,2.好玩。非处在性方面懂的比处女多，也比处女放得开，更熟练或更乐意学各种不同姿势和玩法。一个字：爽
5,安徽池州也是这样，才从五线变四线
5,你说得河南人偷井盖才是无关紧要的，都带调侃的味道，但广东是在文化种族等方面被黑，你别混淆视听
1,长三角内部互黑很多年了，几年前刚来知乎时，南京和苏州和杭州吵得非常凶
3,唉，但nq觉得自己不能共情任何男性很棒。。。
5,长的一般，而且感觉有点男性化。最符合国人审美的白人其实是俄罗斯，乌克兰的斯拉夫人。
5,我想问那位广西小哥的普通话不标准到什么程度？以至于认为是外国人，像哪个国家的人？
4,开始打男拳了，理中客就出来了
4,艾呀。梅事的
3,拳师攻占大学，目的是把男性排挤出高等教育，从而坐稳高位
5,陕西人都这样的吗😅
5,匿名随你怎么说
0,其实种族歧视是要连接到利益的，美国是个移民国家，黑人也美国国家内部的人民，而种族歧视的核心是对于同工同酬的双标问题，是否有工作，同样的工作量是否拿同样的钱，而不是光怎么看待怎么看待这种虚空之中而不连接到现实生活中的东西，别人只是怎么看他真对他有什么影响吗，别人还不能有自己的看法了，一个外国人在中国打工能同工同酬付同样的钱能买到同样的商品怎么能算是种族歧视呢，更何况中国是个原住民国家本来就没有黑人这个种族，本来就不是中国国家内部的自己人算什么种族歧视啊？他们只是来中国赚钱淘金的？中国内部的所有社会福利待遇都是中国人民支持政府反哺出来的凭什么要求在中国得到与中国人民一样的待遇享受？
3,要是真喜欢大的，哪怕找个驴呢
0,楼主说的那种东西真是不言而喻当然指的就是虫族
5,他喜欢上你了🤣
4,十几年前有地沟头、脏辫、嘻哈什么的，这帮孩子的审美就是被扭曲了
0,那既然有这么多优秀人才，黑人为主的国家为什么没有一个强国？😆
0,搞得中国人没有似的，说不喜欢黑人啥的都理解，你说这话你觉得你好意思吗？中国有多少啊！
5,可惜了这么帅的演员，他的电影也很好看
2,趁早纠正取向是最好的出路，直佬们
5,对，其实她和谁都没关系，关键是一知道，就不会再想有任何交集。
5,阿斗怎么也整这一套了
5,不高，一点不高，就是结婚率血崩了
3,为什么楼主全部引用男性说的话？是歧视女性话语权吗？
5,我河北人从小到大没听过什么黑河南的言论，第一次听到井盖梗还是个新疆人说的。
5,哈哈哈哈哈哈，对不起，你有主角光环
2,你们同性恋说爱是不分性别，性取向是可以变化的，所以同性恋不正常可以变成正常的异性恋。你们说同性恋存在即合理所以反同存在即合理，你们要反同包容同性恋，你们同性恋也要包容反同。
1,但是有一说一，我从事旅游行业，在青岛，我们这对东北人的看法非常统一大家都挺反感他们的，发生矛盾也几乎都是跟东北人有些人是非常不讲理还感觉自己很有理，这不是少数现象，10次吵架8次东北的。所以我打心底里反感东北人，但是也有好的10个里面可能有两个
1,上海这种客观存在的东西也算黑吗？我倒是觉得是全国人民被上海各种瞧不起以后总结出来的结论罢了。
1,确实，这点得学着人家小棒子
5,自己不控制自己，还怕别人传病你？
5,您破防破的未免也太快了吧🤭🤭，骂完就拉黑你可真够能耐，跟你讲啊，污蔑这块儿你可真还得跟你妈妈学学
1,这种÷剩都懒得说它们省的龌蹉事
0,太可怕了，永远反黑👍️
3,小红书什么东西懂的都懂
1,都是些矮矬穷们发泄情绪而已。本身地图炮就是很丢自己的脸的，如今各大平台ip地址开放，他们也会丢了自己省份的脸！
0,之前在哪听过一嘴，说杂交的不如纯种的好，还会弄出很多奇怪的病，智商还会迭代变低，这是真的吗？？
0,被默光顾过就让默带走啊，留下来祸害同胞？
5,辽宁口音很重，尤其是沈阳辽阳那一片
1,又是个体推及全体，以及双标。所以应证了上海被排外多么严重啊
5,其实应该说，几乎所有中国人的祖先都在河南居住过，这样就没人误会了
0,祸害天下苍生，罪孽深重，黑人多了闹事，到时候谁也跑不了
3,现在没证据只要女的说有就有
0,这些黑人崇拜者为黑人做了大量正面宣传。应该占据了国内所有渠道对黑人的正面宣传的99%以上吧。而且是完全自愿，义务，积极，和免费的。宣传多了，那么自然就会有越来越多的女孩倒贴黑人。
0,这才是真正的反黑英雄
3,找黑哥哥可以，别留在中国就行，别让中国成为移民国家，乱得跟美国似的
4,因为对于丑的，是不被当成人的。你见过男的碰200多斤的黑白坦克吗？女的还真挺多的。好看的，别说外国人了，外星人都行，机器人更兴奋。
2,异性恋敢组织love don’t is love活动吗
3,男人穿什么裙子，很变态
2,异性恋比同性恋多好几万倍，肯定异性恋高。很多恶心的既同性又异性恋的，把病菌感染给自己的异性恋伴侣关键这病毒根源就是同性恋
5,他又欠收拾了
3,问题是如果一个男的老光棍，别人又会认为是身心不正常的，反正怎么做都是错
1,更不要说很多时候所谓的“东北人”就是东北唐山，东北福建，东北江苏的东北人。难蔓分不清除自己村以外的其他地区，一律归为东北人，反正东北这种舆论失势地区泼他什么脏水都是有人信的。
5,乡后宁，到上海，上海含窝港佛来，咪西咪西七含菜，咪西咪西七含菜
0,就像动物园里你放走了一群猴，它们在笼子里能产生GDp和门票，释放了以后能干啥
5,倒不是因为他不是反同，而是挖坟实在破坏生态，看见坟贴都不想进来
1,讲个笑话，这边有人讨外地媳妇，四川的都没人说什么，安徽的背地里要被冷嘲热讽死
5,我是岭南山区的，其他的不说，我觉得自己长得还可以🤭 湖南人 与广西交界处
1,这评论里面就有天天念叨一枪不放丢东北的
5,山西人刚从煤窑里出来，愣住了…………
1,深圳最歧视湖南湖北&成都女性。
0,我对你说的串串表示强烈谴责，哈哈哈哈哈哈
0,我可以接受非处，但是绝对不能接受跟黑人搞过对象的，更不能接受黑人女孩，哪怕是处都不行
5,😓我怎么没听说这个梗
3,作为从来没想过找外国人的女生来说，我觉得吧还是提升洋垃圾来中国的门槛吧… 对于那些找优秀老外因为爱的女生我觉得可以理解吧 不能一杆子打死，那些上赶着的eg当然批判我觉得没问题
1,好家伙，直接开地图炮，你自己不在地域黑？
1,佳木斯贼城全国有名
1,有没有这么一种可能 台湾跳反是真的🤔
5,这女的快手号多少
3,为什么图里的有智慧的人全是男性？
0,看最后一张图，她们只是单纯呗犹太宣传，洗脑了而已。
5,汉一点的电影或者影视作品，就会被打压，吴京拍战狼二的时候没有资本敢给他融资，当他取得票房第一之后，也没有人敢祝贺，这里面没有鬼，谁信啊，其实解决这个问题很简单，只要把所有东西都给下架就行，但国家什么都敢整治，就是不整治这个，有时候想整治一下，又被骂回来了，不得不承认，文化渗入这方面，美国做的很成功，中国的青少年基本上都对那些所谓的明星很崇拜，天天把自己打扮的阴柔的要死，不知道怎么办？再这么下去，我们的下一代怎么办？
1,有三个豪爽的地方很特别，与众不同。可以黑别人，别人不能说它们。😆
2,问为什么反？凭什么支持？反男同不反女同？太可笑了，原来撑同也带性别节奏，你这种“高尚”的人还要搞性别歧视哦？同恋婚姻不合法是因为涉及其他相关婚恋的法条都要修改甚至变成危害社会的bug，法律是需要兼顾多个情况而不是像你这种**自私自利
0,好神奇啊。我们学校也有黑人，但大家都表示很害怕😅我周围都没见过和他们玩的好的，更别提谈婚论嫁了。
5,你发这种跟那些幕刃有什么区别？不穿靴子只是不适合男人而已，而且我想大多数男人也并不想穿靴子，你要是喜欢穿那也是你的自由，你穿就完事了
3,爱因斯坦是个玩女的渣男所以有几次婚姻
0,黑人犯罪率远远大于其他肤色人种虽然有很多普通人，但是这个危险的概率太高了
3,lz你没看完原贴，原贴还说这女的有精神类疾病。判四个月，这会儿已经放出来继续祸害了
2,退役后，泼峰一直以廉价的体力劳作换取微博的反同资金。
5,为啥是山东呢，几十年前山东人闯东北，现在也有东北人来山东的。
5,这种科学的说法才应该是支持的，我们吧里整体还是有点偏的
5,作者你有父母吗？来把匿名打开，你在那装你妈
0,默就是默，非我中华民族必为异类，畏威不畏德。
5,我不能呼吸了😭😭😭😭😭
3,会员服务，难道是可以帮她找到不介意离异带孩子的优质男？
0,黑人的舔狗其实比黑人更可恨
3,真名媛会打扮的像🐔
5,没什么事实证明，里面都是某些人的利益冲突罢了。河南人攻击东北人？简直滑天下之大稽，无非是派别利益冲突，现在是金钱社会，以为河南人和东北人都很闲？
2,看看能不能等选举时重新投一位反同性恋的吧主吧，鸠占鹊巢又开始了
4,对对对，绿绿不也就是骂骂别人吃猪肉而已嘛，打不了也就是砍几刀，稍显粗鲁而已
2,MB关键是有的gay他还骚扰你，他妈的刚刚差点让一个gay亲了，再有下次老子打掉他满嘴牙，我这不是恶心，是唾弃
2,3.同性恋人士常要求社会必须保护他们作为“性少数的权益”，却很少谈自己的义务。比如艾滋病感染率高出异性恋几十倍等，是否应该谈一谈自己在这方面的防治义务？---染病首先受害者是自己，而你在这里说自己不尽义务？男同感染率虽然高，但总感染数异性任然超过7成，这可以的出异性恋也不尽义务的结论不？而且全国所有的LGBT组织都把这事放在第一位！公平化和正面教育正是减少感染的有效手段。欧美已证明。
3,虽然我没有看不惯黑人，但要给我个黑种女人，维秘上的我都不敢要🤣
0,你还是带着你媳妇一家回你的国家吧，华夏大地是我们先人用智慧和无数先烈的生命换来的，说白了你们其实就是想要污染华夏血脉，鸠占鹊巢，真是用心险恶
5,果然汉奸永远不少
3,他觉得很奇怪，去他同学家她同学女朋友在那玩手机，每天都是她男朋友做饭。我说这在中国很正常，他说西班牙他爸爸只有周末才会做饭。然后又说有个女生希望她男朋友180帅气多金体贴，西班牙留学生直接说这是在你的梦里吗，中国女拳扬名世界被看笑话。
3,说真的，没害怕，只有痛心，我伤心自己的同胞走上了这样一条路，我替她惋惜，我觉得自己对每一个同胞都是有责任的，她们自甘堕落带给我的只有怒其不争的悲伤
0,很美的非洲，非洲人回自己的祖国去吧！
1,希望以后发生卢旺达华强买瓜事件的时候这些人还能笑得出来。
3,国内的女拳忽悠别人终身不婚，忽悠别人单亲养子🤭
1,这个问题下有人有人在带节奏，那个叫务实帅男的，兄弟注意一下，他在挑拨离间，先装成东北人在河南为什么被地域黑的问题下骂河南人，然后私信回复他的河南人开始骂人，然后把两个人对骂的记录截取河南人骂东北人的片段放在东北人为什么被黑的问题下吸引东北人来骂河南人，挑拨两个地区的关系
0,黑人问题其实我觉得根本不需要让他们融入我们的社会也不需要让他在我们的大学里学习搞一个类似于监狱的地方设备齐全美名其曰地狱化培训不是更好对于黑老鼠我是真烦以前我在杭州的时候见到三个黑人一边撸串一边打飞机还问我需要一个强壮的男人嘛？我踢翻他的桌子跑了
3,主要是跟个黑人的女生都会选择隐瞒这是一种潜在的危机呀
0,美国亏欠黑人，他们在美国要补偿理所应当，可中国不欠他们，中国又没有搞过黑奴贸易🍉又没有压迫过黑人，凭什么来中国耍横
3,b站男用户多，自然没有拳师的生存空间，以前也有拳师大v在b站投视频想恰b站的钱，但是评论骂翻了也就离开了
3,高跟鞋就是法国皇帝路易十四发明的给自己穿的，靴子最初也是皇家御林军的标配，跟女人半毛钱关系都没有。再说丝袜长筒袜最初也是给军队士兵用来保暖的，倒是现在这社会为了讨好姆人把什么都向母人靠拢实乃恶臭不堪
2,本可唯一的过错就素泄露了个人信息，才让不法分子有了可乘之机。大叔随后表示知道了地址随时会来找本可，氮素他要怎么找呢，在校门口挨个问你是不是txl吗
5,不可能普及，繁殖的性需求是推动人类社会发展的重要动力，国家绝不会允许这种东西大行其道，就像是不论资源经济多么发达，都不会允许高失业率是一个道理。
3,姆是这样的，它们拒绝接受男方父母，也不想生孩子让自己成为父母，你说这种姆娶回家干嘛
5,央视2010年还专门出个新闻反对歧视同性恋
1,常州有资格说我南通吗🤭
4,没事，为了艾，这能忍😆
0,对于默就是有一种无差别的讨厌。。。
3,嫁鸡随鸡，嫁狗随狗，嫁给黑人就离开中国，不要待娘家
5,我二姑好像就是大石桥的
5,她不违法和我讨不讨厌有关？
0,你笑郑思死的早，郑思笑你活不了
5,😅难得的是中国男人有统一的无理由底线！
5,森伽罗人，差的大了。
5,她们怎么不要妇联的位置呢
1,其实看到河南被黑，我也很想骂人的。我想问候他全家，但是一想不能给河南丢人。被人家黑被人家骂只能忍了。你说人家一句，马上有100句来骂你。这种事情忍忍就好了。
3,微博什么时候死，最好再抓一批50W。
3,吴施蒙了解一下，山东大学三陪一的异性学伴了解一下🐶
1,那南方人都烦东北人也是有原因的吗？
2,最后，我以为为txl发声的诉求，一是立法保障txl的合法权益（比如tx婚姻合法化），二是推进全社会的认同度而我认为人的偏见是不会轻易改变的，他的改变一定是建立在已有认知的基础上。仅仅就我所知，txl在社会上的正面形象很少，不用说腐癌这样四处ky令人观感不适的，就是同性骗婚，传染艾滋，已经快成了对txl的刻板印象了和他人沟通并建立共识，需要很多努力。而一个负面新闻就足够让人产生更多的厌恶了这还不包括那些也许偏见最深的，网络之外那些沉默的大多数至于推进立法。在提出新的权益必然要伴随有新的义务出现。但在我国当下的时局，txl婚姻合法恐怕只是奢望总之，我认为对txl这一少数群体，是郭嘉需要发展到一定层次，并且新的一两代人成为社会中流砥柱之后，才是有进一步发展的可能的
1,【屈機TV】 是香港愛國建制派的得意傑作，用很多訪問，剪輯帶出愛國訊息，十分高手。其中最出色的一篇就是訪問七歲女童吳若彤，十分可愛，十分吸睛，又勝一仗。台灣和香港成為“地域黑”標的，在各論壇，微博，黑的大概有80～90%，比其他各種“黑地”都黑太多了。黑的目不暇給，精彩紛陳，各擅勝場，好不熱鬧。
5,不要看这些建议楼主打码发表
4,获得了先天性免疫...?艾滋病毒，也是个收获哈
5,等等？ 豆瓣是男性平台？
1,河南朋友是真的不错，能处！但是低温……这……我见过一次，那就是楞抢那种，他连套路都懒得套路你那种了，明白吗！就是你哪怕上来好言好语骗你上套呢，他都懒得说这好听话了。你哪怕说两句好听话，哪怕骗，这好听话听的舒服了，甘愿给你两文也就给了。关键他都懒得去说了，楞抢那人😂
2,关键是这个和大便本来就不是一回事，你把同性恋用大便来形容，那不就代表你深深的其实和偏见吗。。。不过你的想法也无法改变。
5,那个吧真恶心?
2,不排除这两种身份是重合的可能性好吧，毕竟大部分人都不会在职场中公开自己同性的取向，谁会自找麻烦让企业文化和同事关系来排挤呢😓
5,你还得画下面
0,跪虫族不要去当键盘侠都快快去学学虫爹与虫娘勇敢冲上大街上打砸抢啊证明你们一直是再追随爹和娘脚步从未变过还有那个居心叵测之人我是鑫泽真是为撒泼打滚同仁今行诡辩时候为何不去劝劝你们跪虫族同仁们快去追随你们亲爹与亲娘的所谓正义行动
0,典型的幸存者偏差，混血儿丑八怪的多了去了，人们都只漂亮的几个看
5,既然都是身为局内人那就不予评价。看看别的贴吧的人如何评价他
2,通讯录们不要再打着爱与正义的旗号四处行骗了。装作可怜兮兮的样子博取同情心，实际上内心比谁都阴暗便态。生活不顺得不到他人关注无法找到认同感，就靠来当通讯录来博取他人的眼球，靠在网上乱骂来发泄生活中积攒的怨气。简单来说就是一群懦弱的老鼠，一群阴暗的出生。只能靠抱团取暖来苟延残喘了。
0,引进黑人首先感染性病的几率会大幅度上升，还有出轨家暴x虐待的概率上升，其他没有任何的好处
0,是暂时管不了，但是这是普通民众朴素的愿望，不想眼看着搞出一堆混血引发社会问题才开始亡羊补牢。我们自己的问题已经够多了，不需要再制造新的种族入侵问题
2,因此想让txl不去滥交和大量传播艾滋病的话，就需要打破这个“环”，但是，虽然txl比例小，可是总人数还是很大的，社会教育的再完美，也无法阻止在这个群体中有给同性恋抹黑的“坏人”存在，每个群体都有“人渣”这点无论是在异性恋还是同性恋中都无可避免。而只要有人渣，就会被别人捕捉到导致整个群体的风评变差，这个环也就不会打破，想打破这个环的办法就是需要绝对力量的介入。
5,希望这样的校领导能得到现世报😠
5,扯，河北人最喜欢山东不假，但河北可不喜欢东北
5,狗肉。。。？这东西平时太罕见了吧
5,哈哈我不厚道地笑了，这形象也太逗了。当然如果这是歧视上海人，那确实不对
1,：首先打拳这方面是韩国先兴起的，间接就导致了韩国社会问题频发，像是的争端。到这两年中国也开始严重了，总不是近几年才通网吧？大面积的互相打拳，已经不是单纯的男女平等，个人权利保障问题，再这样下去只会破坏社会和谐。以下是假设：会不会是网特通过棒子事件的成功，而一样手法破坏我们的网络环境，导致有许多判断力低的人士盲目认同。最后导致自我内耗。
0,对头，主要是黑人，男女不重要
4,全国1/3商品粮产地，航母、舰载机、战斗机、核潜艇、航空发动机生产基地，必须黑掉他，让他人口和人才不断外流，逐渐萎缩。看看最近毒教材，洗地安倍等等现象就明白了，某些势力亡我之心不死。
5,为什么我碰到的河南人都挺好的，就是不怎么会开玩笑，人比较古板，没啥意思😅
2,为什么？为什么支持同性恋平权才是理性？自由的表达对LGBT的厌恶就是愚昧？说实话，从小到大周边不乏伪娘，公众面前以受迫害者形象博同情，私下里没有一点难为情，甚至往往更骚😅。在这个问题上，我们太讲求正直正确了，有点太左了。别误会，不是在攻击LGBT群体，只是拜托收敛一点，低调一些。
2,也没人不让你们搞基啊，这不就是你们的权利？你搞你们的，我们反感我们的，你们有搞基的自由，我们有反感的自由。我们反感妨碍你了？那是不是全天下的人都得喜欢你？
5,河南确实都是啊，我见过的河南人都这样
5,它就是个精神有问题的费五
5,没搜到啊，果然你是信口开河
3,有些畒急了，但我不说是谁
5,咋那么多剑奴只会视奸本贴点赞啊
0,我考，我才知道黑人不受计划生育限制？？那我们省出来的地方是给谁省得？？？??????
2,那你到底是在不接受什么啊，不接受txl存在？不接受平权？第一个的话不管你接不接受他都存在，第二个为什么txl相爱的权利要被异性恋决定？
5,南方系媒体不等于南方媒体，南方系媒体是以《南方周末》为主的一个媒体集团。“南方系媒体”不是“南方的媒体”，南方系有很多北方的媒体，比如新京报。
3,这就是慕勾正常人谁和蝈蝻结婚啊
0,就算是三婚带二孩的也大概率没病，但跟黑人在一起过的……🤔
2,原来是昔日的反同小将战淋。
1,那你应该谢谢骂你的那个东北人 因为人家骂你你能听得懂 如果是南方人 比如说福建人浙江人四川人 用他们的方言骂你 你听不懂还以为人家在夸你 你还得谢谢人家🤣
0,这叫：师🐵长技以制🐵
5,别的不说，河南这个谁还当真了？电信诈骗又不是河南最多，现在谁看见被偷的井盖还会在心里默念是河南人偷的
5,我之前的贴咋被删了
5,说“回族”被黑的。假如你和汉族结婚有孩子，请问户口报什么民族？现实中我还真没看到谁报汉的。那真的被黑被歧视吗？
0,我的评价是不如USABlackrace
1,凡是这种黑的地狱黑，通通都是想分裂祖国的，而且是领美金的
4,hai 你不也是？至于吗 人家就说不支持 扯出这么多话 而且你的话道德绑架也太厉害了逻辑也不对 在网上这样评论有什么问题吗 为什么一定牵扯到现实生活 这么说那先评论反对的都是现实中被压迫？？
5,性别平等观念更加深入人心，年轻女性平等意识更强95.4%的被访者认同“有一份有收入的工作对女人很重要”。不赞同“男人应该以社会为主，女人应该以家庭为主”的男女比例分别为50.9%、58.3%，比2010年分别提高14和14.7个百分点；其中35岁以下女性中有八成表示不赞同。认同“男人应该兼顾家庭和工作”的比例为93.3%。八成以上被访者不赞同“照料孩子只是母亲的责任”，其中35岁以下女性这一比例为94.6%。近七成被访者不赞同“在家里妻子应该顺从丈夫”，其中35岁以下女性比例达87.3%。不赞同“女生不适合学理工科”的女性比例为77.9%，男性为77.3%。
0,黑人的运动能力鸡肋的很
4,我觉得同虽然取向和普通人不一样，但是不代表他们不能有正常的恋情，只要是自己把自己当成个普通人，像普通人那样去恋爱，组建家庭，会得到幸福的。可能是同找炮友太容易又或者找合适的伴侣太难了，总是给人感觉很多同都有点乱。。？？其实不管男女，或者同还是异，那种渣的通常都得不到普通人的幸福，或许他们有渣的资本，也不屑于简单的幸福
5,实际就是她有抑郁症想不开跳的，完事有人造谣
3,兄弟们，遇到打拳的一定要反击，打得一拳开，免得百拳来，今日朱军，明日诸君，坚守某乎的阵地，保卫B站，贴吧，逐渐向微博推进。否则当你哪天被诬陷的时候，无处发声。最可恶的就是理中派，就像蝙蝠的故事里的主角蝙蝠，想两头讨好。正所谓石砸狗叫，大家加油。
5,中国人对中国人很严苛，但是有些人对外国人点头哈腰献殷勤，送女人给外国人用，这是为什么？
5,现在都标签化了，最逗的是之前在一个视频下面一堆人说东北人就XXX，其实视频里的人口音是离很远的某地的😅
1,飞周落后的原因是其整体智伤太低。懒笨。
5,当然没有，我不仅嘲笑他们，还嘲笑那些不嘲笑他们的人
3,微博女拳什么成分大家都知道的吧，“对啊对啊女的脑子里也就那点东西了”
5,公司外派在唐山上了三年班，人们都很亲切👍👍
5,东北人流出以年轻白领为主😅，可能去干这种活的少
0,黑、黑砸，做也做不对，他们
3,举个例子吧，你家里开了个小公司，你招了个女的进来，结果人家刚入职两个月，就怀孕了。生孩子去了~这一年她都不干活，你还不能降低她工资那些待遇。那么，你还敢不敢招女的呢？
3,拿个例出来说有意思？我在现实中看到的媚黑女就一个，黑人我见了有几十个，确实大部分女生根本看不上黑人啊，楼主说的哪里有毛病？还有那三陪一是政策问题吧
3,彩礼就是在赌，赌女方会不会用在新家庭。至于嫁妆，也是女方的，所以没必要说嫁妆，反正就是全是赌，赌对了女方用于新家庭，赌输了就如视屏。年纪轻轻就敢赌，小伙子们赌瘾那么大的么。
1,一个匿名的南宋人来这分裂东北了。
2,这个up是同性恋的头子不接受同性恋不正常的事实。想要同性恋向正常人挑起矛盾。严重影响社会安定。
4,反黑时不要一上来就开骂，反而会引起吃瓜群众的反感，起到负作用。到学校里发传单是个好办法，不用举大堆例子，字太多有的人反而懒得看，只宣传“中国取消入境艾滋病强制检疫，黑人艾滋病携带率高”足矣，我相信对艾滋的恐惧足够警醒大多数人了
3,自由平等是个伪命题，女性以此为驱动力，为了掩盖无意识的慕强，懒惰，自负等目的，实际上是以利益驱动而不是自由平等。
5,配偶团里的戴斯真是格外引人注目
5,非洲不是天堂，但是消费水平低，就算收入更少花销也更少
1,好像东北是被黑的最惨的 但是在南方统计最想找哪里的男朋友的 发现东北人更受南方妹子欢迎 这就尴尬了 南方人这么有钱为哈还不受妹子待见呢
5,我们不是神经病
5,快6万公里了，前列腺还好吗？
3,这多麻烦……把处女改成必需
5,你为什么非觉得同性恋一定是因为受到家庭创伤或者生活打击？很多也是因为基因带来的啊？
1,🤭您有井盖被黑的厉害吗？
0,关键她们不会选择自己扛着啊，你看看广州儿童福利院那么多的小黑娃就知道了😅她们早就洗白了找个老实有点钱的国男嫁了😅真正跟非洲人回去的女人那才是真爱可惜太少了！大部分都是玩够被蹬了然后找国男接盘，虽然咋大中国棍子多，舔狗备胎千斤顶也多，但能接盘混血品种的国男真的没有黑混就更别提了，毕竟这年头没啥爱情都是合作式的婚姻关系谁会给黑娃喜当爹呢🤣
1,说南方有钱，东北爱花钱实际穷，有五块花十块。人均存款出来之后辽宁第一，又说东北人爱存钱不爱花钱，不消费，没南方消费意识，穷人才存钱，真是🐮比极了
0,扫黑除默，势在必行。
5,我雀氏自卑，我山东人自然比不上gdp第二，不过我能分清自卑和谦卑，看来你还分不清❤️那说明一点，谦虚点人还是进步的
5,真的吗，这才是法律的公正
2,知乎同性恋标签第一的帖子，一群恶心人的在那里讲如何掰弯别人
0,说的对！应该远离不负责的，传播病毒的，动不动犯罪进监狱的人。只是正好以上几种人在黑人里面比例在7成以上。
0,油太人，祸害世界
3,有钱哪里的妹子都喜欢你
5,因为你在东北😄
1,地域黑的目的又不是表达真相，能污名化就行了
2,同别当我面恶心我就没问题，我也不会伤害他们
2,同性恋是真爱，异性恋为了繁衍这种话是招黑的话。我年少的时候也整天说这些话，只能当小孩子说屁话不能当真。一个成熟的成年人都不会这么说。所有爱情都是值得被尊重的。
5,那么日韩港台女权谁支持的！？
0,可以让大家看看国际鬼子虫类及其它们后代虫混居然敢使用人类词汇的帅究竟是什么心态其它百分之99的野生动物会怎么想
5,谁让她爱慕虚荣的？她没被宰杀，没被打残，就是不幸中的万幸
0,看有谁接盘?别怕，公开与黑交往的黑历史
5,负1赞，看来楼主又刺激到某些人咯！
5,所以你是个贵物
1,像成都这边就比较开放啊，成都mc事件了解一下，好多都是结婚了的聚众淫秽
1,提得这个问题我就觉得很搞笑。十个九个都是骗子，要么就是有夫之妇。都说自己是酋长得货，竟然还有一群人信。疟疾，霍乱和黄热！都多少死在非洲的冤魂回不去家，你居然想去拯救🤣。知乎不能骂人，不然真想骂醒你。而且，非洲属于多妻，嫁过去当老大，还是当老二。有些地方甚至电都没有！真是无语
5,出车祸死人的事件也很多，怎么办，不出门了?
3,为什么现在女的什么离谱的要求都敢提，因为总有添构去尽力满足她
1,摸摸头，我们湖北也被称呼九头鸟，只会算计人，有偏见的毕竟只是少数
5,要么我发地址你马上来找我不要拖泥带水
1,胡说八道，我魔都不服，有些人理直气壮的歧视上海竟然自己都没发现😆
5,确实，互联网事件反转太多了!
5,啊这因为我国注册球员远远少于其他国家啊
5,你知道你爹是谁吗
3,女性就是爱比男性双标，我觉得这句话确实没问题
1,同样经济发展很好的地方，我就没看到多少广东福建人地域黑，地域黑最多的就是江浙，往往黑子不是四五十岁的没接受过教育的，就是自己生活不如意，只能靠自己的户籍进行地域黑来凸现优越感。殊不知自己在江浙一带也时常因为素质低下而被歧视😄
2,2月这个吧还没有gay和他吵起来吧这飞株可真渐啊是不是个M到处找骂
0,能把这小倪格掐死吗
2,看头像还是个ltp基佬，真不嫌磕碜，恶心。
5,你认为纯洁美好，我们就不能觉得恶心反感了？道德绑架玩得66哒！~~~
5,感谢春晚，感谢沈腾
3,什么优质剩女
3,看到没，这就是龟男舔狗养出来的
1,。。。。。🤔🤔🤔上海人的地域歧视严重吗，据说外地人去上海，被骂要饭的，不知道真假
0,😅太自信了，有几个敢明说自己找过黑人男朋友的，这话一出口，多少人转头就走！还有男女比例差别没那么大。
5,single的译意有很多 单一是其中一个 我想表明我希望自己有独当一面的能力
5,不不不，它们会有政策加分的，甚至和留学生同等待遇进985，进清华北大都有可能！
3,谁能接受一个大空洞呢?
5,是嘛！那如果真有这本书决定是预言之书
5,的确是，同性恋真的不应该吹捧
3,当光棍足以成为一支军队的时候女性就再没有恋爱自由的权利了
3,如果一个女的错了不懂认错，她就没以后了。对就是对，错就是错。
3,楼上真是一个无耻透顶的女人
3,男人找对象一般要温柔善良的，女人一般要经济条件更好的
0,黑人本来犯罪率就较高
5,南满是什么。。。我也没说我是东北人啊？你看不懂字？“东北人在我们这里是直爽的”
3,这鸟人这么不遗余力的抹黑男性，50w没跑了
3,你可能还是知道的太少 你身边才能接触几个人？ 你的圈子限制你的见识，给你推荐个办法，下几个社交软件，定位那几个经济最发达、也是最媚外城市搜一下，看看那些名媛空姐高级女白领，就是男人眼中女神的那帮子人，看看她们的粉丝和关注，顺藤摸瓜你会发现一些端倪，绝对打破你的三观。
3,我不信，除非让你家女性打个样找个黑人😆，我就相信你不是钓鱼🐶
0,黑人犯罪率极高
5,最后受伤的还是老实人
0,格局小了，国女都是喜欢找黑人约p，找国男接盘🤣
0,黑人就是丑，黑砸小孩也很丑
5,我只看到了“买烟都不够”
3,各个国家法律的利女倾向都很严重啊
3,不婚不育挺好淘汰极端nc女人
3,夫妻吵架，妻子拿砍刀挥向老公小仙女放话:不过是砍一刀，谁家夫妻不吵架？
5,你在劳教所里就别祸害别人了
3,女性的权益已经得到保障了，各种伐律保护各种社会倾斜难道还不够吗？我现在就想知道男性的权益何时能得到保护同是生活在一片蓝天之下凭什么男性就该当牛做马还得不到保护，凭什么就认为男性就不需要平权就不需要保护
2,可是出于生活所迫，有时泼峰会不得以提供一些有色服务，换区生活费。
0,看着小黑们就头大，都是将来零元购的料
1,东北确实，你要是辩的太有理，对面就不用理由嗯骂东北，偏见是刻在骨子里的
5,环球时报虽然没有任何评论，但从评论来看，明显是讽刺的
5,你怕不是对号入座？🤭🤭
0,明明是胳膊肘往外拐，吃里扒外。现在有个高端名词叫反对种族歧视
0,只有黑人才能给女性一种特殊的享受。你懂吗？
5,反思一下，答主为什么不回你
5,这波是否是虚空立靶了？
5,100年以后，所有的中国人来自中原地区（或官话地区）
3,啥也别说了，人造子宫解决一切问题，包括女性，人造子宫万岁
5,这波怎么说
3,但现在说的基本全是国男了用来嘲讽女性 不管是谁说 反正这么说的都是不尊重人的
3,妻子当时受了多大的委屈才会拿起刀来。这男的在家表现，一直很差吧
3,她老公知道了，之后她的备注就是女表子了，极大可能离婚，然后亲戚朋友都来劝她老公大度🐶
2,？？？？？？今天又是恐直男的一天
5,错，河南人多，反而犯罪率不是最高。数据可查，某些只有河南人口一半的省份，犯罪率高于河南😄
1,安徽人被黑的原因应该跟河南差不多的😅
0,你买狗看不看血统？
5,不要冤枉老实人
2,或许可以接受一个同性恋在自己周围，但是接受一对同性恋在自己周围搂搂抱抱和亲嘴的话，我觉得还是头皮发麻像看见老鼠一样害怕的
5,你要认为合适就大大方方的告诉你老公嘛
5,东夷是族群的称呼，是中性词没有贬义哦，后羿就是东夷人。
1,肯定自己有原因，但是他们已经上升到整个东北人都是垃圾，低劣的种族，应该灭绝的地步
5,很明显就是有人乱带节奏
1,这些地域黑的通稿基本都是复旦新闻系徒子徒孙出来的🤣
0,曾经：黑人也有好人，不能一棒子打死…现在：爷就是看不惯🐶
3,国男的包容大度一直都是这么无私，eg使劲浪，反正有老实巴交的国男兜底囧
3,极端女权，极端男拳 这个输入法有点意思
5,她的头是p上去的吗
3,我又搜了一下，现在知道了微博原文是“闲散输出:特别是男生劝女生的千万不能喝，就是看准了你不会拒绝蕾克斯持续输出:对啊男生很坏的，男生脑子里都是那点破事儿的”
5,好久都没有见过那么干净的白人班级了，一个黑乐色都没有
1,东北被黑的是经济越来越不好，官僚主义之类，其他省份人民直接被黑的是人品呐！不一样
0,少数民族是少数民族，少数民族就算文化水平差点，但至少大部分还是遵纪守法的，黑小子们可就不一定了。好的幼儿园或学校，家长们很多都是有一定能量的，要把黑小子搞出去，总是有办法的。
1,只能说江西人真有钱结个婚彩礼都好几十万，
3,这些女人真恶心，
0,我是女的，说实话，如果我找的男朋友交往过黑人女朋友我拔腿就跑，接受不了。交往黑人男友的女生我也做不了朋友，还是拔腿就跑。
1,劝你们别这么想，不然你们见到很多黑河南的还又红又专的时候会接受不了的
3,笑死了我发了一篇贵物男拳帖被删了
1,温州假皮鞋
5,所以，你5点问题其实也就是归结为三点：1。同性恋对反对者和异性恋乱喷。这是这些乱喷者受压后不理智的错误行为。2。性倾向的不可改变性。这是医学的结论，是你自己（还有某些同性恋者）认识错误。3。疾病传播。同异同样有责任，并不是某个群体的特定问题。而且公平化和正面教育有助于解决此问题，而不是相反。
1,骂再厉害有什么用，人家回来依旧比大部分省份高一等，最可恶的就是地域黑到现实中什么不要河南的员工这种情况真的应该坚决抵制
3,永远不要对钕刃仁慈
0,女孩拼了命融入的圈子，最后发现还不狗窝
3,蝴蝶鸡死的好
3,男权吧老哥们还是比较理智哦，这要是男的发女权吧，可能已经让骂死了
3,暖男更受欢迎，男性需要改变择偶观?原来的舔狗龟男接盘侠不够用了，赶紧培养一批新的好让我们吸血?
1,黑东北的网络上太多了，现实中倒是没见到几个敢明面上说的🤣
5,太难了😅我一山东人都看不下去了，心疼河南
3,如果它们敢用武器的批判，咱高瞻远瞩的铁拳绝对会让其尝一尝国♂曾经背负的压迫
5,我的性别是海豚，要不是capitalism的异化，我早就能和海豚交流了☢️☢️
3,又变态又普信，还要当理中客，纯纯下头男！！
0,可见国际鬼子虫类及其它们后代虫混就是墙头草，两面倒当人说人话，当鬼说鬼话从这我们也能窥见国际鬼子虫类及其它们后代虫混的所谓精英就是蛇鼠两端货色。
3,有些幕刃真的是。。。。
5,动点脑子行不行，你的三观真的有毒
2,直佬日常罢了
3,"目前直男这个词包含下面一种含义：指那些不够敏感的男性。为什么这个词会有这种含义？因为很多女的都敏感、多疑、热衷于勾心斗角，女的会觉得敏感到热衷于勾心斗角是很正常的事，她们不会把这当作缺点，""直男""这个词的出现是她们对在她们看来不够敏感的男性的讽刺，这是女生的一种自我认同，或者说是为自己的行为辩护、寻找合理性"
5,黑人一样黑肤色
3,来自接盘侠吧的神贴，大家咋看？
5,听她的可就真毁了。
0,我只知道小时候天真的以为外国人都是很善良巴拉巴拉的，现在呵呵
0,中国人查查自己为什么被欧美歧视，是不是人有问题，味道对了吗😆
5,所以做过检查了没，现在婚检可都是保护艾滋病患者，不得病人同意，绝对不泄露给外人，包括病人的未来家属
5,现在吃瓜群众越来越少了随着网络的发达
3,咱们没人家团结，我经常去剑网3吧看攻略，结果，现在哈哈哈哈哈哈哈哈哈哈哈哈哈哈全都是籹全尸在打拳。
3,这个作者，完全说出了我的心里话 。人家一个愿打一个愿挨 。。操哪门子心 。怎么样，人家也不会瞧得起国男的。小心别接盘就可以了 。
3,你怎么知道你老婆有没有黑人前男友
0,古代有“五胡乱华”，现代有黑人乱华，谁造的孽，大家心里都清楚，支持楼主！
4,你才是那种满口仁义道德的人吧😕
4,一想到你们没几年就被艾滋病战胜了，真有点无聊呢
1,得了吧，据我所知河南人都快被黑成贬义词了。
5,非洲吧，分享过来的。
3,算了，女拳只有极端和温和
1,日本是摆烂，韩国是以彼之道
5,中国女人嫁到日韩的还少吗？ 你这反问没意义。 中国男人娶日本女人几十年来都没变过，每年一直都是一千多，但是中国女人呢？高峰时期近两万人每年，现在每年依然有四五千人嫁到日本。韩国也一样，而且嫁到韩国的更多
1,因为你还小，有很多事情不了解。黑不可能无缘无故的黑，肯定是存在问题的，这个为啥会出现这样的问题，还是出门打工的农村那帮人导致的，就像我那个时候认识的河南人那样，他自己把自己村里那帮人骂了个底朝天。其实做好自己，黑的人会越来越少。
0,想用一些非人类的描述评论。可清道夫是bi乎的爹啊。说错一句就要被封😆😆🤔
5,舆论反噬了属于是
5,自然界男女出生比是105：100
5,我不是河北人，但每次看到有人黑唐山也觉得恶心，一件打架斗殴的普通刑事案件能上热搜十几二十天，天天能看到骂唐山的，那个地方没有这种事，新闻一大堆，骂人算什么本事，有本事自己去制止犯罪，而不是口嗨。我感觉地域黑造成的社会危害远大于这个案件本身
5,普通朋友是没问题，如果是男女朋友，那确实是没用，你妈没说错
5,女权：我成替身了？
0,黑人玩腻了就离婚，据说这个离婚了，离婚前说得多好。飞周人很多病的
1,把这个女人送去非洲🐶🐶
2,同性恋现在高贵的很，真败坏路人缘。
4,喷人家多容易啊，你为什么不选择自己多复制几个“优秀DNA”？现在开放456胎了都，你随便生，又没人拦着。人家混血生一个，你生倆。你绝对拼得过人家。我就没见过哪个绝对的赢家无法云淡风轻气定神闲的。您老是想不明白？
5,你真是小机灵笑死我了，他们是这样哈哈
4,你不是同，你是个m吧
5,他们想上吗？
5,往后再看到不分青红皂白胡乱打拳的大家都去点个赞吧！恶人自有恶人磨，这么大戾气肯定也是生活中有人照顾着的
1,你在美国杀人都不犯法
5,还真是政治正确的一篇回答呢，不是所有东西，一挂上性癖，就无敌了。
3,我对自己家人外的女性的共情力彻底丢失了
3,就群里看大部分人还是理智的，还是喷幕刃的
5,前段时间整的喷吧被冲了就不让发言了
1,非洲动物园鬼畜杂毛地方
0,你还是许愿当一个生在美国中高产家庭的黑人吧，不然你可能在来之前就饥荒或者枪击或者成瘾君子了
0,我觉得全嫁出去的也好，至少剩下的脑子没那么奇怪。
1,看主页你自己不就是个地域黑吗？主页全是骂西安的，真是活见鬼了，一丘之貉呀，这是立场不同吗？🤔
5,男权是男女平权。请不要污名化男权。
5,就凭你的北京户口我就感觉你比我高级五个阶级，我是河北人😆
1,都是四川人出来黑别人好吗
0,犹太人被xx，真的是活该。
1,给我个台胞证，怎么黑都没问题。但是以我所在河南为例，问题是这里要医疗资源没有，要教育资源也没有，经济也不行，上个网还要因为户籍被地域黑，这才是真的惨。
5,欧盟将向难民提供3年居留权，正好女人和小孩补充人口和劳动力
1,东北人假冒云贵川
1,上海人不就那样吗？
3,女权的泛滥在加速这种趋势，生活本来就不易，女权们在闹一闹，现在提倡不追女生就是个前兆。
0,可黒鬼智商确实不行啊🥰
5,很多人闻见狐臭会生理反应，心口刺痛。
3,母系社会为什么会变成父系社会呢？因为女人求着男人负责。现在怎么变成男人求着女人结婚了？这种脑瘫文学还是一如既往的味道，强行大前提男女能力一致，强行空降强权逻辑。
3,据说可以花钱调查开房记录吧，有些机构专门调查的，只要钱给足，我觉得在好的女孩子，在那些开房记录面前和荡妇没什么区别
5,女权发展到极端受害者只会是女性，无论过程怎么样结果已经注定了，可以参考日本和韩国的女权发展已级崩塌
5,作为四川人，感觉受到的歧视也不少。
0,自信点，种族歧视不是贬义词
3,这女的是不是贵物啊？自己弄撒别人收拾烂摊子。?
0,只有涤清圣土桖洗嘿枸，才能延续文明
5,我觉得有道理，现在我自己都觉得我的口音搞笑了
1,啧啧啧，自己不想被别人黑，但是还去黑别人？
1,哈哈哈哈，当初解放后进新疆的大多河南人甘肃人，河南人和甘肃几个地方的人名声在新疆确实不好……
0,说得好听，你们别赶上去倒贴默啊
4,好家伙反串黑是吧😓
2,2022年6月9日，他在被人破防后删掉了“恐同症”系列2到10的所有帖子，距今1天，望周知
5,作为同性恋，点赞
5,全神贯注不是讲的几个小孩在坑里玩吗，有个小孩算数后来很厉害
1,河南人在我们北方名声真的很差，其实还是有原因的
5,以色列生育率居然这么高人家还是发达国家
3,还有的男人给自己定下目标一辈子睡1000个女人之类的，还美其名曰是有本事，能开好多个锁的钥匙叫万能钥匙，能被别的钥匙打开的锁就是垃圾。在新型婚姻不需要彩礼，婚后费用AA制，都有男的说是处女吗，我虽然不是处男，但你必须是处女因为男人女人不一样。
3,最简单的判断方法是看看她有没有微博，小红书，豆瓣
0,别闹了，黑人在女方怀孕后就有了消失的特异功能不是开玩笑的
5,东南亚小国人种可能和南方人差异就不大
5,事变皆在于人心 这句话没毛病吧 不同地区的人皆具有人性 不论经济发达贫困的影响 最终影响的都是人心 我们比较不同地区好坏时有一个维度可以考虑 便是比较坏的程度 比较好的程度
5,咱也不懂，啥时候湖北是中原了？
3,微博女厕所啊，哥
5,情商太低，管不住自己、
5,同样的组织污蔑中国制造新冠看来某些群体里还有50w啊，当然可能这个艾滋病传染源全体加一起可能不值50块就是了
1,其实我也没想通为啥大家都这么爱黑东北😅
2,智商有点正常的同性恋也会正视自己的不正常会明白同性相斥，异性相吸才是正常的道理。只有智商低的同性恋才会来这个吧挑战。就像抽烟的人也会明白抽烟不健康一样。同性恋不正常是事实，没必要挑起矛盾。
3,如果她们倒贴嫁出去，那希望赶紧移民，真的别留下了
0,没心气管了，上次歪果人永居我尽力了
2,当然是撑同
5,东北的，感觉湖北话挺好听的，
3,这母猪看面相就不是个好人
3,妥了，这下小仙女要买爆了。。人手一箱舍得酒
0,以前觉得不能盲目看不起别人，可惜现实是黑外教、黑留学生垃圾真的多。
0,现在还有人把洋垃圾当宝吗
4,正常人还是占大多数的，那些热评是什么成分大家都懂吧
5,图片暂时发不出来等我想想办法
2,君子和而不同，小人同而不和！团结一起反同力量，为人类创造美好的明天！
5,谢谢赵叔带来的最新资料
5,你去读黑人人种研究的书吧
5,如果说自然法则不允许同性恋存在，为什么不让它灭绝？
3,放在没有女拳的时代我们可以浸她猪笼
5,很好!出于虚伪的人性道德?迫于无奈的理论漏洞?才有你们的今天?如果不管什么道德?你他妈今天的午饭就是在猪槽里吃了
0,对，这洽洽是对所有中国人的歧视，所以排他们，他们活该。
5,我将带头冲锋
0,有些中国男人就是耐不住寂寞找黑人老婆啊，我也管不了啊，你跟我说这些有什么用？🤔
1,其他地方是地域黑，上海这个只是说了实话怎么能算黑
5,得了吧这两人都不太现实这样的情侣只会越来越多
1,还有就是有些上海市区人歧视市区以外的人（包括上海郊区）
5,借个楼哈，原贴被删我就在这里发了。这个人把我恶心到了。
5,刚刚看到有个1很喜欢你你还单身吗
3,一眼lkd现实中没人要的柜物罢了
0,留学生院招“翻译”的时候都排长队，我班女生因为没被选上还闷闷不乐。
5,同性恋也可以跟异性结婚生小孩的没啥的
5,😅浅陋啦。👍👍低估他们了。
5,我怀疑他们一块瓢仓。如果没有，他怎么不拿出证据？
3,现在女的哪个不是这样啊。我都习惯了。
0,嗯嗯那就往大了说，中国女人审美都有问题了都一喜欢又黑又丑又臭还不负责的嘿人，这下你满意嘛
0,真就是，病毒啊，会扩散，会传染
1,很多广东人老爱说自己是汉族正统，自己才是纯正正统汉人血统，北方都是胡人血统，胡杂，那北方人自然会觉得，你是正统汉人，来来，让我们看看正统汉人长什么样，然后看了之后才发现🤣，你们说的都对，华夏发源地都在广东好不好😆😆😆
1,“尊重女性”既是资本主义的骗局，也是西方文化的糟粕，一个性别有什么资格要求尊重？一个人有什么资格因为自己的性别被尊重？任何提尊重女性的都是不尊重男性，谁提谁是右！
2,天生的没办法，有些gay就是恶心，骚扰人，这纯纯没素质行为。但有些就干干净净，有干净的圈子和让人舒适的人品，让许多人愿意与他交朋友。再遇到这种骚扰人的你完全可以削他🤔，咱有理
2,一般的同你是察觉不出来的[蹲]，女装大佬不一定是同🤔
1,你为什么黑山东人？答：我只是把他们做的说了一遍
0,理想状态下女生找过黑人男朋友，没人接盘…现实中，几千万光棍排着队接盘呢，抬回家跪舔…就算得了艾滋也有艾滋群体里大量男性跪舔根本原因在于，男性内卷，女生有恃无恐
4,翻墙不就是看h吗⁉
5,坦率说，能来中国留学的非洲学生都非常聪明，我这个室友单亲家庭出生，心理是有一定问题的。
0,OK，把黑人赶出去
5,说的不是很严谨，一般女性的精神祖国是丈夫的祖国
5,这个陈漫应该封杀了
5,哈哈哈，这张脸真是看一次笑一次，真是太丑了
5,兄台这个捅字用的是出神入化
3,女性多数感性思维容易洗脑
5,恩！生孩子都不用去医院！
3,上男人车提供吹吹服务
3,换个角度，如果从一开始就不结婚哪有这些破事儿，该干的一样不差，那啥点的崽子落地直接走人
2,没事找事的基佬必须打，要是安分守己那无所谓。基佬说白了就是一堆屎，没几个好东西，都是些心里变态的货
5,谢谢夸奖！！（其实我既可爱又帅气哒）
5,这种问题下面必有老骟跳脚😄
5,你们高兴就好.
4,这就是艾情😎
0,生理上的不适，至少作为男生而言真没多少会找黑人女朋友。
1,对的，好多安徽人在网上骨头真的软
5,你咋知道😅
5,我们可以占他们便宜，但敢占我们便宜的都得死😄
0,女的都嫌被黑人睡过的女人恶心?别说男人了，闹心
1,上面那个务实帅男就是先黑河南，骂河南，让河南人骂你，你再把河南人骂你的聊天记录截下来，再去挑动东北人来骂河南人，从而成功拱火，让两个地区开始无限乱斗，一部分人被开地图炮之后会应激反应的开始无脑反击，这又会导致被无故反击到的人参战我，然后就愈演愈烈
5,所以要做到一视同仁，我觉得不可能，但我们还是应该向这方面前进，我觉得应当做到平衡，而不是平等
4,带着你的家人移民非洲吧！还有圣母的爱……
5,這句話😅⋯⋯⋯太精闢了
3,女司机逆行，小癣女评论怪男副驾
5,反自己人可还行我德二人就静静的看着你们内斗初二不好好学习当双标儿，你连群里搞反同主义的都不如好吧
5,晚安，很谢谢你，能够不歧视同性恋。希望你，能够一直幸福，然后每天都能够开开心心的，然后你也可以做一些自己喜欢做的事情啊，女生也要有自己的事业。为女性同胞的gay蜜，我希望女性能够有自己的事业这样能够更好的活出自己。🤣
5,我们是文明人
3,中国男人推崇的少，中国女人推崇的多，简直到跪舔地步，老外来中国路访随机索要100个吻轻轻松松，广东茂名有个白人模特经常换中国女人拍抖音，搂搂抱抱，中国女人也不嫌弃
5,转：非洲分为撒哈拉地区和撒哈拉南的地区。撒哈拉地区很早就脱离了原始文明了，早期有埃及文明以及后来的腓尼基人，后来该地区又先后成为了亚历山大马其顿帝国，罗马共和国帝国，阿拉伯帝国，奥斯曼帝国的领土，近代时受到欧洲势力的殖民或半殖民，直到近几十年纷纷独立为现在的一个个国家。撒哈拉以南的黑非洲地区，长期处于部落或部落联盟的文明水平，没有成型的系统的文字，没有国家民族概念的形成，直到几百年前被西方殖民者入侵，才接触的现代文明，最终有了民族的概念，后来被西方殖民后在近几十年独立后产生了现代的国家。黑人多数是南非洲，几百年前是部落文明，原始社会，没有文字。没有历史北非洲很少黑人，黄种人白种人有历史，有文明
3,笑，田楠就是骗婚骗炮的，真田楠水准在一般人以上，就没那么多剩女了
5,让我们看看女权吧被改名女子的权利吧，女权吧吧主变成谁了呢
3,三：女拳受益者这里我把女拳受益者分为2类，一类是直接受益者，一类是间接受益者。直接女拳受益者：很简单，利用女人的一些共鸣来建立信任，比如说你如果骂男人就会自动引来一群女人附和，哪怕骂得再没道理、没逻辑，也会有一群女人支持。有了人气就可以兑现，所以微商、写小作文的女拳才那么吃香，一边鼓吹着女人要独立、女人天下无敌，又一边坑害着相信她的女同胞的钱。你先不要可怜这些受害的女人，这里的受害女人是有极大的概率变为女拳手的，受害者又变回施暴者，可笑的是双方都是女人。间接女拳受益者：知道女拳的危害，平时支持女拳，或者放任女拳现象，心安理得享受着女拳打男人得来的不对称利益。比如：结婚男方必须出彩礼，而女方不出嫁妆。男人天生要让着女人。男人就是拿来牺牲的。这类隐藏的女拳手伪装成白莲花，是最可恨的，她们就像癌症一样，你很难精准找到她们。目的：获取自身利益。
0,和黑人睡不恶心吗🤔
5,谁是敌人，谁是朋友是革命的首要问题。
3,外娶多好，不打扰小仙女了。
3,问题是。别人不一定像国女一样倒贴啊
3,舔狗都是很恶毒的男淫。它们自己未必真对女人好，只是希望全天下男的都当跪男，这样，它们才有一点优越感。
2,首先让我先说一下如何识别有性别焦虑问题的通讯录
0,人们普遍敢打黑人
0,我无所谓，反正不想结婚🐶不过我讨厌黑，因为他们真的很没礼貌。
3,那什么，事实上大多数gay对女性拥有好感，而其中很多gay又反感直男，因为观念上极大的不合🍉gay一般是不可能反感女性的
5,得，您骂的好，您说的对?
0,嘿畜狌繁殖，都是强上的。
1,日本这次为了sb政治正确，所谓修正别人排外的观点。，才搞了一堆混血运动员，这简直是nt。不过日本本身混血比例很低。
2,太可怕了，之前我们学校有个同性恋也是个巨胖的，一直骚扰他的舍友，每天给舍友发几十条微信啊
5,莫言是满族人
2,所以人对同姓恋支持者攻击也是最猛烈的
3,需要姆蛆引流捏
3,有人问我为什么要为女性发声，我说，我只是不忍心看到她们被人伤害，仅此而已🤔女性确实会被黑人伤害，要么被强j，要么被轮j，要么被当成玩物。你所理解的这个伤害，不会是反对黑人和中国女性结婚，是对中国女性的伤害吧。你不忍心她们被伤害，就应该告诉她们，和黑人在一起，最后的结果大概率是什么，有多惨，抱着孩子找不着爹。去了黑人家当第四，第五个没地位的小老婆。
3,想反女权还得看女权，舔狗龟男理中客们不是男人能打醒的
0,我是女的我也看不惯交往过黑人的女的，，，读大学那会儿班里有两个女生，一个白人男朋友一个黑人男朋友，也是绝了，没事就发着朋友圈炫耀，真想问她炫耀个啥。不过反正也没有交集的人，毕业了删了
0,又不是没看过动作片，我当然知道，但是，菊花里全是翔，默与媚默女居然乐此不疲，令人难以理解。一旦看到这种镜头，我全都快进跳过，心理不适，对这种行为毫无兴趣，更没有试的冲动。另外，某些国家的默的艾滋感染率很高，无套内x会带给女人很大风险，接盘者可能招至无妄之灾，这才是真正恐怖之处。中国的艾滋呈扩散趋势，同胞们不要乱约了，珍爱自己，珍爱家人。
5,另外看看成都那边的入职增加hiv检查这一项，当然会保密，不过患者必须接受治疗，签订相关承诺
0,对不起，你要眼里的什么东西创造了五千年不间断文明。你眼里的高大上的黑人却连最起码温饱解决不了。
5,你说得对，但我认为母猪产后护理，首先要从产前做起，母猪产前四五天要逐渐减少饲喂量，其目的是减少腹部压力，产前吃得少，产后才能吃得多。若产前吃得多，不仅会使产程过长，而且还会造成产后胃积，母猪生产后首先要给母猪进行消毒，给母猪和猪仔一个干净、温暖的环境；在喂养产后的母猪时，要多给母猪喝水，多喂青绿、高蛋白的食物，食物的分量要适宜，不能一次性食用太多；猪舍保证适宜温度和湿度，利于母猪修养，猪仔也不会容易感冒。
0,黑人英雄都是犯罪分子，这个是惯犯
4,不是男足菜，不是女足好，只是想用女足来踩踩男足，女足死活它根本不关注，被人无情打脸
5,等下传播奥密克戎时会更猛
3,娶媳妇没用的关键是大小不然会被绿当老实人接盘侠，这么多年没有任何改变
1,之前跟四个同学去上海玩，等地铁的时候被一个老太太秀了一波优越感，不让我坐着她要坐，关键旁边还有一小排椅子是空的，地铁还有两分钟就到，我想算了吧，不跟老太太一般见识，我就去旁边坐了😅然后我到知乎上全面的说这件事，其中有一个环节是我的一个同学在等地铁的时候吃东西，然后有一个上海人评论，全面抨击我吃东西的同学，说他们上海人在进了闸机口就不会吃东西的，说我们没道德什么的只字不提上面那个老太太。（我们在南京都会吃，进地铁才不吃，南京的要求就是地铁内不能进食。)我们的确不了解上海的政策规定，关键是等地铁吃东西的人真的很多啊，PS有一天晚上我们在地铁里，还有一个优雅的上海女人在优雅的吃哈根达斯，我跟她对视了，她轻蔑的撇开了视线，她跟她老公一起说上海话聊天应该是上海人吧，而且看起来很上海，五十来岁。。反正那个评论的上海人又秀了一波优越感，他们上海人就不会吃东西，我们外地人开就没道德，老双标了。
0,实话实说，这小黑孩的照片我居然感觉有些惊悚
1,这是被黑吗？只是把东北人所作所为如实说出来。
2,如果你真的受到了男同骚扰的话，我觉得你有权说这句话。但我想请问一下，你是在怎么跟男同隔了十万八千里的情况下，还能被男同给刚上的，隔山打牛吗？
3,看不懂，只知道可以透。
3,真正经历过的都知道这是不知情的想当然而已，国内之所以有打拳的市场，就是因为太多人都是你这样想法，宁愿一棵树吊死罢了
5,我也是同，你有人了吗，可以加一下吗
1,现在也没有少骂啊 都荷兰喷子 恶意地域攻击
3,小仙女真是心地善良呢，为什么不让流浪猫住进她家呢
3,才10年，粿籹就该直接枪毙
0,黑人，沐猩而冠。
5,外国是政治正确啊
3,建议小蚬屡加大力度，最好见面就得送一万元的东西，这样舔狗龟男保证死绝?
1,对真的碰到这种气死了，有些人来上海要来的，来了上海之后骂上海人配不上这个全中国的上海，打压上海文化（比如方言），还因为“上海是全中国的上海”来说本土文化被打压是应该的。我吐了。
5,你在现实见到黑人也这么说？
5,试图捕获，小仙女
5,我觉得上海吧，上海人还是很不错的，除了有点缺点之外，其他都一般，没啥可说的
3,毕业了跟他去非洲做非洲酋长夫人呗😆
5,这种好队友你们收吗
5,她说的都逗，一个电视台主持人在主持节目时候说上海方言🙄这还不该被投诉？？？这要搁央视，得算直播事故，直接降职到幕后拉大幕去吧😆
3,现实里女拳没网上猖狂可以了
1,我魔都是重灾区，能黑到小品舞台上，全国人民笑看上海娘娘腔男人和拜金女人。
0,我现在非常需要这些三非黑人的证据，越多越好，最好能证明是三非，楼主麻烦联系我一下
2,我不恐同，就是单纯的厌恶，觉得恶心，不为别的，就为txl群体传播x病，还要骗人形婚，毁人一生。运气差一点的，只是被骗婚。运气再差一点，被骗着生个孩子，把孩子也毁了。运气差到爆的，被人骗婚，还被传染上x病，这就是txl群体干的好事。
5,我脑子清楚，只做自己女人的狗
5,喷神的回答哪里批判了？ 法无禁止即可为，只要不违法，怎么做都是你的自由。只是讨论择偶观而已，我们说不能接受也不犯法，而且我们本来也不在这类人的择偶范围内啊。两条平行线而已，互不相干。
5,估计女的还长得不错，正一脸骄傲地发微信朋友圈吧
5,河南老乡前来报道
2,我反同，我健康，我快乐！老子喜欢再健身房里一边锻炼一边反同，那感觉老爽了，哈哈
0,但你谈一个并没有很优秀的外国人，说出来收到批评是很正常的，女人的肚子和孩子的脑子是一个国家最重要的战略资源，里面装什么东西是关系民族危亡的。比如我本来不是种族主义，后来看到中非混血儿，还有他们要把中国染黑的言论，尤其是难民把一些国家搞乱套的事，让我有种发自内心的生理性不适，生物入侵既视感。
2,出轨直佬，我呸
3,中国对男性太宽容了，就算男明星长得是个屎也没人说。女明星稍微胖点就有丑男批评
3,没搜到就是我信口开河？985的留学生哪个不换十个八个中国女友的？easygirl称号白叫的？你没看到就是不存在啊？当然对我来说无所谓了，我也不在中国了，女友越南人，国女easy不easy与我有什么干系，只是苦了郭楠们了
3,豆瓣是女拳掌控的啊
1,识别山西人的办法：让他往鼻子里捅卫生纸，拿出来是黑色的就是山西人🤭
5,这边建议网络安全举报网址举报它送它上西天，另外它的资料在刘奚贝吧全都有，大伙多去看看
5,吃饭是人的弱点
5,这不跟之前那个女王培训班一个性质吗
1,明明是外地人歧视上海人😄
5,方觉意犹未尽，再来个加强版：内蒙全境苦寒，祖国边疆北端。人口两千余万，毫无啥存在感。除了骑马射箭，就是好客李诞。还有个马亲王，以及通辽可汗。三十二郎杨坤，包头钢铁集团。我是歌手冠军。大汉名磊姓韩。外加钢铁之翼，腾格尔翻唱欢。顺口押韵本段，老家最强礼赞。🐶
5,可怕的反社会人格
1,那不至于，我看着江苏跟广东互黑比较多，再就是跟那几个一卷的省份互相黑比较多，主要是老说要吊打这几省的高考
5,看不惯，干不掉，心里不爽，只能使劲黑，我姨妈在北京的，19岁就去了，说北京人对上海人很复杂的情绪，所以春晚，电视剧这种表现，就很正常了
5,男人们没有权力反对你做什么，但可以选择自己做什么。这是基本的道理。女权最大的问题就是只思考自己的权力，从来不思考别人的权力。实际上既然有女权，就会有对应的男权。
5,先看视频再来给我扣帽子。吧里有些老哥看不到所谓主要矛盾啊
1,日本的东北人确实多，我去日本的时候导游就是个东北人，跪舔日本，还爱忽悠游客。但日本东北人多的原因难道不是因为两地挨得近吗？换什么地方旁边有个人均收入高你一大截的地区当地人都会被吸引吧。
3,所以我从来不看女人的朋友圈
3,不要把男女和结婚，生子联系在一起就行了。只要大家不结婚，不生子就好了！只要男人还在乎这个。就会被女权控制。
1,本安徽人来说一句。浙江人是不屑于地域黑的，他们都钻到钱眼里去了。没时间没精力地域黑。他们的好邻居江苏那可真是地域黑十斗，江苏人独占八斗。比完经济比教育，比完教育比两院，比完两院比状元。身在江苏，没几个屌钱。动辄我苏天下无敌，宇宙苏。身处陋室，捡破烂，到了网上那可是阿拉江苏人
4,为什么不能歧视？什么时候不允许歧视变成政治正确了，某类不值得高看的人，看不上某个人就是看不上，大胆说出来🤔
1,伤心是湖北官方对这件事情不重视 疫情期间一个广东的骂湖北 直接被拘留了 轮到自己就不说话了？伤心是因为我们贫困县都捐了物资 一方有难，八方支援。 轮到冯丽事件湖北一句话不说。我饿了你给我点吃的，我吃饱了骂你??你愿意吗？你开心吗？你没意见吗？
3,蝻蛆少管女人的閒事好嘛真不要臉太下頭
3,电子烧鸡还不是要真人使用？
2,只不过给自己的歧的找借口掩饰，毕竟直接说歧视同性恋，会显得自己很没素质……但实际上你把他们的借口驳斥了之后，他就会直接撕破脸皮说就是歧视……其实也没办法，反不反同这个好像也确实是天生的，有的直男就是不反同，即便被骚扰只会反感骚扰他的人但是仍然不会反同，有的直男即便没有接触过任何男同，也仍然反同……
5,这波徐州，男的又输得一塌糊涂
0,生黑孩的女人！！！
3,同意，HIV病毒携带者用简易方法很难查出来，所以也奉劝那些用试纸查完就跟黑哥哥起飞的妹子慎重。
5,这种手术正规大医院一般不做的。地方我不太清楚
5,我们需要一个能说真话的平台。
0,再来两张中国三非黑人暴动图！这些都是官媒没有的
5,鲁尔大学？波鸿那确实不容易看到，人口不到四十万的德国中小城市。
0,多谢这段视频，把犹太人祸害全球人类各民族罪恶嘴脸公之于众
4,黑人如果多了，闹分裂了，圣母们担的起这个责任吗？
0,中国女人只要跟H人结婚，在F洲待上几年，她感染艾滋病的概率基本上100%，因为H人特殊的社会文化。她的老公会去找好几个本地女朋友，然后这些本地女朋友也会有好几个男朋友。就像一张网一样。这就是他们这些国家艾滋病感染率30%-50%的原因。
5,钻石这种东西的价格全是炒出来的别人工业用钻就是那这玩意切东西的
1,只能说荷兰人是这样的
3,之前有人信誓旦旦的讲要娶国外妹子，配不上国女🤣我说，这是你自由
0,只要这女的以后不拖着个泥娃娃来欺诈国内彩礼钱，谁管她
5,你圈子太高了
3,这就网上的拳师吗，我吐了
5,东方卫视播的不全是东北小品曲艺节目吗？我觉得上海对东北人来说算友好的了，东北人金星也常年定居上海
3,这女的张口就来，发学信网认证啊。
0,多了去了，中国到非洲援建的工人好多在当地找黑妞然后干完活就跑路
5,我真的怀疑SB发言的逆天程度啊
0,猩猩会打篮球吗，不是只会一遍采棉花，一遍吃西瓜吗
5,看看有智慧的人是如何认识世界的再看看吧里的言行，难道说有的人天生就是坏种吗？
5,你们都在法宝
5,泼猴尽管发疯，谁是疯子咱们路人眼里清清楚楚
0,帅个屁，你这是什么审美，或者阁下也是黑猩猩？
5,等老头子们走掉一些才可能稍微好一些
5,中国那真的说实话还好，白人女性才是包容
5,工地？我不在工地上班？难道你就是传说中的真正的搬砖人⁉
5,没事我已经报告网警了
5,饭桶蛆们不知最会精神胜利的是他们那位大飞株开着几十个小号自我回复轮着对骂的小丑
1,我大江西果然没有存在感😂😂😂
1,东北人吹张是英雄，发动西安事变将功抵过，差不多得了??
3,冷暴力算不算家暴？限制消费算不算家暴？如果都算，那其实女的家暴男的更多。
2,看看同恋是不是天生的，只不过是找个跟自己一样苦的人渡过找不到真爱的日子
4,竖切社会本来就是很扯淡的一件事，虽然大家都是反女权，但是有人反的是女特权，有人反的是女权，有的人还是反人类，只是恰好他性别为男，所以反女罢了。目的不一样，结果也不一样，有的是建立男女平等的社会，有的是建立男尊女卑的社会，有的是建立奴隶社会。所以还是用屁股斗争取代男女斗争得了。毕竟屁股坐的地方不一样，对同一件事的看法就不一样，处理也不一样。
0,说白了，和闺蜜感情不够深，要不就是自己内心潜意识也能接受默
3,这女虫且应该成了脑瘫了叭？
0,劳森歧视中国女性的时候你怎么不发声？绝大多数黑人就是没有素质，就是习惯伸手就来，张口就要的生活，不然非洲资源那么丰富为啥没有大规模的产业与工厂。现在的事实就是黑人搞双标，自己种族歧视最严重，利用种族歧视这张牌恰烂钱，疯狂歧视亚裔特别是中国人，美国那边就是这样，非洲那边更是一样。不要圣母心了，作为一个中国人，提高自己的民族自尊心没有错，与其研究反对国人厌恶黑人，不如好好去看一看黑人中主体的思想中会不会感恩，（他们是基督徒只会感谢上帝）会不会自立更生，有没有负责到底的责任感。
5,他应该在家哭了，吧主大人已经向他校方班主任提供资料，三天后可能被劝退学或处分
1,楼主可真有意思，跟地域黑讲道理，讲得通他还是地域黑吗，认知能力和价值观是很难改变的，这种人离远点就好了，否则就拉低自己层次了
1,正常东北人是不歧视的，但不得不说，在东北，东北红脖子和东北奸都是有的，前者认为东北最好，目空一切；后者认为东北最差，南方是爹。
1,说的好像浙江人分的清南北一样？
3,是普信杨笠，又是下头的一天
2,你们基不上药的真面目更妖
5,还有的说什么你之所以喜欢异性是因为你还没有碰到一个你爱的同性，看到这句话我都吐了，真的拉低我对同性恋的好感
5,有些是真的怕民族分裂，国家灭亡，种族替换
5,小红书根本不给我推送你叫我怎么看？❤️
5,肛肠科？不好意思我邪恶的笑了
5,这人还是个op
3,有真正的信念，坚定不愿意跟女人结婚再进。墙头草勿扰
3,钓鱼的韩国女拳已经没有发言权了！魔法打败魔法
0,因为女拳绝大多数人腿上都有个♠️
5,我都要吐了真的很会玩
3,"(不是说你)女人就是心胸狭窄,嫉妒心强,看见别人的碗比自己的大,就想方设法地想抢过来!还说:我们的碗应该一样大,既然你的比我大,就应该平均分!_x000D_于是,她们准备:把男人和女人的碗都摔碎,然后平均分~"
5,为什么彩礼吧没有♂?和♀?啊，哦，原来反对的都被禁言了?
5,不不不，面对不合法的行为当然会有所干涉，符合国家法律的为什么要硬碰硬？？黑人也是人啊！！为什么要歧视？不过这篇文章里关于国家战争方面的问题倒还是值得思考的。
2,他们就是男同，要联合腐女打压女权和女性。我之前也是腐女但是我现在抵制男同
3,中国男人家暴了那就是因为xdz把自己的负能量发泄在配偶那🤭
2,为什么不发中国的研究？反同的是中国人
5,山东并不严重
0,最怕的是那些跟黑人玩过的烂裤裆，哪天她不玩了，突然装纯了，以前的过去隐藏的好好的，找到一个老实人，然后突然变成了贤妻良母，这才是最恐怖的
5,我记得差评好像要先买游戏玩过后才能。
3,单亲，带黑娃，怎么也会被人说的，被人疏远的。就因为这个黑娃，她这辈子是没了，这黑娃还要上她的户口，到时候这黑娃在中国生活也会很艰难的。
5,标题没毛病内容上有问题
0,国铝只会pua国男，怎么可能骂洋大人呢
5,山东东北安徽笑而不语
5,现在欧洲就是西欧北欧难民多
5,请问韩国在对待黑人移民上有什么政策可供中方参考的
4,干得漂亮，歧视的就是你，咋地啦
4,能不能去微博和豆瓣打啊老哥们，把这毒瘤除了行不行
5,说这些的肯定有问题，江浙沪我去过，没碰到这些人
3,这事我支持，铁t性别女，心理男，理所应当拿彩礼
0,她们赶紧去非洲挺好的，是死是活关我什么事，别留在国内恶心中国人。另外，友情提示，婚检发现艾滋，医院有明确要求不允许告诉患者的伴侣和亲属，别问为啥，问就是保护艾滋病人，也不知道保护了他们，正常的普通人是得罪谁了
5,我只说事实
5,你为啥不信
5,被拐卖的确实很感动🤣
0,我不太清楚，反正跟黑人乱搞的，无论男女，我都发自内心的恶心
5,你的回答有点棒棒哒( • ̀ω•́ )✧
5,恳请大家维持评论区友好讨论的氛围基础，切勿刷屏对线、辱骂。一经发现，我会删除部分无效内容、拉黑评论者，不针对个人，也不针对特定立场，请大家友好交流，谢谢大家。
5,额，皮套人还真的有粉丝？
2,同是病，需要治疗
5,這邊建議先對她們家族男性進行清算以證明勇氣
5,老一辈确实是这样的，因为大多数情况都是母亲做家务收拾，但是这不适用新一代年轻人。
3,原来就有人水过帖子了，签名骂女的很快就会被删，但有女的签名骂男的没事
5,关爱一文不值，不如打笔巨款
5,他知道自己的行为有多无耻，反串湖北人咯，正常操作
4,你们艾兹佬都快死了还敢来发癫
3,无耻者无畏，无耻者无惧，人家都不在乎你激动什么？难道你还想接盘？这种女人我连看的兴趣都没，难为你们还要生气。?
5,是的，还是女生理解女生
1,虽然但是，到江浙沪做人力资源的河南包头，是真的十有九骗…我们那做农产招人的，遇见河南包头都得留心眼，信用奇低不按合同办事，契约精神几乎为零😅😅算是给河南招黑的老源泉了…请河南同胞们明察下，绝绝子。
3,女拳发财新手段
1,是是是，北方都是人上人，也不知道为什么只有“南下打工潮”没有“北下打工潮”呢？
0,那黄精灵有种去找格格巫啊
3,大多数来中国的老外都有一个目的，搞中国姑娘，花中国姑娘的钱，让女方买房，买车，生娃，无聊时家暴
5,麻烦你把广告叉叉掉
1,时代变了，谁还偷这玩意，费劲还不挣钱，假和尚在河南才多🤣🤣🤣🤣
1,如果能找到真爱，相信大家也会祝福女方，但是千万注意不要被拍成H站主角或者配角，还幻想自己碰到真爱，拉低国女水准。
5,真的要检讨一下。广东常常刮台风，下大雨，最多也只是水浸街
5,你这个有点我也认同，她们这样的思想是现在这个时代的思想，过去的老一辈没有这个想法
3,也是，多谢提醒，他们的爱其实和主人爱自己的宠物是一种爱，有的还夹杂着奴态媚态的国际化的姿态，挺恶心的。由其是前者是那些布尔乔亚女性，原先还听说过她们和狗发生性关系，可见她们的空虚，也替她的家人感到不幸，不仅被默绿，还被狗子绿。
5,为什么西方人最近开始连黑咖啡也不喝了？
4,理客中跟女拳是一回事所以一起超度掉就可以
2,基佬自己心虚
1,我们已经被黑好多年了，现在河南人一和别人争论，别人就会说不愧是名声在外的河南人，几年前抗日剧很普遍时，还经常有把河南踢给日本的言论，，
3,原谅？😆什么🐢楠
0,我也是这种感觉，感觉对黑人的一切都有一种心理膈应。
4,什么二婚幸福大部分瞎编
0,真是虫混和它们祖先虫类真是天生一致直把他乡做故土的寄生虫还大言不惭说它是我过人从这片土地的记忆里就从来没有昆虫纲国际鬼子虫类及其它们后代虫混。
5,猪精都是这样的，吃不到性别福利只能走这条路
5,你们才四波啊，俺们某北是与天下为敌啊。
0,嫁黑男是你的自由，但请去它们国家，别在又想在中国占着资源，还骂着我们国家的男性，你，不配，可懂？
3,这片恶心的是结尾给女主洗白了，因为小时候被老妈情人侵犯，跑路致残，渴望爱情，所以才诬陷男主，
1,很多地域歧视都是来源于自媒体，有些自媒体专门带偏风向，只报道某省份的黑料，让网民形成了固有印象，认为这个地方经常这样，但其实要找黑料的话哪都有，并不是因为在谋省就更多
0,黑人在犯罪方面很强势
5,人家带着任务赚流量的🤣
5,以怂为借口想用视频截别人照片只不过呢没人像你这么
1,东北这几年被黑是不争的事实，但是我觉得东北自身也得找找问题。东北人的确观念比较落后，官僚主义严重，也不怪外人黑我们。
1,这只是个例，那你是没见过江浙沪一带地域黑别人的。
3,物化女性的到底是谁
4,可是他们一样也是反华的，既然是反华的，他们的做法我们就必须抵制明白吗？
0,搞种族歧视是不对的，不过先看一看非洲艾滋病流行率如何？
1,河南比较特殊。河南有2300万人常年在省外漂泊，某些地方的人会认为这是一种“人口扩张、文化侵略”。你没见过真正的“排斥”，那是非常可怕的，搜一下“印尼事件图片”就知道了。印尼事件中，受害的都是广东同胞、福建同胞。另外，举个例子:江浙沪（吴语区）的吴语，迅速断代、灭绝，他们可能会认为这是外地人/内陆人太多而导致的。江浙沪的户籍人口严重老龄化，迅速被“中原各省”的人口替换掉。。。总之就是利益冲突
0,乾坤再造日，桖洗嘿枸时
5,我不讨厌黑人，我讨厌那些不学无术到处惹是生非毫无法律意识的人渣，黑人是有好人，可惜我看不到🍉高素质的人才到哪里都能得到尊重，无论肤色种族
5,这么说您是个娘们？😆
3,哈哈哈哈哈，果然是女人呢，制造集体记忆有一手啊。说说你姐在德国哪个大学留学的？哪个城市啊？好巧不巧，我也在德国待了半年。德国的情况我还真清清楚楚。?
1,😆我也发现广东🐵最爱地域黑。我现在看见广东ip就提醒他们该吃🍌了😆
3,老话说：女人无辈分。老话又说：女人嫁人相当于二次投胎。一个人的选择很重要，一个女人的选择更重要，因为女性是要生下一代的，但凡智商在线会为自己后代长远打算，也不会选择平均智商低到下限的黑，不想做后代的罪人！
2,没错，有的是真恶心🌚他们有时候想掰弯你就挑逗你，满嘴xing暗示的跟你聊🤣我碰到过，烦死了，真的。。。。终于理解了为啥有些女生讨厌色lang了！这不一回事吗。。。。然后你反驳他们，他们说你歧视，，，，然后他们有的骚扰你，你说出来了那些搅💩棍反倒不说话了。
1,非洲人真的无法苟同😲😲😲台湾人打死也不嫁，又穷又老色胚，日本人，台湾就学他们的。中东太乱，其他还好了。
3,这是大胸妹，她是个精神茶党
5,不，作为同胞，我们要及时提醒他。
4,挺好笑的，男人没钱，一无是处的道理都不懂吗？单方面的感情值包泡面吗？
3,回复楼里这个被我说破防的。为啥“有没有可能把人类分为男女属于封建余孽”是女拳？可以解释下吗？我觉得无C阶J应该是一个整体，而不是男人和女人，更不应该只争取某单一性别的权益就是女拳？那你这就被我说破防了，急的拉黑我。是不是跟大女权主义分子样虚伪的大男权主义分子？正因为我认为人类应该是个整体，所以我反女权，男权应该不会跟女权样认为人类应该分为男女吧？
4,好恶和偏见是两回事吧？如果你崇尚的是美国式的那种言论自由那当我没说，极端主义者也确实很少听进去别人的话的
5,然而实际上打架这事儿体格是最重要的一部分，就算是技巧再好也需要足够的肌肉量，一块打三慢不假，但是也别忘了一力降十会
0,哈哈哈哈哈哈哈，笑死了红毛鬼子，我感觉问主就是来钓鱼的
5,这**已经取关了，删了视频还从这装可怜
3,那种鬼畜幕狗别理它
1,03年年关，河南农民工把工地上值钱的钢材都偷去了，谁家不过年，包工头有原罪嘛？扣去发工资，补材料，河南人，那年我家，过了一个苦冬，谁家过年吃煮白菜啊。你说别人黑你们，那是因为有人做的不对，而且大部分人都是这样。
5,我们不能歧视NBA球星？
0,震惊宇宙，外星人惊掉下巴，召开紧急会议，讨论地球上的人类越来越少了，你们看日本这个郭嘉，已经找不到自己民族的年轻男人了，让一个人猩混合动物出来代表整个日本大和民族。太恐怖了，欧洲各国也都遍布人猩混合动物，再这样下去，地球上会变成全是人猩混合动物的猩球，到那时我们占领地球还有什么用，现在决定放弃未来占领地球的计划
5,我个人亲身经历，去过挺多地方，遇到的人有好有坏，最让我印象深刻的就是在我们山东某市，这里东北人很多，但这个城市包括这个城市的人给我的印象特别差，可以说非常差，反而在这个城市的东北人特别热情，就真是讽刺，当你觉得同省的人会更亲近一些时，结果是还不如人家外省人对你热情
1,“偶系东北黑涩会，里地鹅几在我手萨”呐！我没冤枉你吧，一听口音就知道是东北的，东北都是黑s会🐶
5,只有资本家才能入犹太教当犹太人
5,这人的脑壳就有b，两次了，每次的故事都编的漏洞百出
0,我还看到基层女性工作人员对村里的二代小黑猴也是格外关照的😭，那姨母般的笑容可不是因工作原因演给别人看的
5,一个政治学门槛都没触碰到的小鬼，都敢来这抖机灵。还是那句话，别太把自己当回事，提升你的自我认知.学识不够就认，你这种人我见得多了，你觉得现实我会看你一眼吗？感谢这个平台吧，起码我还当你是个人类物种，你赢麻了。
3,理中客就是女拳和舔狗扮的
0,她们自低自贱我懒得管，但是她们的存在会让我国混血变多，艾滋病变多，这才是大问题。入汉族的黑串串已经很多了
5,地域黑没新疆吗😅😅
0,还拉黑捞子，有本事别匿名说啊
3,算了吧，每个男人在高龄光棍前绝不会以为内卷的会是自己，他们年轻时都不会找这种女人，直到四十岁还打光棍是时，没办法才病急乱投医，但这些女人会找年龄一大把的老男人吗？
3,真的是快要超出我的承受力了，这女的这么恶心人的？
5,统计数据是这样，不过已经几乎是全球最低了。
2,基佬只是不搞女人的渣男，除非他不渣；但基佬不渣还能是基佬吗？尤其是骗婚的。
2,同恋刷屏有多讨厌？对有孩子的父母最明白这一点。对智力还没有像正常人一样高的同恋，始终要有一点耐心处理所以让父母很难受希望同恋能明白父母含辛茹苦的养育之恩，知道自己孩子是同恋就像长不大的孩子，这对父母来说真的是很痛苦的。
5,小伙子你说的很对
4,防止恶性传染病人人有责，我会告诉她所有周围的人预防某传染病
5,所以家暴对男人没有任何好处，只会让女权和男舔们抓住把柄来反击
3,我是支持的理中客和鉴权♂太多早该砸砸了还有那种乱开黄腔然后后面个狗头的低能
5,只是 好人 极少极少
3,广告宣传是女拳重灾区，也是私企现在唯一被女拳把持的地方。不认品牌，让私企裁掉广告宣传部门，网络女拳消失一大半。
1,民智未开的地区，不知道有多少传统陋习
1,有事实 有证据 啊 河南拉帮结伙地域攻击东北啊
5,难道你浙江人不黑我四川人？
3,今天我在楼上按了一下电动烧水壶的按钮有一些她看不明白的功能被按出来她认为我把她的水壶按坏了于是大发雷霆，但是其实没坏。我说我看一下说明书，她拒绝让我看并让我滚开我坚持要看，然后给调回原有模式她依然大发雷霆，因为我擅自动了“她的东西”我说这不是你的东西，也是我的东西并且指责她大惊小怪，小题大做然后她因为我的指责，彻底失控，大发雷霆女人都是***么最近她学习考证压力大，情绪不稳定；但是我不接受这种绑架。因为你压力大，所以你大惊小怪乱骂人也是应该的？源头上为什么你觉得我按一下电钮就是大逆不道，应该发火？那狗咬人也是因为狗感到惊慌失措，难道人还不能抡起打狗棒教它怎么做一条好狗了？笑话。
5,推荐一本书:信息全知者
5,你居然能上知乎！
5,😆😆敌人说的都是错的吗
5,黑人吧的人们，如果你们被歧视你们乐意吗？
1,你们卫辉官媒黑山东 不是让山东来救援的赶紧滚吗
5,你不觉得他是在黑我们吗？
1,你这个南满
5,一件事深入人心是不必要宣传的，央视会说不要歧视感冒患者么😆
5,齐齐哈尔人，也考来了抚顺，也听过类似的言论，呵
1,河南担吗😆
3,喜猪妹狂喜
1,同意，哪都比国内好👍️
0,我们的孩子不会这样。这些都是猩猩。
3,亩人需要被尊重？
2,你是gay？
4,王宝强没艾滋病，没有要你命，还有很多钱，人家目的明确，遇到贵人，恰逢机遇，观众喜欢。而且与合作方是合作共赢，我请问你，一没落着钱，还得致命的病，图一时爽?上哪不能爽，拿命去爽?
3,有趣的事，这些女的都是坚定的女拳🐶
1,这都不带河北，河北是真没存在感啊
3,杀不尽的舔狗?
5,哈哈哈，大庆的待遇省内不是第一也稳坐第二。我觉得甚至比沈阳大连还要好
5,富有的地方歧视贫困过来打工的外地人是历来不会改变的。
1,错误，黑河南、黑北方的都是南满
5,评论区差不多得了，用民族主义攻击自己国家的人，军国主义都干不出这种事
3,现在还想结婚的男人，不是**，就是不差钱的土豪
3,搜集一切♀✊暴行，向全世界倾诉我们的苦难，以史为鉴警示全球男性。
0,知不知道美国有个专门给黑人找爹的节目？
5,我在上海上班 上海人都还挺好的 素质普遍比较高
5,这饭肯定味如嚼蜡
1,好好上个高中，放学回家，门口就有那种外地来的游客，操着不知道哪的口音，看到/听说我们这有个高中就开始了：“北京孩子300分清华北大”，也不知道是闲得蛋疼还是咋着，上次我们差点追上去囧
2,我冷漠你怎么了？你以为你是谁啊 现在的同性恋都这么叼吗？不给别人冷漠你了？
0,是这样，有一次我们朋友聚会，去的那个女的请了个黑人来，我们都不高兴，下次不愿意和她一起聚。我们私下也认为这女的脑子有问题。那个黑人不过是那女的普通朋友。如果他们的关系是男女友，我们还真会避开。她后来嫁给美国白人，也是离开中国了。
0,我们对黑人（功成名就的不算）的看法，不就和以前欧美对亚裔的看法一样吗？都当对方低人一等，有各种各样的毛病。大体感觉就是较落后的地方来的乡巴佬，能配上自己？
3,什么仙女营销号，这么快就破防了
5,是是是，大家都反目成仇，这样子就好了哈哈哈😄
5,真的很双标
3,然后畒被男人压在夸下摩擦了几千年，现在有的一点权力还是男人施舍的？看来还不够完美
0,他们找黑人媳妇纯属是觉得不要彩礼还能干，女性是奔着感情去的，大傻子😑
0,引进黑赚钱。
1,我看台湾不光该骂，简直是该打！
5,西方文化入侵
5,战士是不分性别的
3,原来豆瓣知乎是给男性用的啊😄受教了。既然知乎是给男性用的，你能不能销号啊
3,母豖天生会pua
3,因为丈夫（未婚夫），公婆是真正受压迫者。那些中老年断子老苟内心巴不得这种状况愈演愈烈，它们好作威作福，充分体会欺负人的乐趣，所以它们是网络女拳的主力军
3,我觉得我也思想有点问题，是个女生双性恋，但是我觉得女女可接受（因为我也是）但是我觉得男男有点ex???我一度怀疑自己是不是毛病...明明自己也是被这个世界不认可的人居然会有这种思想，真的很不好意思
5,好吧，我是南方的，没觉得这有啥封建的，包括之前看过他们说的山东的礼仪，我觉得这不过是民俗而已，不至于上升到封建这么难听的话……
3,其实我对男同怎么的还真没什么看法，我歧视的是在到处瞎叫唤男男的女生，她们没觉得自己很恶心吗？还好意思指责别人鄙视同性恋，都是她们整臭的🥺🥺🥺
0,飞周兄弟还不认亲？兄弟啊，还袭击？
5,额，呜丫丫一片一般是早高峰的上班狗
1,还有吃生猪皮的东北云南人😆😆😆
3,一个烂货，有老公，有小孩，喝酒抽烟出轨，乱搞男女关系。开了私密模式，关了私信功能，私信不了，只能在视频评论区艾特她骂。
0,不会的，她们反而更会唱黑人，发表恨国言论，就很花了钱看了场坏电影，不能就我一个当傻子，所以我给它满分好评去骗更多傻子，这样心里舒服多了。
5,你的人生只有这些可以选了吗？
3,找不找我不会批判，但是你找了之后还要来得瑟一把，我就要批判了，最好这样的女孩子找了老黑之后跟着他回他的非洲大陆
5,女性的名声是谁败坏的你心里没数？
0,恋爱自由没毛病，嫁出去没人说啥。留国内再加几个混血，是对民族不负责任。别的种族我不说啥，任何国家黑人多了，都是犯罪和冲突的泥潭，无一例外。中国即使只有1%的人变成混血黑，那都是大问题。
5,不是所有蒙古人都骑马上学，但是所有天津人都会说相声。
0,在中国，找黑人的女生都是高知群体，有较高学历，姣好面容，外语说得好，有国际眼界，思想前卫的。和男生相反。
5,上大学的不会讲普通话，这种情况在河南很少见
1,非洲有文明吗？非洲有文字吗？非洲原始部落。
5,你活在这个世界上的唯一理由就是拿这些个例中的个例还有一些我估计你都不知道什么意思的所谓哲学家说过的话告诉我们女性对世界贡献更大如果是这样我建议你重开重开的记得智商调高一些
5,我就说吧，现在的西晋王朝和历史上的是一样的。
5,你别结婚，别找对象就不用这么瞎操心了，省的秃得早
5,黑人比较特殊吧，上班的时候有个翻译嫁的东南亚小国的人，那男的家里还挺有钱，开木材厂的，自己家有地，建的别墅，我们和她玩的还挺好，去过几次家里，人还有女仆来着。😅
5,把厕所炸了有啥用，那些人会把💩拉在大街上
5,东北真不穷😅各种资源，真穷的人手机都买不起看不见你说的😅
3,不能叫摆烂，这样就非常负能量了，不符合主流价值观而且让我们处于舆论下风，我们要学习女性的语言腐败，这叫做解放男性、人性化。
3,嗯是的主要还是嫌这种女的脏，不会这种女的是你吧
5,米国的事各位就别管了
5,苏北话对上海话没有影响，连宁波话也只是一些词汇影响。和上海话最接近的是嘉兴话。
5,有一点道理，女人已经用上了现代城市化道德，好多男人还陷在小农思维里
4,你要看概率，黑人百分之三十以上的艾滋病，套套放不住，国内万分之几，你要活腻歪了，你上，得了后你就知道生活了
0,黑人除了特别优秀的黑人，如奥巴马之流，其余的都不行啊。
0,十月怀胎，黑小子呱呱坠地，你沉浸在做母亲的幸福里，却发现，小孩子们都不愿意跟黑小子玩，黑小子学习东西很费劲，考试总是最后一名，也没有朋友，所以这时候学校就及时出了规定，每个黑小子要配上2个以上的女学生做“学伴”以避免这黑小子寂寞。当然，这些女学生得找无权无势的，另外，假如她们不小心怀孕了，学校还给加学分，保研😆
5,当你可以拒绝下半身诱惑的时候，你才是真的男人
3,100万都不愿意拿出来，肯定就是不爱你，没必要为了他，让你爸妈担心，他连最基本的安全感都不给你，何必考虑他，直接分手
5,天津没觉得哪里被歧视了？
5,我和你结婚我不查你信息的？😆😆
0,少了，以前看新闻一黑人，污染过一百多个女的，警察问他，他说要解决生理需求，又有女的玩，干嘛不玩？
2,现在很多人莫名反感小鲜肉和网红，就跟反感同性恋一样，为什么反感讨厌啊？因为觉得这种风气很腐败很不好😓可能是因为，觉得男不男女不女，男性女性化缺少阳刚之气吧。但是我有个互关是同性恋，我不会反感他，反而还比较喜欢他的人格。因为他人真的不错。有些小鲜肉和网红也是如此，看人吧。但是你如果一说网红小鲜肉同性恋，那我肯定是厌恶反感的。
5,男的谁相信那个啊
5,我说的是事实
5,沈腾这人，彳亍！
3,我们国男不就是女拳的敌人吗，那敌人的敌人就是朋友🐶
1,川吹造谣川军350万算地域白吗😅
3,所以我劝如果男人脑子不太聪明分不清sao货和良女的话，那就自律一点，不要婚前性行为，也不要婚后嫖娼 这样百分百没有病
5,感觉你的回答是最真实的，没人有这个闲功夫去批判😅
1,都他妈是一个中国人，黑哪里都是黑自己
3,刚要骂，一看原来是进女权吧了，最近女权吧反噬有点严重啊，什么时候再图图啊
1,上海是哪里的人都黑，除了环太湖不黑😅
0,black，neger，意思是黑狗
5,唉国人当自强，标题都不让我发发了就审核不通过
3,艾滋病传播途径，黑人—｝媚外女—｝普通男女
3,小仙女好疯
0,像是埃塞俄比亚的黑犬
0,尼的基因拉低颜值
2,基佬举报的呗
5,男性权益将是下一个思潮，因为男性权益建国至今都没有增加完善过保障。
0,我就是死了都不碰黑妹😅
3,万万不要和女人争吵。每争吵一次，你至少有三个错：1.论点本身是错的；2.错在不应该争论；3.错在没有好好道歉。
3,娶黑皮女生的小孩就是中国人了？基因是由母体决定，你跟黑皮生个小孩生的孩子就是黑人。怎么，这就不是扰乱中国人的血统了？
5,嗯没事…我也在吉林…
5,女人。呵呵
5,不承认他是中国人！
0,这是黑砸的正常操作，如果有做好事的新闻才是不正常
0,最早捕捉贩卖黑奴的就是阿拉伯人，而且对于公的黑奴，都是要骟了的
5,现在很多人分不清女权和女拳的
5,这是事实吧，证据明摆着，我昨天看到真是气得不行囧
5,这样的孩子搞不好户口没有……连学校都没法去呢
5,并不巧，因为其他的和我说的没关系。
3,所以为了不产生家暴建议女拳嫁给黑黑
3,如果黄和蓝真的只有颜色不同，那还真能说道说道。然而现实中的黄在体力劳动方面并不和蓝一样。这个问题把黄蓝之争中劳动力差异的因素抹去来谈论所谓的剥削和对立当真是可笑至极。我看不到现今社会对女性的压迫，法律量刑普遍偏轻，某地区女性部分犯罪记录封存，只要高喊xsr就能让别人身败名裂，还有专门的组织在争取更大的“平等”，魔幻
2,这是一个基佬群
1,浙江 还有狗腿子四川
5,“网上个个捍卫女性的恋爱自由，现实里大家都智商在线。”
3,建议仙女结婚前，男性一定要把怀胎十月分娩和坐月子的痛苦都体验一遍，这十个月一定要由她们照顾男性，以此作为她们生育时被男性对待的标准。
0,中国女人喜欢黑人，黑人太大了
2,你应该是一个男人吧？你能不能用的知识回答我，为什么你的基因“本能”厌恶同性恋呢？
0,冲，我们今天都是肖万
5,伯爵是不是之前说过，中国男人和黑人差不多？
3,舔狗给她整自信了
5,游戏账号就和自己的孩子一样，你把人家孩子扔了人家不和他拼命？
5,杀了人还嬉皮笑脸，可见这人心里极其残忍。
5,好家伙，第一个刚在a站交通事故合集里看过，其实说真的我觉得在打架事故合集里女的打的更好玩
2,把中华城市吧的所有重庆吧友全部说成是我的小号，这个也只有基佬才能达到的级别
3,打压男人让男人沦为舔狗更好为她们服务
0,反三非就反呗过于极端迟早被封
4,汉人自古以来都看不上其他的民族吧，也就是最近一百年年民族团结什么的，不然别说黑人就是一些外貌和汉人区别大的少数民族估计我都看不上
3,女的发的微博，图4里边看手指应该是个龟男?给人家洗脚呢，可转头就被拍下来发微博上让集美们看笑话了
5,不过我向在座各位保证，我个人从来没有过。
5,假的，另外这主播也是个fw
3,你的评论被吞掉我都来不及看了呢。是破防了气急败坏了吗？😄当真是戳到痛处了，也对，普信男是这样的😆
0,我一直没把老黑当老大，他有什么值得我当老大？打篮球？对不起，我崇拜姚明，我也没觉得脏辫好看，也没觉得说唱好听，别在这钓鱼了
2,为什么男人更加讨厌基佬？他们的母亲是男人？
5,似乎我湖南除了媒体以外其他全部符合🤔这个有点放之四海而皆准的感觉⁉
5,吧里的年轻人们可以考虑进中小企业的电子厂，现在工资多环境也很不错
5,大明锦衣卫被黑的最惨的一次
2,同的智商低人尽皆知
2,有些人就是认为恐同等于反同，他们不理解我们，我们也不会尊重他们的
5,同性恋先天的？？
5,看到这种新闻真高兴
3,很合理啊，这不就是正常要求嘛？可惜蝈女基因不行。估计完成不了几条
5,这七条狗还非法人肉，线下打拳，十有八九涉黑涉暴，只要主播有打算起诉，这七坨fw妥妥的进去
5,种族歧视又不是贬义词
4,如果再加上你说你和你家人都信那啥教基本就是王炸了
5,你好像一个清朝老僵尸，在这挖坟抛尸，别恶心大伙了
5,我听说是女性给差评后还要快递员当面道歉才激化矛盾的，单纯给个差评不至于
0,好斗是黑的本性
0,"白人欺负黑人,要发声。黑人欺负黄种人，沉默"
0,黑狗在犯罪方面很有天赋
4,猪肉真香😆😆😆润回阿拉伯野father去😆😆😆
2,就是答主这样的男同太多了，才越来越觉得男同里三观不正，素质极差的人占大多数😄
5,希望你能为本吧带来更多正能量，尤为感谢
1,可是人家也没有黑河南啊，只是说一些河南人欺骗过他们😅
5,作为河南人，最了解被地域黑的痛苦，所以也最不喜欢地域黑别人，己所不欲，勿施于人
5,有的地方，村长，小部落的头头都称为酋长。而所谓酋长，只不过住一个有顶的房子而已。非洲酋长不要太多
2,喂喂喂？基佬还能讲话吗
5,严格的说，这个还不太严重，因为日本可没把运动员当公务员养。这要是发生在中国，后果更加严重
5,你是知乎上那个吗
3,我补充一下，男的是不是可以坦白自己的pc史，这不比交往一个外国女友严重？
5,什么叫吊打，标准是什么？长三角人民为了生活可以多卑微你了解吗？
1,哈哈哈，评论太搞笑了，实锤证明上海被地域黑最严重。
0,关键是被默玩腻了就会找老实人接盘
1,我周围确实有关系特别好的黑龙江人，但总的来说，概率不高，可能自己太low吧，水平高的人接触不到😅
5,当时的法律是谁定的？时代在变，法律也在变！怪不得英国没落了！同性恋是人家的私事儿！
3,本来不就是些做表子的料😆
5,那你可管不了
5,那应该也挺帅的了，我见着的黑人几乎都是没有头发然后看不清五官🤣
1,那我再河南上学，一回家就有人问我有没有被河南人坑。
5,所有的黑都是出自于嫉妒。
5,有的人不打拳，却比拳师更恶心
3,杀光女权，一个不留！
4,首先，艾滋病起源于美国，泛滥于非洲，这个泛滥的主因是非洲人喜欢滥交，其次是遗传，血液等，非洲艾滋病是百分之三十，中国是万分之几，滥交的原因你可以细细分析一下为什么会这样。其次，你有能力辩识出来是真的洁身自好还是假的吗，毕竟种族爱滥交，这是风气。当然谈恋爱都是信誓旦旦。我相信每个eg能免费被嫖，肯定离不开甜言蜜语，信誓旦旦，最后中枪。最后，我们假设一下，你愿意冒着这个艾滋病的风险，想象过这个后果吗？这么大概率的风险，这是一个让你活的没有尊严，整天担心什么时候爆发的疾病，据说疾病发作时，全身溃烂，外表就能看出来。摄像下周围鄙视你的眼神，害怕接触你的态度。另外，得了病，自找的，别想着别的种族乱搞传染，报复本民族，可耻
5,曰本之前已经有很多地方承认同杏伴侣了
2,同癖:全世界都是同
0,中国引进那么多，迟早都会出现这样的情况
0,一方面，俄罗斯没有非洲殖民史，没有黑人奴隶贸易一方面，全球化时代苏联国籍很难拿，而且非洲人更适合移民到美英法最后，俄罗斯白人至上主义者不少，而且没有政治正确
5,所以这是她们努力的回报，你呢，每天发几个无聊的帖子就想获得成就?？
5,现环境下这个阵营没有团结就是扯谈，没有团结就算再扯一万句大道理也是狗的屁，团结始终应该放到第一位，我们需要求同存异。
3,女权能不能自己艳遇找精子生娃啊男的又不逼
4,白左真可怕
1,不，我只看到西安的满满敌意，并且莫名其妙。现在连带着对陕西没有一点好感
5,建议搜一下成都黑帽门女主吴施蒙。正常女性还是占绝大部分，但是挡不住有些中国女人重口味。
0,首先虫类及其它们后代虫混更本就不是所谓人类而在严格定义上虫类及其它们后代虫混是属于野生动物昆虫纲最低等动物
5,可是中国男人还是那样的中国男人！中国女人已经不是那样的中国女人了！凡事讲究一个公平，你能变我也能变
1,我舍友就是苏北男，我对他印象：犯贱
3,女性不婚不育还是太少了，多去劝劝，男性的话就劝他外娶，这是我们的策略。
0,没什么不能接受的，反正迟早会改观的，反观黑人.....
3,成天带妹的舔狗能不能死啊
0,黑人在哪个领域比别人强？嗯，犯罪领域。
5,说实话，一般都会同情姑娘，但是如果要接受的话，看爱情吧🤔
5,我啥时候说河南人偷井盖被歧视？
3,我们的妇女同志对外民族的包容程度已经达到人类进化史的巅峰，想必用不多久，全世界人民真的可以团结在一起呢
5,我这辈子没这么无语过😓😓😓
1,说的对因为真正属于它们故土东部飞舟和西部飞舟和中部飞舟和南部飞舟而它们自从踏上飞舟土地都可视为入寝在根本不属于它们土地寄生殖敏
4,这是学校还是高级妓院
5,祝你生活如意
3,绝对不接受这种女性
5,有些贵物就是这样的
5,个人觉得蝴蝶姬的老公有问题，要么是三非，要么是搞非法买卖的，从她的行为非常可疑。
3,那个女的应该被驱逐出中国，我是乐山人，和她同乡，但我认为就该如此。
5,河南分数线在那儿管着…
5,哈哈，都不是，大家别瞎猜了。但这件事情是真的。这个女的是和中国老公离婚了，带着孩子找了个印度同事。在国外，肯定不是你们说的那个女的了。
1,你接触的太少，广东人也不温和，是看不起人，高冷
3,只能说文化思想领域被打败了，中国的女性成为事实意义上的精神殖民者
5,瞎说，去非洲感受一下才有发言权，这答主都没去过非洲肯定瞎说的，你要相信自己，一定要自己去感受一下才行😎
0,黑人智力≥70，沃森诚不欺我！
5,地域调侃我觉得没问题，地域黑就是个人素质问题了。
5,其实那些大部分都是带节凑的。
3,还真不是，中国土豪都找国女当小三，玩黑女的也是过去的务工人员
5,作为一个gay，我不觉得这种态度有什么问题啊……这篇回答简单说就是：你爱逼逼你逼逼，关我屁事。
5,河南人口众多，中国的每个省份都有河南人，遇到河南人的可能性非常大，难免会遇到什么事情，但是每个地方都会有黑暗的，只是可能你大概率遇到了河南人
5,你是真的牛比
5,问题是中资企业还雇佣她吧。
5,肯定是支持撑同的
0,不想看见一个小黑皮说他是炎黑子孙，想起来就觉得恶心，就这么简单。
2,提一下同性恋运动的一个精神控制伎俩，我称之为群体PUA。这种策略古今中外都有先例，比如“存天理灭人欲”、“人生而有罪”。通过以圣人的标准要求所有人，攻击正常人会有的心理机制（对异样者的排斥、好色等），从而让对象产生负罪感，并更加卖力拥护提出者所制定的“政治正确”。这种行动方式邪教经常使用，我才说本质上是一种PUA。而且个人行动往往没有有组织的群体行为更加有效，这根本就不是个人行为，而是同性恋宣传的统一行动纲领。在这种宣传下，多数人看到同性恋者就会产生焦虑和厌恶的，同时因为自己的焦虑和厌恶而更加自责，从而不可自拔。
5,候鸟“我是煞笔”
5,你妈确实不如你姐
0,那些八国联军和英法联军的种我一般直接选择无视
1,问了几个正宗江西人他们都说除非没办法才取本地女人我说彩礼就要六十万吗有一个回答让我印象深刻他果断澄清哪里要六十万呀三四十万就就可以了
2,但是我们要“理解”基佬，因为它们在现实生活中活得太憋屈了，它们之所以把别人先禁言了又去麻人，就很好的证明了这一点，它们需要发泄，但是又害怕看到那些回击它们的内容，所以只能如此
5,拉货的车就不应该拉人，下次司机师傅们知道了吗？
1,东北被黑就是短视频刚刚兴起的时候 其实也不算黑 就是贴标签 短视频拍的东北人大金链子小手表 现在没有了已经😅😅😅
5,说明一切地域歧视者都是蠢或者坏！或者二者兼备
5,中国一带一路战略就是投资那些地方，到时候收益大部分在资本巨头手里，我们就是可以吃一下发展福利。说不定人家抓住机会过的比我们好呢
5,小哥哥居然是。。。伤心了。😔
5,别的不知道，我单一辈子也不接这样的
5,答主看看这个呢？最近看了好多洛阳与西安之间的事情，也是晕头转向的。总之两地互喷问题肯定是解决不了，只会加剧矛盾。希望两地间的人都不要再被带节奏了吧。
1,我上次从咸阳机场出来的时候，有一些出租车司机就问去哪，有个人很屌的说我去市政府你能去吗，然后转身就跟身边的两个人说起了河南话，我天津的朋友还说那个河南人好拽啊
5,这里的言论有点逆天
3,太逞强好胜的女人实在是不可爱，这种自以为是的女权者总想着和男人一较高下。其实男女都有自己该做的事，不可能平等相等，争什么呢？有什么好争的？男人征服世界就拥有女人，女人征服男人就拥有世界，聪明的女人还是靠征服男人来拥有世界的。
0,大家你们可以精法、精苏、精美也可以精澳、精意，但千万不可以精尼
3,唉，这里的人，这里的评论，在这里性别是女就是错误
5,人家又不饿，那里很多天然食品😆
5,基本上说的没错 只有最后一条有点野蛮
2,直到今天。他还不敢拿出证据。它在害怕什么？它为什么始终不敢相信它是个gay？是因为曾被男人狠狠伤害过？
1,别说是非洲人，就连欧美那些发达国家的人都未必能和我们国人能比。为什么说我们国人素质好，看看疫情就知道谁好谁坏。都说疫情是照妖镜。要求我们居家我们就居家，要求我们戴口罩我们就戴口罩。至少我们不会零元购，也不会去抵制疫苗和核酸检测。看看国外，他们的感染人数每天都在上升。每一次我在某音直播看看国人博主，就发现外国人压根儿不戴口罩。所以大家能看到外国人得了新冠，一点不奇怪。
1,我见过最离谱的黑河南人的依据是特斯拉维权那个女车主是安阳人。其他地方某个人出事都就事论事，轮到河南就一个人代表一亿人。
0,果然只有黑猩猩才能干出来
3,中国女权被外国女权歧视🐶？，我们要有民族自信心 ！外国女权明明是眼红我们。
0,白左笑说吧要殖民我们，少跟他们来往
3,凭什么女的能扭男的就不行
5,男的和外女结婚还是中国人，女的和外男结婚就得走。你但凡有一粒花生米也不至于醉成这样
5,我家在东北已经十几代人了，汉族，祖籍已经不能算山东了
3,你们可是中国妇联官方认证的分裂势力，别说什么回送我，我可没被认证过。
5,像这种人别理他就好，让他自娱自乐去吧
5,普遍的思想是有问题的，是弱势文化占了多数。即使是这吧里也有。没有真理真相，只有好恶。我也觉得说的对，很对。
3,小仙女的事你少管
3,xdm，以后狊们要是再骂你们茶壶的话咱们就用这个反击吧，懂的都懂
5,我在搜集三非黑人的资料和证据，楼主有的话麻烦给我
3,换个角度思考一下，体验过了以后是不是就更没必要因为女的生孩子不容易去体谅女方了？毕竟她吃过的苦自己也吃了一遍这样就谁也不欠谁的了。
0,有娶黑女的，生下的小孩也是小黑孩🤣
5,你们是从哪里看到的这些新闻啊，我从来都没刷到过😅
5,肯定不是啊厌女症和厌男症不都一个性质的吗都是有理由存在的
3,忘记发总纲了，这里补一下。目录女拳定义篇个人篇舔狗篇家庭篇职业篇企业篇社会篇政府篇女性篇国际篇后记
3,兄弟，辛苦了，现在喷吧基本被拿下来了，就鬼母跟几个还在苟延残喘，好好休息，明天再战
5,有几个广西人跑调的?
5,女性接受高等教育比例超过男性接受大学专科及以上教育的女性比例为18.0%，比男性高1.6个百分点，比2010年提高3.7个百分点；其中18-24岁女性这一比例最高，为50.9%。在接受大学本科教育者中，女性占53.6%，比2010年提高5.8个百分点。不赞同“女生不适合学理工科”的女性比例为77.9%，男性为77.3%。为啥不统计下理工科的男女生比例？
3,支持小氙钕
3,本来就是普男和全女收益，顶男根本不在乎这些虚的
5,这好像不是官方行为
5,本质是资本家的操纵，想通了就知道该把矛头对准谁了
3,我们男性应该好好学学法律，省的女犬发情腻上你，你不愿意就诬告你强奸?
2,你因为性取向而不尊重我，而我受得了，这不代表其他的gay/les/bi，尤其是那些青春期的孩子也受得了。
0,这么大怨气啊，为啥不找个黑人妹子做女朋友？
5,无论如何，这笔账算不到东北人民头上。还看到有人说要把为关东军提供后勤的账算到东北人民头上的，这种人就是妥妥的分裂分子
1,潮汕火锅天下第一，潮汕彩礼也天下第一
0,俺也一样 来人给我戴个种族歧视的帽子
0,这不是它们饿死不种地，渴死不打井
5,妈呀这肥猪好恶心
3,中国一女生被黑人当街指着鼻子骂，而她乖的连话都不敢说
0,这是平权的一个过程，没办法，平权从来就是个漫长而又痛苦的过程，充满了偏激和矛盾，你看美国黑人平权那么久了还是一个样的偏激，都还有很长的路要走，等真正平权了这个现象也就消失了😎
3,洋精金贵，婊们自掏腰包去求来的
3,女人直接就给敌人生孩子了，不仅如此还会为自己开脱，美名其曰：我们是为了爱情！
5,好图，我偷了
4,另外染艾的人有资格讲别人吗
2,老子正常性取向还得归功为性教育缺失是吧，你们政治正确够可以的，差不多得了呗⁉
3,如此完美？哈哈哈，就胸前那干瘪的半两肉嘛
3,整急眼了我可以干猪，但是不会干有过黑人男友的女人
0,黑二代真是黑，偷渡来中国，连个回答都要学你碟黑着来匿名不敢明面回答
1,陕西人确实是这样的，看不起附近几个省份。
0,黑人不干活，白得20万。国人在拼死活供他们。吃喝嫖抽。一帮废物，能帮中国什么？滚蛋，wwe草，啥也不懂
5,你能提到河北就很感谢你了🤣🤣
1,上海歧视是真的有
2,比异性恋更加处心积虑地想要孩子，但要想方设法地抹杀异性的地位和作用。
5,嗓门大？广东老太太谁都不虚，无论在哪里
3,不听老妈实话整容，信路人化妆，幕刃智商可以的
5,花大价钱留所谓的留学生 却不舍得给国内的更好点待遇.
1,有一部分南方人是不是分不清北方口音啊 上次我在东莞看见两个人吵架 一个广东本地的 另一个明显是唐山口音 旁边就有人说:哪里的？听口音东北的吧😲
0,不看av我大街上拔黑人裤子吗？av里面亚洲人也没有大屌啊
5,……你这不就是在搞地域歧视吗。
5,有些人啊，就是自己都没活明白，却天天要求别人，你有那闲心管管你自己好不好
5,这个是假的...早就辟谣了...
5,俗话说**草的就是说的这种媒体这种人
5,我总觉得现实生活中找黑人的没有那么多吧，有肯定是有的。但我只在网上看到过，现实生活中一个也没见着。
3,舔狗妄想感动别人，可惜只能感动自己。还沦为别人的笑话
3,谈恋爱，结婚，最拉低男人生活质量
4,才不对亢让t们团结鼓励让t们风况捏参考棒子锅
2,目前关于lgbt的一切问题都还处于纸上谈兵阶段，所以千万不要这么说，反同也是为lgbt发声的，比沉默的大多数更能看到问题至于解决问题的方案，也不是反同或者lgbt本身说的算的，还是要上面结合社会实际情况来做决定。虽然目前还是被无视状态。
5,你才是要好好读读历史呀，明朝嘉靖年间上海还是小渔村呐🥺
0,黑人就是不老实，脸皮厚
3,不拉女的就是了，吊事没有
1,但是归根结底，单是弯弯还是不成气候，背后另有其人。
1,错了。江浙沪是地域黑输出最多的地方
1,安徽人在江浙经常被歧视，其他地区还好👍️
5,人从出生就被异性恋宣传，结果呢，异性恋本还是异性恋，同姓恋也还是同性恋
4,互联网上并没有任何一个文明和谐的平台，只有资本主义希望从中再捞一把，荼毒年轻人的思想
0,这不就是虫类永远延续着没爹的铁律
5,你的回答被删了囧
4,感觉楼主应该是国外的间谍，混入我国来扰乱社会秩序的。
1,就会说南蛮，字都打不对，还真被河南人骗过，不知道你是哪的人
5,以后不准魔怔人出现在我帖子里
5,不是说以前皇室为了血统纯正让近亲结婚 而近亲结婚的后代会出现大毛病嘛
1,女人会通过对方的态度，而非理性，判断强弱，所以舔本身就暗示你是弱者，除非有明确标价的东西提示你是强者，而女人是侍强欺弱到了极点的。。这不仅是女人，而且是东亚的一种天性。这就像一个sm天堂。
5,统一回复一下，评论太多了哈 ，我的一一看完了，有好有坏吧看得出来部分人在生活中过的都不愉快，如果这种方式可以让大家心里好受一点，我也无所谓。
3,小仙女的后宫可以贷款帮她完成任务诶
4,办的是学校，还是办的妓院
0,回非洲去吧。你自己说你是中国人，但是中国人不会认同你是同胞的。你只会在中国社会的排挤之中成长
0,对的它们国际鬼子虫类及其它们后代虫混在全球就是老鼠耗子过街人人喊打
5,刻板印象，骗婚不等于男同。
1,山海关里边的大人，咱惹不起。卷不过别人，就只能黑点关外户聊以自慰了。这是历史常态，古今台外都是如此。连萧山的都不算杭州人呢😆 你跟他们争什么劲。
3,崇拜黑人的跪族男孩至少不给黑人生猴子的吧？😢
1,中国抗日时期特么最恨日本就是东北和四川了，这人学过历史吗
5,涉外婚姻，男性外娶占六成
3,成都自杀女教师吴诗蒙确实是被老黑睡服了！不是崇洋媚外！不是崇洋媚外！
4,哎，只可惜无良媒体竟然还用做他女朋友令人羡慕来形容
3,那不是腐癌？?
5,离开国家你什么都不是，没有说离开男人你什么都不是吧！还是要努力奋斗创造财富的，而不是努力内卷！
5,人不是圣贤，道听途说，随波逐流。就是形容你这类人
3,这个索玛女王，应该绳之以法。怎么就没人管？
0,黄河水洗的黄皮肤 5000年都没变的颜色别再过几百年全黑了
0,"“男人可以媚黑女人不行的问题，那你怎么说服她们,她们看了不管心里怎么想黑人肯定跟你刚,你可以换位思考下”我就是你说的这种心态，我讨厌双标男胜于讨厌黑人，毕竟黑人这种生物不接触就可以避免了，但这种双标男知乎到处都是，不停的给人洗脑男女有别"
0,你就差与猩猩终成眷属了！?
5,听完他的回答，我他娘竟然有相同的想法，看来男同胞的价值观都差不多……
5,这回答怎么还在这儿，赶紧举报啊，都干嘛呢
5,孔子曰：耳听为虚，眼见为实！！！
4,其实最可怕的还不是被黑人上过的女人得艾滋，如果得了艾滋能看出来，大家只要远离即可，最恐怖的是这玩意还有潜伏期，她自己都可能不知道自己得了艾滋，除非做专业检测，那就只能默认每一个跟黑人上过床的女人都得艾滋了——看不出来可能是潜伏期。
2,爷又来了，楼上那个低能也就敢在网上叫一叫了，在现实中连句话都不敢说，我要是遇见这样的txl直接煽风点火孤立***
4,黑政府不作为，假模假式倒还能理解，黑唐山人我是真的一直都看不懂。黑社会多，明明最受苦的就是唐山的老百姓了，还要被网暴？
5,这昵称有点东西
2,欧美大规模艾滋病成灾就是因为男同，给那个0号病人再洗地设多少人设，他也是几千个X伴侣把艾滋传播开的，所以说艾滋病最早有个称呼叫gay cancer。
5,上海可就这几个月的事，原来上海人骂东北人可欢了，可是你也不能反驳，支持东北的毕竟是少数。
3,应该在随机带走几个lkd
5,上海的苏北人并不多，不足四分之一，要不然上海话就不属于吴语了。
5,挺正常的，上次有个采访，一个白人女嫁了中国人，也是被她的圈子踢掉。当你选择了异类，就要有被排斥的觉悟。不过，奇怪的是，娶了黑人，白人或者越南人的男性倒是很少见他们被排斥……
1,我没觉得中国人有多善良，去非洲搞当地女人的中国劳工有的是，回国了，扔下女人孩子跑了 和非洲那些来中国的留学生有什么区别呢😅
2,是啊，好姐妹嘛。gay多数都是妇女之友
1,害，上海那嘎达嘛，本来没啥感觉生活中没怎么接触过上海人，扔菜事件后对上海再无好感，可笑的是辽宁之所以能够保护自己，是因为那个捐菜的领导是上海人，了解上海人的天性，才能预判上海的预判，我......
3,她们又想刀谁去爆金币了吗
3,得了吧你，你管这种东西叫喜好？那你去嫁给他们好了
1,第一印象，河南：穷，人多；东北三省：出生率全球倒数第一；新疆：治安可能不是很好
5,所以呀，别接盘，婚检很重要
0,图个器大活好吧
1,黑龙江人还歧视辽宁吉林人，说他们的口音怎样怎样😄😄
5,看到评论是点赞的五倍，就知道这个回答不简单
5,你自己臆想什么呢
5,请视说这种人为弱智
5,正常，我也经常被喷，习惯就好。
5,你看看，何必发言来佐证我的话🤔
1,朋友说河南人偷井盖很正常
5,有图有真相，国外的现状我们的未来
5,😅友邦惊诧，全世界再也找不出第二个了
3,要确保女厕所数量多于男厕所，男厕所多于女厕所是违法滴
3,北方：女人不能上桌吃饭，封建落后，南方：女人不能上龙舟，你要尊重当地风俗
4,远离贴吧，微博这些SB软件吧
3,此事“女拳”功不可没。
1,被评论笑死，来江苏上学，狠狠体验了一把被歧视的感觉，嗯，当然是个别人。不过这是我在银川没感受过的
3,这是正常人该有的反应，但是这个**女从头到尾做了啥呢？
5,纳闷旁边的女生咋没有跟着喊的
3,也就是单纯的觉得和黑人好的女人都是脑子有毛病，智力有问题，这种傻子那个男人肯要
0,韦小宝他妈都不接洋鬼子
3,一出事不是玉玉症就是神经障碍，男的命就这么不值钱？
0,楼主这讽刺太有力度把跪虫族和国际鬼子虫类及其它们后代虫混描写淋漓尽致
5,别梦了 事实就是这样
5,法国足球队好多黑人🤔
1,南方人黑陕西可能是因为江苏、浙江陕西人很多，跟河南一样出一两个人啥b就会扯到整个陕西身上
0,其实你们选择谁真是你们的自由 我也不关心你们选择那个国家的 但比较恶心的是很多和外国人生孩子的 入籍中国加入汉族 看到差点吐出来 我只想我的民族不会被污染 我住的小区外国人也有好几对 唯一恶心的就是我隔壁的了 白皮 白俄罗斯还是艾沙尼亚的 生了两个小孩 入的中国国籍 加入的是汉族 当知道的时候胃一阵翻滚 有段时间天天想着送它们去见上帝 虽然懦弱了 胆怯了 。只要还在我隔壁 我就会一直盯着它们，直到它们去见上帝
5,呵呵 别着急，下一个就是你他们，这么说吧如果他们没有强大的宣传机器，你再看看风评，同样抗疫支援，你看看宣传吧
0,黑蛆属于机会生存，被带出蛆巢时很开心。
0,兄弟们，咱们不要拿这些凤毛麟角的人物来代替99.99%的铌铬
5,去小红书上多看一看，你会觉得自己很狭隘的
5,井底之蛙罢了
3,你也看到了，就算我这样回答还是有大波人攻击我。我害怕啊，有些没有脑子的极端南拳太可怕了。我不是泰森我可防不住，只有匿名咯
1,说真的我在部队黑河南人最多的是河北人🤣
2,预防hiv就要求我们要绞杀桶屈他们是传播疾病的恶人！
3,其次，年轻男的为了要孩子不得不迁就，昧心压榨亲die亲妈，只为博老婆一笑。甚至条件差的男人会出卖人格和自尊当上门女婿（半主半朴）很多男人精神苦啊！难过啊，自责啊，可他们无力对抗各阶层女拳，断子老苟联合起来的强大势力！于是为了活下去，只好拼命合理这种畸形现象。一旦发现哪个男人言行动了他的伤口，破坏了他的合理化，便拼命嘶咬，所以越受苦受气的男人越是对“不愿跪”的同性恨之入骨！男舔的仇男与女拳不相上下，甚至有过之无不及！
0,不要接受不了黑人就保守，我承认保守有点妖魔化了，但在互联网的语境下，我认为这不是保守，而是道德尚未崩溃
5,真搞不懂他们的审美观
3,臭鲍鱼打什么码呢
3,就算我祝福大家不要做接盘侠还是有很多人上当的呀那些反抗不了的就享受娶个祖宗把你是伟大的社会主义光辉照耀你喔?
5,其实就算是我这个纯正的东北人，也不可能仅凭口音就确定对面百分百是东北人
5,这名字我好像知道
0,离它远点，那家伙浑身都是病毒和狐臭
0,我亲身经历过，我知道黑人体味有点作呕前几天在地铁遇到的黑人夫妻不是特别黑的那种男的体味酸酸馊馊的……我全程憋着不敢呼吸
4,得不得病我不知道，反正狐臭遗传没跑了🤣，估计在中国他的味道肯定会很受欢迎吧
3,当打女拳没法获得流量时，那就反女权获得流量。
0,高等性就是不一样，外国男性放的屁就是香的🤣她们已经无药可救，病入药膏了，让她们自生自灭吧
2,什么？同连小日本都跪？
5,同样满族人，不过是黑龙江的，在北京上的学，除了知乎和贴吧，感觉不到歧视。毕竟，满族算是先打进来再加盟了中原，现在满汉的区别就是身份证上多几笔，你这同学属实是极品
5,他就是一个小孩子
5,别抹黑老实人，老实人不是这样的，这叫傻
3,三十岁老阿姨别折腾了！找个厂上班吧
1,上海罕见多啊，老旧租界了，有空可以查一查自己有没有日本血统
1,看到湖北和陕西，我就觉得他们嘴里说什么我都不稀奇
5,这是作风问题，国家队公务员的私生活有要求的，而且在体制内你搞这种事，估计全单位都能知道，小地方能传遍所有体制内单位
3,。。对非洲女性怎么下得去手?
3,我觉得也不是黑哥的问题，女人结婚时候不是处女我就接受不了，跟他以前有什么族的男朋友没关系。因为我是处男
0,黑人占领整个世界时，就是地球从毁灭的边缘复活过来，因为其它种族的人类太聪明，发明的东西把地球都快毁灭了，而黑人却不同，他们是毁灭人类发明的一切东西，因为他们智慧低下，学不会那些东西，所以会让那个发明慢慢的消失，最后过回原始人的生活，跟动物一样，寿命将活不过40岁，而地球就会回复过来，变成大山大河空气清晰，然后会诞生一种全新的物种，来统治世界，这就是下一个文明时代。
5,也请带我们吧
0,我觉得吧只要是遇到对的人，对方也优秀，问题不大(黑人除外
3,装女的骗钱是最简单的加个伪声夹子音数钱数到手抽筋
2,别去宣扬txl跳脚没人管你。
3,女拳师们速来挨骂😆😆
5,这是为了三胎人口，加大力度歧视污名化单身群体吗？这样的词汇单身狗，光棍，还有这类贬低单身群体文章，什么各种差，这社会真是操蛋ls
5,生孩子真的很痛，因为人类的脑子越来越大，而女性的骨盆却没增加过多少，导致顺产所产生的痛苦越来越大，也就是剖腹产的出现才让女性生育死亡率大大减少，也导致婴儿的脑袋越来越大。当然，能顺产就顺产，吃不住就来个剖腹产（剖腹产能避免阴道撕裂的可能性从而减缓了产后性生活的不和谐）。
4,重庆大学985他一个没上过大学的40岁生物说给985的面子这太牛呗了给985面子
4,圣母不会认识到自己坚持的观点有多么荒谬的。到时候圣母还是会指责我们不善待黑大爷，没有给黑大爷更多的权利以及超国民待遇才会导致它们闹分裂。
2,蛆佬智商都高感染hiv后更高
5,冤有头债有主，谁害的找谁。如果受害者连报仇的勇气都没有，更不会有报复社会的勇气了。而是恶意传播传染病，是要坐牢的，你如果被人恶意传播了，直接报警就行了啊。反正害你的那个人本来也就活不了几年，正好让他坐牢坐到死啊。
1,继续被黑，继续努力过自己的好日子！如果黑老美骂老美能把老美搞成非洲，那才是真成功！
5,问个露骨的问题，如果你觉得不适就不说了🤣 她和你聊过和两个黑人的性体验怎么样吗
5,女的做啥？
3,这个索玛女王是什么底细？
0,畒勾最喜欢便宜卖乖了，默做法就是最符合实际条件了
4,当然 只有最没素质和low的人才会种族歧视 把自己的失败转移到别的因素
5,楼上洗地的差不多得了
0,难道白人进入非洲之前，他们有什么先进的文明？连轮子都不会制造的民族，能有什么前途？
0,总说黑人运动能力如何强的，非洲有广袤的稀树草原，黑人回去吧，那里能释放你们的运动天赋。我们这里没地方让你们上窜下跳。
3,我吐了，化妆救不了的女人可以滚，美颜救不了的女人可以爬，美颜化妆同时用都救不了的，建议舔狗马上娶了她
3,真是勇敢的小仙女！
5,这相机不错啊，对焦准，宽容度高。
5,那你尊重提问者说的话吧
1,那我们河南的杨靖宇呢，我都听说过南大人说他是吹出来的😠
1,“网络东北人”不也是把重男轻女的包袱甩给河北人😂
3,一堆普信美女还能有老公啊
4,HIV群体十之八九都是基佬。
1,荷兰霸榜是因为网易天涯那会儿有意为之…但是荷兰老哥们属实聪明 好多年不争不辩了…现在黑东北的格式一般都是 东北人懒 东北人喜欢骂人吹币等等靶点东北人一般不会就问题本身回怼 通常回应方式都是“东北人是你跌”??反正地域黑这事儿本身就不讲理 东北人的性格加持 估计以后长期霸榜了
5,东北也是的🙁🙁🙁
5,你看见一个，你没看见的多的是！幼稚
1,南非从来都不是发达国家，从哪个维度来看都是社会问题极为严重的发展中国家，只不过南非借了指标计算方法的空子，一度让自己的人均GDP到达了发达国家的标准。换句话来说，白人政府造假。
5,你只是一个一无是处的人，所以你没要求，有个女的跟你就不错了，还敢有要求？😅
3,终于有一天，男人想起了被女权支配的恐惧
5,白美黑丑？？？拧这歧视多严重。我不说人的肤色，我说的是颜色本身。天为阳，地为阴，阴就是黑色，阴为女性。黑丑的思想在这儿就是女性丑。为什么黑就是丑呢？为什么男就是白呢？呵呵。
3,我女的想法和你一样我也厌女
3,主动进笼子的，基本就不应该算人了，当然不应该还算什么女孩子
5,高人哪，喵神果然是高！把事情说透了，还能让人挑不出骨头来！👍👍👍
3,当男人崇拜女人时，女人鄙视男人当男人用女人取乐时，女人反而崇拜男人亲身体会
0,《猎默人：尼之噩梦》
5,不过还是建议你发孙吧，那里老哥骂得比较好听?
1,天下英雄城 文明南昌市🐶
1,我一同学说河南中考体育要考偷井盖，一分钟偷不走不合格😅😅
5,漂亮的中国女人
5,矫枉必须过正，负负才能得正😆，期待用爱感化和外部力量调和的人.，完全就是犯了机会主义和常凯申期待英米法帝调和中日的错误
5,内蒙不错啦，地广人稀资源多竞争小。
0,黑就是垃圾
3,讲真的爱谁谁吧。反正不是自己亲戚朋友家女孩，关我卵事。但是我觉得嫁给黑人的国女要自觉点，跟男人去国外，更不要把孩子生养在国内。否则你污染自家祖宗基因别人管不着，但是黑二代污染别人家的基因就说不过去了。
5,陕西人是这样的😄
5,求前吧主远方的风联系方式，他貌似现在退网了
0,"应当这样夸它:人家超时空爱情,你是跨物种恋爱.😄"
5,你以为自己是谁，多你一个不多，少你一个不少。有这时间看看孩子吧笑死了，有房吗？有车吗？彩礼多少。存款多少
3,中专就出社会的公主罢了😆
1,快手灭了也改变不了东北
0,不会因为那是圣子吧，可是和国人的孩子就不是了，狗头保命
0,嗨人也删了我的帖子
5,这小黑孩又是中国籍
1,广西没啥存在感.😅
3,妈不给男宝性，男宝会爱她吗？
5,请问你用过全国卷一吗
