id,content,label,x,y,cluster
1646,我190+，但是这种墓垢还是铁鲨鼻,Sexism,15.610626,8.87526,1
4460,居然没有一个拳师冲。,Sexism,17.162527,7.3519225,1
1313,举个例子吧，一家公司要招个保安，结果有9个女人和1个男的应聘。但这家公司能拿出至少十个理由来拒绝掉女的，最终只招了那男人,Sexism,16.883926,10.866712,3
7434,你知道你们的主子是怎么评价你们的嘛 “chinese women's pussy smells like dead fish”😆声名远播了属于是，给你们取个新名字吧dead fish girl怎么样🤭,Sexism,15.761096,8.8606615,0
1442,失足妇女是要钱，可以理解。,Sexism,15.764349,10.94889,0
2269,女quan真的是要挑起争端吗？大言不惭的攻击郭嘉的执fa制度，明明厌男，却又想结婚找男人要20万的彩礼，讨厌男人还让它的哥哥帮它寻找yan遇。不理解，实在是不理解。搞女quan是为了压榨男性的剩余价值吗？,Sexism,17.477516,10.197099,3
638,女拳挑拨夫妻关系，婆媳关系，甚至挑拨女儿与父母的关系，以拆散家庭为目的，纯属一群变态,Sexism,17.73019,9.470017,3
1037,第一句话，中国女性是唯一被批评的女性群体。这真是我见过最长的一根杆子。,Sexism,17.691942,10.384278,2
5267,提啥？我已经不考虑母的,Sexism,15.239658,8.58275,0
6789,结婚纯累赘,Sexism,16.708614,12.299146,0
3382,到时候好看的妹妹一个不剩，剩下的全是重型坦克,Sexism,15.284007,8.254021,0
65,告诉她们，我家牛栏的公牛最近发春，吊又长又大，是真的大，不是怕片宣传挑出来的大，送给她们夜夜春宵，免费，没艾滋病,Sexism,14.551808,9.187684,0
4834,这个索玛女王不是被曝是男的么，专门收国外的钱，然后挑拨国内性别对立。,Sexism,17.758549,9.386934,2
4109,这有一条公狗，鸡奸这个鸭子啊,Sexism,13.602868,6.8881187,1
3513,毕竟国外对这事比较放得开，老外都说中国女留学生比本地女人更开放,Sexism,15.072115,12.121065,3
3373,虽然说美女也有概率感染，但我还是选美女,Sexism,15.584513,9.87574,0
6862,普通女生无罪，有罪的是一开始男扮女装挑起性别对立的键盘侠,Sexism,17.537014,9.780231,2
3935,姆蛆好恶心?,Sexism,14.471541,7.7056065,1
2551,看来女光棍对社会危害性确实非常大,Sexism,16.977077,11.767611,2
3116,各位我错了，不该编故事，小管家威胁我，必须删帖子，取匿并道歉，故事虽然是假的，但是这种现象肯定是常态。我应该戳破女拳的痛处了，得罪人了。小管家中有女拳，匿名编故事骂男人抹黑男人没事。但是匿名编故事说女人的实话就不可以。就必须出来澄清。我错了，暂时退乎，请不要人肉我的单位。我是开玩笑的，惹不起原答案删了，另外一个答案也删了,Sexism,16.93837,10.7968645,3
4589,太爽了，打死这帮乱咬人的女拳,Sexism,18.035677,8.71608,2
407,B站奇趣蛋双标现场,Sexism,16.040031,7.694124,1
2939,支持正义劲夫,Sexism,17.670673,8.812462,1
1733,是不是吧里这些nt贴都是阿娜发的？,Sexism,14.854755,8.24027,1
1940,我也厌女现在越来越讨厌了,Sexism,15.869626,9.6411705,2
4761,她们也就知道几个娘炮了，你说对吧彦祖,Sexism,15.566239,9.514227,2
3996,建议这个幕狗自己买车差点忘了，幕狗连车轮子都买不起,Sexism,14.862321,6.985348,1
2296,不区分，不和作的，爱占便宜的女性玩。很简单啊，看说话方式就很好区分了,Sexism,15.894827,9.870178,3
654,普信女真恐怖。兄弟们去网曝她。,Sexism,15.951358,8.5965185,0
6820,巴不得巴不得你们男的都去找机器人，不要碰女的我看到你们就恶心！,Sexism,15.626083,9.3109,0
3229,你男的女的？回答全离不开“国男”两个字，这就纯粹故意引战啊,Sexism,15.875625,10.624983,3
7,对号入座了，茶壶嘴破防了，戳到痛处了心脏不好的都来我这接种预防针,Sexism,16.35731,8.382317,1
2589,这么说吧，如果男人连自己女人智商正常都无法保证，那么一切都是自食其果,Sexism,15.635377,11.036196,3
5302,女拳男能不能414阿？,Sexism,17.465302,9.297859,2
7149,都是些没人要的钼刃在网上翻天覆地,Sexism,15.077448,6.331208,1
6753,亩枸还能叫得动，恰恰说明我们还不够暴力太过同情奥。我们承诺，往后将会更加暴力毫无同情，势要打到它全身瘫痪为止,Sexism,15.948767,7.218743,1
4838,对不起啊，我先道个歉我是一个耽美读者，那些莫明就磕cp的其实是腐女我也不知道为什么腐女那么多我也很反感腐女的。,Sexism,15.996882,9.153789,3
5626,孙笑川吧！，现在被，女拳给围攻了，我们应该要帮助他们,Sexism,17.631784,8.992308,2
2436,一个国家女性的待遇是受男性影响的，如果战争来临，男人都不保女的，落入敌手的女人连牲口的待遇都不会有，这是有前车之鉴的，历史上大小战役，男人死战，哪怕国家沦陷，女人也不会过的太糟糕，但是一旦军队一击即溃，一撤千里，最后那些女人都只有沦为玩物的下场女拳应该庆幸现在不是封建时代，否则必定是凌迟之罚,Sexism,17.608292,10.885277,3
892,说明你在她心中是供养者，要是a男，耍脾气她是不敢回的,Sexism,16.471848,10.655794,0
5381,确实现在她们都开始线上拉客了，男人还得线下赴约,Sexism,13.7538805,9.758595,2
6200,男性还好，女性是真得小心这种女的。之前有个新闻，一个谈了黑人男友的女1劈腿了，女1为了安慰她的黑人男友，把她闺蜜女2骗到宾馆配合黑人墙键叁批。完事把女2拿刀捅伤后这两还畏罪跳楼。这种女的是没有智商、底线和道德的。,Sexism,15.398088,12.390023,3
2159,结婚对男人来讲太亏了，希望男人们都能觉醒，不让女人占便宜，都坚决不结婚,Sexism,16.761269,12.280641,3
4457,国内媚基巴斯坦人的女人是真的多,Sexism,14.968528,11.779463,0
4527,让非处女坦白性史，此方法同样有效，亲测有效🤭,Sexism,15.845428,13.062686,3
4985,这些标子比男人冷血得多，百分之八十都是,Sexism,16.376356,9.657594,2
4414,这就是春晚一个节目跟脱口秀一样是好段子啊我身边的正常女性没觉得有被冒犯啊怎么就有人对号入座石砸狗叫了呢,Sexism,18.290493,8.180562,3
6243,微博傻卵玩意废物木人是这样的,Sexism,16.432291,7.8735332,1
2270,呵呵，居然是排名103，除去那几个小国，那也就是世界垫底了，而且是世界人民的垫底了。可是，怎么感觉，外国人非常羡慕中国女性啊？！东亚，中国女性排第一；东南亚，中国女性排第一；前苏联地区，中国女性排第一；印度次大陆，中国女性排第一；阿拉伯，中国女性排第一；.非洲，中国女性排第一；南美，中国女性排第一；北美，中国女性排第一；中、南、西欧洲，中国女性排第一；我就纳闷了，除了这些，上哪找103个国家？莫非，是天国里的吗？,Sexism,15.370448,12.209257,3
484,问题的来源就是现在女性对社会贡献和地位越来越高，以及女人的脑子蠢p事多,Sexism,17.155449,11.526615,3
179,圆圈吧出了名的鸡窝都不知道？里面都是卖的还有陪玩的，好多在里明卖。,Sexism,16.32729,7.554515,1
600,张口闭口说国男不自信，然后发现你自己却不敢坦白？说白了你也不自信。,Sexism,15.339316,11.40117,3
7563,妄图和女人讲道理，自己脑子也有问题,Sexism,16.02016,10.413331,2
4952,你这实实是欺负窑姐儿了——人家窑姐儿接了起码还收钱！,Sexism,14.735952,10.853165,0
976,女性基本上连寒暄都不多了，网上个个捍卫女性的恋爱自由——这是不是证明了女权的虚伪？,Sexism,18.5412,10.349081,2
1927,说实话，她们爱找谁找谁，你别去接盘就行了。,Sexism,14.49542,11.019497,0
732,怎么说，女人是一切罪恶的源头，因为没有女人，大家就不会那么内卷。更没有性冲动什么的，人都没有矛盾。就是因为女人的性蛊惑男人的身心，而是很难去抵抗,Sexism,16.196472,10.76302,3
5212,好起来了，兄弟们，女人也开始反感女拳了。,Sexism,18.023651,9.135484,2
35,所谓“女生文科强，男生理科强”的刻板印象是咋出来的？我就特别的偏理科,Sexism,16.686079,10.4557,2
1924,啥鬼母阿娜才63,Sexism,14.738935,8.130112,1
5507,幕刃不值得同情,Sexism,15.092882,5.9551086,1
3067,说的是那些普信的直男，也不算无差别攻击吧,Sexism,16.339201,8.726126,2
3170,笑死我了，这博主刚说怎么这些男的这都能破防啊？然后评论区同样的文章只换了一个字，她的女粉纷纷破防，这真是本年度最精彩的笑话了，打脸啪啪啪啪响，哈哈哈哈哈,Sexism,16.595968,8.654429,3
6965,首先，先鼓励她产下娃(=・ω・=)每天呵护备至，寸步不能离，防止她感觉枯燥弄点新鲜事(°∀°)ﾉ再然后看看日期还有多久，在临产期时更要呵护有加，等她到医院顺利生产下来，在门外听到护士喜报母子平安的消息后(･∀･)马上拿起之前预定好的车票回到房间里收拾好东西赶紧跑路(￣3￣)不是我渣，因为我就是一个处男，关我p事(￣3￣),Sexism,16.358622,12.873559,3
151,中国人的脸都被她们丢尽了,Sexism,16.008472,11.562498,0
2321,希望你被女的传染,Sexism,15.844033,9.723028,0
1259,男人根本不需要女人,Sexism,18.020498,11.30837,2
6595,就问你，你会娶离婚女吗？你会娶烂裤裆吗？问题来了，还有剩下的吗？,Sexism,16.36225,12.195151,3
5279,看到“我是男的”，100%是女拳，毕竟有句话说自己没什么就喜欢强调什么,Sexism,16.925228,9.633315,3
254,反串母狗冲掉就对了！,Sexism,13.490105,6.734613,0
4440,贴吧的人还是不如知乎的人明白。嫖娼我虽然不会去，因为我性冷淡。但国家对嫖娼的态度代表的是广大国男的性获取难度。你想想女性的性获取难度吧，再想想国男的,Sexism,17.35585,10.924095,3
1055,我不会，我会祝福她，然后拉黑,Sexism,16.213953,12.47786,0
2546,这不是典型的普信男么，真下头,Sexism,15.900765,8.325023,1
7505,你知道吗我是女生这四个字很普通但是可以强调就很恶心你是女生怎么了？就tm好像谁不是女生的似的你是女生怎么了？你就高级有特权呗？傻逼,Sexism,16.33282,9.422807,3
3196,姆搐什么猎奇,Sexism,14.604732,7.7081814,1
6290,很多女生受腐漫、纯爱小说的影响去掰弯直男，真的。。。。吃饱了撑的,Sexism,15.741371,9.25389,3
55,来看看蝈女的素质,Sexism,14.358423,7.4833746,0
2376,不值得批判，中华盛产田园女，她们爱去哪去哪吧，去祸害别的人类吧,Sexism,18.075813,10.908049,3
3906,不会真的有人喜欢娘炮男明星吧，喜欢这些男明星的不都是女孩子吗,Sexism,15.256051,9.570152,3
5958,女人除了买衣服化妆搞内斗还会什么,Sexism,16.142414,10.597928,0
1064,当代的黄女乱华的危害程度不低于五胡乱华与满清入关,Sexism,18.012419,10.9622965,0
2697,我见过一个这样的，表面上除了工作不会和她说第二句话，内心中是深深的鄙视。,Sexism,15.92119,10.5228,0
3325,劣等物种_郭钕,Sexism,14.462697,7.785251,1
1946,真的有女性厌女吗？女孩能客观公正评论男女矛盾，帮理不帮人，已经算很难得了,Sexism,17.459455,9.969441,2
2335,打拳打输了你就开始生活不如意警告了？古墓派拳师了属于是,Sexism,16.822998,7.344587,1
736,田园女拳真烦人，干点活，轻的懒得拿，重的拿不动，老子真想邦邦两锤砸她,Sexism,17.278696,8.841179,2
3261,百万彩礼发在小红书，群情激愤，捅在女权老窝,Sexism,17.3838,11.934492,2
4845,这种女的不就是典型的玩的浪不顾家？被绿了还是轻的，最怕的是釹的管女儿的时候玩手机打牌，女儿摸电线往马路外猛冲什么的那就亏大发了。,Sexism,15.785711,12.468237,3
417,你鄙夷的中国男性操守，却是比中国女性高的不是一星半点的，在国际上都是排得上号的。,Sexism,16.12456,11.343849,2
4096,以后不给老婆花钱就算家暴,Sexism,17.063839,10.639406,0
1366,蝈籹内卷也有一手,Sexism,14.372229,7.5310993,1
2780,小仙女能在别人身上找原因的时候为什么要反思自己呢,Sexism,13.947468,10.404134,0
4872,能物化自己的只有自己，何必和这种不带脑感觉全世界都压迫的玩意讲道理，真以为自己胸前多二两肥油就多讨人喜欢一样，一天天的幻想自己独一无二，只能茕茕孑立，实际上看她一眼都嫌累,Sexism,14.329274,9.953586,3
2230,给女狗送温暖,Sexism,13.435815,6.715715,0
124,我直接承认我不是男人,Sexism,17.44656,9.740153,2
7544,捏吗，软弱？一动手你们女拳就出来反抗，🤣女性动手一群女拳叫好女性出轨有尼玛女拳罩着，男人可真惹不起,Sexism,17.464617,9.38794,3
1998,尽国男之物力，结女友只欢心，慈禧表示很赞,Sexism,14.906385,11.383109,0
6695,小女站，舔狗站,Sexism,13.290291,8.820496,0
2998,得到相应的权利就要负责，我不反对女人独立。但是不能盲目打拳。毕竟我妈也是女人。现在风气都被田园女权带坏了。真就是粪坑里找💩臭死了,Sexism,17.171474,11.853959,3
2926,这幕刃估计还是个老师，图8让男学生给她擦鞋,Sexism,15.045248,6.3275476,1
3412,欧美女权还是正常的，人家只是要求女性和男性有同样的权利，但是女拳不一样，人家要求女性比男性更加高贵,Sexism,18.25464,10.325279,3
5647,因为她们喜欢拳啊。,Sexism,18.086435,8.970496,2
5891,有什么问题嘛，找一男一女，女的喝茶男的干两份活,Sexism,16.864088,11.77517,0
2154,坑傻子的，这有人信了也好，淘汰劣等基因，毕竟这种龟男不给他戴绿帽都对不起他的智商,Sexism,14.050847,9.043553,3
7293,我认为男权不是封建父权。,Sexism,18.33542,9.897529,2
7027,这个拳击手真是无处不在,Sexism,16.977825,7.232246,1
916,这个吧幕刃浓度怎么这么高,Sexism,15.004371,5.9216084,1
1641,检方称，两人在18个月的恋爱关系中，You对男友进行了“身体、语言和心理上的虐待”，判处You两年半有期徒刑，缓期10年执行。这意味着，只要她遵守缓刑的规定就不会坐牢。,Sexism,17.01469,11.081242,3
2579,问她是不是÷女,Sexism,16.044098,9.8621435,0
4482,锅籹太容易跳脚了,Sexism,13.990376,7.8997636,1
6729,中华terf宫本家一口一个生育导致玻璃天花板，然后真的推荐她们放弃生育的时候又开始跳脚了。,Sexism,17.795921,12.776509,0
5087,畒🐶乱叫而已，不用搭理牠，毕竟听不懂人话，jb口球就行了[表情],Sexism,14.744837,7.6492996,1
6625,看网站的时候多看看国产，说不定能看到你女朋友,Sexism,14.995238,11.617971,0
193,我就是女的，我讨厌杨笠,Sexism,18.323566,8.065045,2
5640,一切偏向男性的发言抛开事实不讲都是媚男,Sexism,16.770836,9.817977,2
5159,粿籹活剐可以剐几刀呀,Sexism,14.973249,7.5630593,1
5795,这男的恐怕是绿帽pi,Sexism,14.449184,9.528085,1
6081,小仙女是这样的捏,Sexism,13.428646,10.548015,0
3392,反正他们普信男总有理由去声张他们所谓的正义，却不知大家都当他们是小丑,Sexism,15.982905,8.356824,2
4885,老实巴交的，以后绿帽子你不戴谁戴😆,Sexism,14.603042,9.595396,0
633,幕刃欠凌迟,Sexism,15.045429,5.83812,1
264,是不是处女没有多大关系，这说明楼主在某种程度上，也被女权洗脑，错误观点急需纠正啊！,Sexism,15.879327,12.984293,3
925,而且，跟她走太近，在圈子里跟着社死,Sexism,15.752085,10.097251,0
67,应对的办法是走出去外娶。对于郭女，绝大多数郭女卸妆和恐怖片差不多。我是没有做推土机的欲望,Sexism,14.767236,9.744263,0
5256,那不一样，女的基本上没国家概念，男的是娶，女的是嫁,Sexism,15.334751,11.905375,3
7323,挺好的，现在少数的真女权也已经急了，因为最物化女性，最喜欢把女性往经济附属地位推的就是女拳。不过我不建议大家去区分真假拳，直接都反驳就行了。,Sexism,18.008614,9.921784,3
4542,女人就是如此矫情,Sexism,15.6023855,10.600436,0
727,货拉拉司机无罪判一年，小仙女鲨人未遂判四个月,Sexism,13.283878,9.994335,0
3564,国内女⭕️群嘲国男的时候你咋不这么说？,Sexism,15.390803,11.120185,2
3223,朒字很容易被看混为腩字，下次用钕字。你这样写，我四十米的长刀很难收住呀?,Sexism,15.12833,7.2795167,1
1633,热搜前五十有是个是女本位/立女热搜，小仙女负面问题各种压热度。前几天官方还发了个媚女文章，最剑的事猜到会被喷还把评论关了。知乎官方歪屁股媚女，这样下去唯二根据地之一的知乎也要失守了,Sexism,17.623922,9.725595,3
220,是一部分带坏一部分，清醒的还是有的！但怎么也比不上教员那时“妇女能顶半边天”时期的妇女,Sexism,16.038519,10.443944,2
1760,你评论区不就有一个吗，经典装理客中装不下去了就开始破口大骂了，或许这就是当代小仙女吧🤭,Sexism,14.188321,10.060432,0
3871,以后不把老婆裱起来供着就算家暴,Sexism,17.057909,10.627032,1
6747,2，本分老实能担起家庭责任，姓生火质量低无激情，喜欢看男人偶尔出瑰；,Sexism,15.24793,9.91939,3
4285,说什么玩意儿？？？女性没有贡献，居里夫人难道不是？？？我国首位女航天员难道不是？？？奥运会上的女运动健儿不是吗？女排为我国争了多少光？？？为什么会有你们所谓的女👊，有一部份原因难道真不是像你这样只把女性当繁洐工具的人存在吗？？？所谓男权女权讲得是权，不是👊！,Sexism,17.693142,11.569068,3
6852,小仙女不是说中国男人配不上中国女人吗？男人只好找外国女人了，合情合理,Sexism,14.957711,11.967929,3
4015,"阿富汗兄弟审讯中称:我们对待女人的方式跟你们不同,一个女人就应该像仆人一样做家务,煮饭带娃.",Sexism,17.033102,11.150728,2
4566,锅籹是这样的，司空见惯,Sexism,13.949962,7.7808776,1
5034,神TM女权感性灵魂交流让世界更美好，神TM男权自私喜欢战争给世界带来灾难。实际上你不就是打不过别人所以说男权只懂得战争吗？说的这么头头是道你倒是先用爱来和男权交流啊？自然生存不谈弱肉强食适者生存你TM谈爱和灵魂？我不是很懂女拳师的基本思路诶。还说什么即便是优质男人也要花很大的代价才能敢上女性，那可不嘛！这辈子我都不敢想象我能这么不要脸果然我以前说的没错啊，又当又立，是女权最基本的特征。战争关乎国家的利益到她这里就是男权自私爱发动战争，爱必须要建立在经济物质基础上到她这里就全是女权的功劳了，总之一句话，坏事都是男权做的，好事都是我们做的，只要男人不给我钱花，那就是做坏事,Sexism,17.969185,10.800243,3
6751,赶紧分啊，留着干嘛？人家都想让你喜当爹了，还用留情？把事情捅给她身边的所有人，让她名誉扫地就行了。生下来孩子还会有人可怜她，觉得你做的不对,Sexism,16.3216,12.782645,3
3280,同等出身，同等起步，平等对待，在这种条件下，恐怕是男人认真起来没女人的事吧？！,Sexism,16.963602,11.289275,2
1682,那个女的已经破大防了，嘴倒是硬的很,Sexism,16.495829,8.813271,0
6737,韩国是正面刚 给母狗刚到废,Sexism,13.539006,6.8058558,1
304,觉醒群，抵制矫正供养者倾向聚拢觉醒男性，散兵游勇,Sexism,17.169489,9.909928,2
3827,原因很简单，请问女的是被黑人强奸的逼的吗？大部分并不是吧，似乎是她们自己的意愿吧,Sexism,14.982105,12.288312,3
2474,为什么要纠正她们？你们希望她们过一个幸福的生活吗？,Sexism,16.567562,11.306804,0
7476,这女的眼光不好啊，如果看不到未来干嘛招惹人家啊，人家男的以为找到个可以同甘苦的人奔着结婚去的，结果还说这些刺激人家干嘛,Sexism,15.356594,11.569403,3
6869,怎么不是说男生180以下就是残疾那时候了，我稍微调侃了一下主页被冲了，然而我脸皮贼厚。,Sexism,16.58846,9.200852,2
7014,对女性共情就是滥情就是对男性的pua,Sexism,16.789377,10.353741,2
5501,看到李纯微博越来越多的理中客姐妹支援，大姐感到很欣慰。,Sexism,17.142223,8.947855,0
924,中国男人超强的繁殖欲，也许我们的基因就决定了我们不团结，所以才需要高喊团结的口号，而国外大多数人泽不需要这些毒鸡汤就能看破实物的本质,Sexism,16.032372,11.535378,3
1859,那要知道这些女人男人塑造的，不过是男人怕其他男人变成舔狗罢了,Sexism,14.194357,9.467428,2
573,往全体上骂不是所有女拳的特权吗，那件事没有骂全体的见怪不怪,Sexism,17.59178,9.381435,2
1164,女拳师呢？是不是经费没覆盖？😆,Sexism,17.738188,8.528187,2
3733,女足是很棒但和她们可没关系,Sexism,18.392153,10.040419,0
6068,**cr，一个二次元网站引流一堆慕刃把环境都搞臭了，以后大会员一天也不充了,Sexism,15.395413,7.332362,1
2178,"你有没有想过为什么微博女权要在微博上发反婚反育的文章?你真以为她是为你们女性追求利益?其实都是工作,她自己结婚了忽悠人不要结婚可以赚钱",Sexism,17.994976,11.353794,3
4650,我提一个：見到称呼老婆为“领导”“LD”（後者更賎，字都要遮遮掩掩）的，一律骂死。男人是一家之主，户主名称，何时让给女人领导？,Sexism,16.442526,10.301402,3
5059,你们公司就不该录用这种女人，会带坏公司的风气。,Sexism,15.886092,10.776789,0
1057,因为她们都是一群没人要三无妇女。无钱，无色，无品,Sexism,16.524866,11.587353,3
2483,不结婚就完事了，真想不懂都22年了解放那么久了。还有人非的要遵守什么祖宗留下来的传宗接代,Sexism,16.841064,12.343657,3
712,说的对啊，要担心的是我们。本来女人过的就是比我们男人要轻松。,Sexism,16.974297,11.273533,2
3719,粿籹凌迟就完事,Sexism,15.177564,7.7154655,1
550,男人变态有什么错,Sexism,14.761423,9.178073,2
3767,有些国男多学着点吧😄,Sexism,15.126979,11.03914,2
4738,拿去微博，一堆拳师教你做人,Sexism,16.862782,7.4686823,1
5845,别尬黑，这是拳师日常化的高级妆,Sexism,17.028358,7.2422333,1
5512,国铝是这样的,Sexism,13.867276,7.757821,1
1081,为什么现在感觉男权全都是要求男女平等，而女权要求的是特权呢。所谓女权天天拿生孩子做家务来为幌子打压中国男性，现在中国已经变成了女人吃你的拿你的还天天微博贴吧说这不好那不好，所以男人付出就是应该的，求一点点回报就是错的,Sexism,17.707638,11.55955,3
1112,这个。。。原谅我不厚道的笑了。我也想黑一下各地的女孩子,Sexism,16.318762,9.695548,0
7630,人家发个表白墙碍着打拳什么事了？现在大学里男生果然变态很多呀，还偷拍别人，建议报警,Sexism,16.7179,9.024801,3
5970,中国eg这么多🥺🥺还不允许中国男生分头突围了🤭🤭,Sexism,15.797596,11.392481,2
4264,实际上排名前20%的女人真卷起来连后20%的男人都卷不过,Sexism,16.674639,11.1391945,0
1769,最讨厌没了解，动不动就极端女拳、极端男权的，麻烦你对比下整个网络的声音里面，谁的极端，谁是起始者，谁是反对者。谁是进攻，谁是防御。,Sexism,17.657892,9.928893,3
2338,反击他妈。她就是想赚男人的钱。你还真信,Sexism,15.331144,10.486145,0
578,幕刃这智商也是服了，自己妈妈说大实话不听，听网上的人吹牛逼,Sexism,15.072919,6.4245725,1
3347,感谢女拳组织的出现，解放了男性，男性开始逐渐躺平，不结婚，咱们看看不结婚到底谁着急，谁过得更好,Sexism,17.171413,12.052573,3
4274,看吧女人哪有小心思三四十万就可以咯?,Sexism,14.770099,10.596158,0
4754,没女权那么小肚鸡肠,Sexism,18.578636,10.044861,2
3209,你老公要是知道，估计要恶心你一辈子?,Sexism,15.529579,11.35563,0
4565,强奸罪只针对男人定罪，这是公然歧视男人。应该改为一方不同意，另一方就是强奸。如果发生关系时，男人不同意，那么女方就是强奸罪。,Sexism,17.249521,10.902104,3
4246,锅钕又装男的自我高潮了😅,Sexism,14.071188,7.944459,1
3857,就算是编的，我也相信，臭母狗,Sexism,13.492754,6.8584547,1
2480,不要当舔狗不要当舔狗，把女人当男人一样对待，男女平等，约她来就来，不来就赶紧再约下一个，什么狗屁持之以恒的追求，那是死缠烂打，幕刃最讨厌死缠烂打了。,Sexism,13.697558,9.402298,3
310,归根究底，广大普通女性若是靠近普信男，会不幸。这是最正确的结论。,Sexism,16.098082,8.599147,2
7366,哪有温柔善良的？温柔了就不会善良，成天琢磨怎么算计公婆算计家人，占到便宜才会温柔。行为善良或勤劳的女子被女拳挑拨的心理失衡，就不可能温柔，温顺。即使有温顺善良兼备的，往往又好吃懒做。,Sexism,17.199858,10.575782,3
91,姆🐶老是先开团，真的可怜，没事就骂男性。,Sexism,14.88874,7.736662,1
7587,女人可以光膀子吗，当然可以，女人不能光膀子是传统的刻板印象,Sexism,17.814936,10.578034,3
7054,上来就搁这查成分，女拳怎么搞的跟什么一样,Sexism,17.12639,9.235434,2
360,春日祭母勾还拉黑啦,Sexism,14.419081,7.031301,1
4468,没啥可说的，典就完事了，呜呜呜，原来我们男性出轨不是个例，我给男性丢人了呜呜呜,Sexism,16.76203,11.112067,3
5085,国男就是爹味太足，死抱血统不放，我一个极右都不知道他们哪来的这种思想。外娶有多难？天天在国内挑挑拣拣想找一个好姑娘出来🤭,Sexism,15.30826,12.010745,3
3100,这不给小酰钕尝尝被铁拳砸的滋味？,Sexism,16.984175,7.822867,1
7860,49胜率这mg也太低能了吧?,Sexism,15.574071,7.538913,1
561,幕刃嘛，是这样的,Sexism,15.043549,5.919912,1
1701,反正现在女的很娇贵大家都知道就算有人揭破也会被女的集群群殴很危险的！！！,Sexism,16.308903,10.124791,3
6108,敢批评我们？建议中国女权开除世界女权组织的女籍🤣,Sexism,18.362255,9.7529545,2
3776,这都是畒的托词罢了，现实中不需要父母帮忙看护孩子的家庭极少，加上很多畒借着冠姓权做文章全权交给男方父母的大有人在，至于伺候男方更是无稽之谈，80以后的女人让她包揽全部家务伺候男人起居住行？怀孕为借口殊不知现在丁克家庭也不少，抛去这一项畒还有什么？,Sexism,16.972433,12.370308,3
828,工作过的人应该清楚，女的比男的享受很多优待。,Sexism,17.181856,11.420106,2
3226,这幕刃说的点都错了，彩礼不是家庭经济行为，是古代的礼法。而且劳动力就是商品，涨工资是为我的劳动力需要相应的报酬，是我光明正大赚来的钱，怎么是物化？彩礼女人只卖卖o就OK了,Sexism,17.042585,12.316539,3
3001,《啥好处没捞到》男人要感谢这种女人，看看当供养者是什么下场，出钱出力还被嫌弃,Sexism,16.482307,11.632839,0
5841,找20出头的小姑娘不香吗？,Sexism,16.164782,12.28179,0
4675,但像中国女拳这种以给外国人做性奴为荣的女性，确实让人无法理解，匪夷所思，地球上找不出第二个类似民族的女性,Sexism,17.931843,10.549699,3
2767,我在b站的很多男拳内容都被删了但是那些女拳没有被删,Sexism,17.32236,9.131657,2
5061,有些女的分不清是非黑白,Sexism,15.810695,10.368827,2
3646,找老婆不能找强势的,Sexism,16.100437,12.165895,3
5277,而且生孩子跟这能一样么，不是两种感觉？怎么不让女的试试电击，看看生孩子和电击是一样的不,Sexism,17.803474,12.211542,3
5522,今晚别睡太死，姆坦马上到你家门口,Sexism,14.725364,7.737048,1
2975,她们还可以在职场在学校说性别歧视，要求男性让渡,Sexism,18.67865,9.839525,2
5875,是有很多中国女拳友，还是脑子不好使那种,Sexism,17.615837,8.821631,2
1293,教育开始就在教育男生让女生，还要保护，神他妈绝了。最讨厌就是女生自己说你们男生要让着女生,Sexism,17.130983,10.120973,3
253,绝大多数郭女离开化妆美颜啥样自己心里没数整容之后能不能看都不好说,Sexism,14.802279,9.633848,0
3059,消费主义可是女权源头啊，自己冲自己的源头吗？,Sexism,18.463003,10.101743,2
334,咋说呢，你应该去豆瓣微博小红书还有几乎所有的女权聚集地去说说，你会发现，女权认为自己等同于女性,Sexism,18.29277,10.392913,3
3781,真是利都让女的占了，真是都是沙碧吧,Sexism,15.55458,9.538711,0
31,我185，但这幕刃是鲨bee,Sexism,15.074465,6.0943213,1
1361,你会发现在中国的混血娃的爸爸基本都是中国人，嫁给外国人的女的都去国外生活了，这就尴尬了😅,Sexism,15.268638,12.196331,3
2282,对出轨新闻的评论，若男方出轨，女的一般团结一致对女方表示同情，安慰。若女方出轨就不同了，受害的男方往往成了男网友们嘲笑玩梗的对象（参考王宝强）,Sexism,17.105833,10.830209,3
4002,我以為女拳師討厭腐女，原來這兩種屬性是能兼容的,Sexism,17.088312,7.3890753,1
4027,还有不少说，没有永远18的女人，却永远有18的女人，我们男人随时可以离婚找年轻的女人，因为男人越老越值钱，女人越老越贬值,Sexism,16.557678,12.29937,3
607,我对中国女性确实有看法，在外面待久了，你就知道外国人是怎么看中国女性的了。,Sexism,17.25433,10.965494,2
6277,万一它们是体重两百的坦克呢？当然不输普通男性。一般100斤左右的力气是比不过一般男性的。,Sexism,17.04823,10.486152,2
3902,这个叫双亲祭的用户的幕就是个薇安妇吧,Sexism,14.80158,6.904188,1
158,建议国男们别在仙女朋友圈里出现,Sexism,14.045056,10.553626,0
7455,因为杨笠说男人是垃圾，然后教育男性不要对号入座。那么我也希望你们女性不要对号入座。如果你觉得骂的不是你，就不是在骂你；如果你感受到恶意，那么就是在说你虽然这种逻辑没道理，但是好像成了共识，那么我们就欣然接受吧,Sexism,18.319075,8.12425,3
4240,对对对，都是小仙女，小仙女没有错，都是中国男人的错，中国男人应该灭绝！,Sexism,13.929186,10.397155,2
6104,可是为什么图上都是男的？难道是因为母人智商低下说话毫无公信力吗,Sexism,15.496954,8.694009,2
5391,彩礼吧老早被女拳傻卵们占领了。,Sexism,16.88046,12.485958,2
4734,有钱人也怕遇到烂裤裆。我婶婶给我介绍留学生我就知道这个恶毒的老妇女没安好心,Sexism,14.26938,11.521926,0
5748,喷吧也是女权它们也只会喷了,Sexism,18.200085,9.87642,2
4843,这个确实更靠谱，我在2021年恭喜说的是对的，现在女权已经疯了，都开始从基因找优越感了,Sexism,17.35988,9.734031,2
2544,她绝逼看过中国男人配不上中国女人那篇文章,Sexism,15.96969,11.65794,0
801,拳塔一体才是最大难题,Sexism,16.978275,7.224985,1
425,什么都要男的干女的活着干什么,Sexism,17.300222,11.723632,2
5098,第二个母吠删我评,Sexism,13.802097,6.9218936,1
3653,张口闭口嫁过去当保姆，实际上做个番茄炒蛋都不会,Sexism,15.877044,11.973555,0
2039,舔狗电都电不醒，醒来继续舔啊,Sexism,13.184951,8.973266,0
1122,她是让男人都当舔狗，是这意思吧。,Sexism,13.855626,9.42344,0
7533,我突然从我的记忆里发现了一件很搞笑的事。凡事电影里充满男性荷尔蒙的男性都会把女性折服。其中也有对女性暴力的男的。而那些暖男或是说对女性一味好着的男的百分之九十九会被认为是舔狗。有时候想想人性真的贱，有一天男性真的变成女性的奴隶了，估计也没女性会真正喜欢男性，就是这么矛盾,Sexism,14.348408,9.406276,3
6488,劲夫们打她,Sexism,17.67774,8.634845,0
3722,拒绝雄竞，拒绝承担责任，拒绝社会规训，精致利己，高消费，法律是道德的底线。没好处不结婚，能花女人的钱就花女人的钱，拒绝同情与帮助女性。讥讽谩骂雄竞男，对于同阵营的则“boys help boys”。,Sexism,17.26039,10.291478,3
5319,估计要双目失明才能接这种女生的盘,Sexism,14.6848,10.902018,0
6641,建议不要多说，被学校的女拳知道，就不太好过，等快毕业淦,Sexism,16.099289,9.503956,3
1512,支持，女本位社会根本没有人会关注我们男性的苦难，只有男人能共情男人，我们要公平！,Sexism,17.462301,11.223533,2
660,一直钕全钕全的，老掉牙了钕全造词骂男性倒是一大堆以后统一用这个如何,Sexism,16.43403,9.552513,2
3570,你那个性别要不要先改一下😆女拳不都喜欢冒充男的说话吗😆,Sexism,16.975151,9.170119,3
6587,你逻辑有问题，只要男人下面行60岁也能找老婆生女人就不行绝经就生不了所以男人在这方面比较自由,Sexism,17.566435,12.201439,3
6387,然而现在大多数人选择不结婚，剩下的大多数从外国娶，或者入赘外国。选择和本国人结婚的少之又少。,Sexism,15.862182,12.323665,3
4901,为什么舔狗如此之多可结婚率却这么低？因为舔狗，不得好死！,Sexism,13.292658,9.161618,0
3583,都是满满的让男性扛委屈，蛮不讲理的让男性退让，表面相让实则pua规训及精神打压！！！,Sexism,17.211418,10.053444,3
3466,想要判断广告有没有性别歧视，最好的办法就是性别互换：把出大力的卖牲口广告换成男劳力你愿意吗？,Sexism,17.435783,10.554466,2
840,同感，我等不及看国钕乐子了。😆,Sexism,14.933136,11.181386,1
1365,其实证明是个男的都有歪心思，跟美丑无关，找个帅哥，不然太吃亏了,Sexism,14.874567,10.3437805,3
1109,只能说国女被宠坏了,Sexism,14.907948,11.239631,0
5317,你需要接盘吗？,Sexism,14.410018,10.956365,0
5807,女拳现在泛滥了，敌我难分,Sexism,17.98548,8.98189,2
6947,把所有消费都投给那些纯男性领域，资本就会闻着味道来讨好男性了。比如游戏之类的。,Sexism,17.361872,11.35767,2
6623,没关系把她们培养成大纱布让愿意娶的弱指去娶,Sexism,14.512984,9.622977,0
5425,滚，lkd,Sexism,13.448741,8.643442,1
7622,哎，这种的，一看就是没点脑子的，他也来喷我了。。看样子像女权派来的。。,Sexism,17.022936,9.314584,3
64,哈哈哈哈哈笑死我了，籹拳帖子下面全是鸡或麦片的这波叫做产业集聚,Sexism,16.625162,7.6795225,1
506,臭木勾sigma,Sexism,14.5214405,7.8128233,1
2485,这其实对女权造成不了打击，因为大多数男被害人，施加犯罪的人也是男的，这样反而让人笑话，给女权钻空子,Sexism,17.588942,10.517308,3
6092,啊哈哈哈，普信男破防了😆，当真是喜闻乐见??,Sexism,15.913742,8.123975,1
617,找代孕不香吗，干嘛找个女人收割自己,Sexism,15.909066,12.5687275,3
5810,我们遵循以前反钙吧的规定，不和贴吧或者微博乱骂人的人来往。以前弄的规定已经很好了，不要再乱改了。我们就自己搞自己的，不和那些男女厕所的人交流。,Sexism,16.805975,8.434196,2
742,幕刃真的该死,Sexism,15.066817,5.8743744,1
937,可是，现在大部分女性不都说要求不婚检吗，婚检就是对我的不信任⁉,Sexism,16.708284,12.351345,3
3730,因为所谓男子组比赛，实质都是普通比赛，常规比赛，并不禁止女子参与，之所以没有女的参与原因就是菜，没别的，菜到根本跟不上节奏男子与女子比赛就是专业和业余,Sexism,16.773888,10.001519,2
6583,可以啊，和她签合同，钱给她，但是当一定期间内的投资回报率低于一定值直接净身出户,Sexism,16.357246,12.832055,0
7340,这在我们眼里是标准的帅哥，死郭楠你闭嘴吧,Sexism,15.234945,9.411611,1
2155,我身边的优秀女性说没被冒犯到，看来跳脚的人应该很不如意吧,Sexism,16.607977,9.908332,0
627,这个是杀猪盘，男的都是请来的托，装大款，骗女的交钱参加相亲,Sexism,14.251972,10.697414,3
1229,就烦这种不知道自己几斤几两地下头男,Sexism,15.6729145,8.613939,1
6010,有孩子的女人，就算以后不结婚，心里也不会慌，因为虽然你在一天天的变老，但是你的孩子也在一天天的长大，你根本不需要慌。而不婚不育的女权，你膝下无儿无女，30岁以后，你敢说你不带慌的？等你绝经了，又老又不能生，男人要你有啥用？你最后的筹码也没了,Sexism,17.61651,12.207706,3
3328,只有妈宝女才会说别人是妈宝男，妈宝女真下头。,Sexism,16.485914,10.364803,3
2014,那就好 希望像你这样正常的女生对一点，某些女人已经把中国女人是名声搞臭了,Sexism,16.366877,9.972062,2
2912,一个垫步侧踢踢废这些幕刃,Sexism,15.029463,5.959677,1
2165,教课书一样的普信女,Sexism,15.814168,8.348051,0
4735,兄弟萌快看，急死的国女出来了。😆,Sexism,14.975565,11.234209,0
2012,当理性判断女拳阻碍社会正常发展的时候，清算就开始了。,Sexism,18.300367,9.212147,2
2475,女权把人变成鬼,Sexism,18.767813,10.17138,2
3216,真的现在女权生亩媾横行,Sexism,18.74482,9.808784,2
6185,这样规定，很可能会适得其反~最终会让企业和公司那些用人单位，更加不敢招女的,Sexism,17.198479,11.559078,3
1471,原来女人在你眼里就是个盘。。。 有本事你可以不接的嘛。,Sexism,14.599802,10.765554,0
6357,呜呜呜畒破防啦,Sexism,15.724328,7.9561853,1
3834,这个吧说真的不否认男的会有玩玩黑人里的美女的想法，但是应该没有几个会娶黑人女的😅,Sexism,14.829271,12.358411,3
72,在所谓“自立自强”中走向极端，然后彻底反智。管中窥豹，略见一斑，权拳二象性实乃真知灼见PS：素材来自吧中某帖一个破防幕刃的主页，欢迎仗义之辈同去屠?,Sexism,16.556946,7.541698,1
6552,呵呵，知道女权变成女拳之前结婚率血崩了么？涨价去库存不好用了，恼羞成怒,Sexism,17.245129,12.067963,3
2867,“直男”这个词已经被用了好几年了，拳虱们可以骂“直男”，那我们也可以骂“歪女”，或者大家认为有更合适的词可以用来指代那些喜欢拐弯抹角、敏感多疑、热衷于勾心斗角的女的，欢迎大家留言，对于拳虱们的诽谤，我们要坚决反击。,Sexism,16.794283,9.383458,2
4244,所以说找老婆还是处女优先，HIV 潜伏期太长了，听你的意思应该没中招，祝你今后的生活幸福美满,Sexism,15.802426,13.006127,3
7219,对策：没错，我就是让你伺候我照顾家务当保姆，不然叫你吃干饭的？,Sexism,16.694792,12.324662,0
1954,投资人造子宫，找相关从业人员发泄信誉,Sexism,17.712854,12.886644,0
3185,只要大家都敢拿前途来捍卫下一代男性的应有权利而去qj亩人，亩人除了怕，根本反抗不了。,Sexism,17.381207,11.240795,2
838,尤其那种总爱英雄救美，一副道德表姿态，帮女人说话的是最为可气的,Sexism,16.089819,10.459811,2
4311,加两个0吧，一百万小仙女几个月就花完了,Sexism,14.407731,10.607457,0
2547,别再问孩子的爸爸是谁，爸爸是在这个迪厅认识的，孩子是在这个迪厅怀上的，这个孩子就是大家的孩子，抓好脐带妈妈要开始蹦了……,Sexism,16.151346,9.31154,0
6790,张口就要钱的母苟确实没教养,Sexism,13.86489,7.18965,0
4811,总而言之，现在就是女人最好的年代，不作妖，处女，整容的能好看，找一个中产阶级以上轻轻松松。也不知道女拳哪里不满>_<，或许整容也整不出来？,Sexism,15.467594,11.200201,3
7150,家暴只是给男人定的，男人打女人那叫暴力，女人得到的是同情，男人得到的是谴责；而女打男，得到的却是掌声，男被女打，不仅得不到同情，还会被取笑鄙视。平等吗？到底在哪里？有没有平等？,Sexism,17.27119,10.609546,3
3515,他也不累的谁知道天天表面上说什么正确婚恋价值观背地里天天xingqin女儿的是不是就是他,Sexism,15.489624,12.234002,3
4953,都该人道毁灭,Sexism,15.203748,6.8051047,1
7388,让她生下来，在分，不要说残忍，女人背着你跟别人的时候从不想这些。,Sexism,16.454693,12.866793,0
6833,变态男太恶心了,Sexism,14.462928,9.031631,1
3744,泰迪家族嘛i了i了,Sexism,13.572989,6.838982,1
3519,和女生相关违法问题不是女生问题是TM谁的问题？主语都有问题还发个鸡毛声，发什么声？÷生？你一个男，怎么还性别歧视？管你你是什么玩意儿,Sexism,16.423136,9.268461,2
4535,国女不值得娶和谈恋爱，只适合逢场作戏。,Sexism,15.0488615,11.640776,3
5698,江照黎明以前看来国产想离婚这下绝了看完这个女的不得弄死男的环境决定大部分婚姻观念和人性为什么没电视拍为什么要彩礼和要求的这么丧心病狂为什么很多外面都不要就国NAN要这要那,Sexism,15.471955,12.028268,3
5306,作为房东，告诉各位，这是真事儿，两个女的是最脏的，其次是一个女的,Sexism,15.746819,9.674649,0
6002,我觉得女人也没用,Sexism,15.938179,10.116613,2
3970,800的小姐能提非常高的情绪价值，买礼物反而提供负情绪价值,Sexism,14.291943,10.245035,0
4670,只要女的嫁走，别留在中国就不歧视,Sexism,15.463539,11.92513,2
6861,坦克女震怒,Sexism,17.751684,8.592088,0
3891,还不是龟男不努力,Sexism,13.753814,8.8217535,1
5860,这种没脑子的女人真的是很可爱,Sexism,15.365428,10.567709,0
6072,就算是女的打男的，男的只要敢还一下手，那么后果就不堪设想,Sexism,16.977793,10.336785,2
3198,说的这么新奇，好了，我宣布，田园女拳有滥交的自由,Sexism,17.813223,9.07865,2
6538,看看小拳书上名媛的真面目,Sexism,17.18799,7.3778243,0
1030,第二个是豆瓣母拳,Sexism,16.065216,7.5562487,1
4411,这种低智商的女人多出去点才好，千万不要再回来了，不然会拉低整个民族的平均智商,Sexism,15.440815,10.720934,0
2351,这是打算开始通过歧视光棍来试图提高结婚率了？,Sexism,16.751472,11.877523,2
3013,这女人能活到现在也是个奇迹！,Sexism,15.669397,10.333458,0
3569,男的可没这么想啊，从此处可得出结论——䖡壬更恶。,Sexism,15.819709,10.083579,2
388,那下次她还得捅，搞不好所有的男司机都被她捅死了,Sexism,13.730238,10.02059,0
6126,啊这啊这，丰县事件是法制问题。男主涉嫌多项法律规定，和女权没有什么关系。这个人明显是媚女蹭热度，况且丰县事件是几乎全网一致谩骂，不存在什么男性不发言这类情况。此次事件的恶劣程度超过了性别限制，这不是女权问题是人权问题。真没必要因为关注某个问题，发表一些偏颇的见解就给自己脸上贴金。,Sexism,17.822706,10.325046,3
63,如题，谁去接一下这个拳法,Sexism,17.01976,7.5685205,1
3128,全世界须眉阶级联合起来,Sexism,18.653505,9.934071,1
2162,现实就是有大量国女愿意倒贴外国人🐶,Sexism,14.930756,11.984412,3
3043,他还有某毒，你发现了之后还给他和他的姘头都治好了，把自己感动得不要不要的。干电池都比你好，电用完了至少还不得病。不过命运都是一样的，都得扔。扔的时候都不带一丝情感。自己还把自己演绎的像一个痴情女子。实际上是一个用完不要钱的奴。,Sexism,14.291851,9.684326,0
2882,什么gp女权组织？要批就批某个人，中国这么多人，这么多女性它们有什么资格评判？还拿它们的鬼话当成批判的材料吗？,Sexism,18.1707,10.036551,3
622,正常操作，谁叫人家是小仙女啊。,Sexism,13.582695,10.449832,0
4043,追星加女拳，吐了,Sexism,17.916716,8.857833,0
3592,在一些聊天交友软件，或者游戏里装成女的，骗舔狗的钱，这事我以前都干过发现舔狗简直精虫里没一点脑子,Sexism,13.67664,9.367869,3
7470,批站影视区好几个吃女拳饭的，比如那个路温,Sexism,17.519224,8.436267,2
6816,女拳自我安慰的话术罢了,Sexism,17.498503,9.288147,2
1318,看到阿娜我就放心了,Sexism,14.7530985,8.146908,1
6849,对，这是正确的，不批评她们的对错，但是也不要回来祸害我们中国男人，别用那张ex的嘴脸来说中国男人的不是,Sexism,16.300703,9.923077,2
5724,主要是吴施蒙事情出来以后，大家不信中国女人了,Sexism,15.928938,11.520883,2
5158,现在好多女的都开始做处女膜修补，来欺骗男生的初恋，真可恶。所以我想国家应该让医院提供一种鉴定，女孩从青春期到结婚，每个月都去接受一次检查，看是否破裂，最后把这份鉴定当做礼物送给男生。并提倡第一次结婚的男生一定要选择一个有完整鉴定的女孩。这样这些女的就没机会骗人了。怎么样,Sexism,15.879262,13.044404,3
1613,当然是男的多。戴贞操带的男的比女的多十几倍。,Sexism,16.369406,10.615753,2
3721,感情的本质也是等价交换，只不过不仅仅是金钱，长相身材性格学历工作等等，这些平等的才能长久，而舔狗试图通过放弃尊严来让对方喜欢，这就是蠢，交易策略讲究的是讨价还价，舔狗上来就不要钱，甚至倒贴，对方会觉得这件商品有价值吗？正常人都会警觉，觉得对方有所图，而绿茶就会榨干舔狗的价值然后扔了，舔狗跪着的样子可太可怜了。,Sexism,13.658385,9.415753,3
1689,网上总有很多这类内容，看似段子玩笑，实则是对男性的PUA，以及告诉其他女的要这样做。久而久之这样的内容多了，当真的人也就多了，走的人多了便成了路，男人们也就真的都过世这种生活了。但还是有太多男的看不清，还在转发这样的内容，以为好玩，等到他觉得不好玩的时候也晚了。,Sexism,16.743761,10.776074,3
5280,在女权眼里只有中产以上才算男人,Sexism,18.500906,10.519429,2
3837,培养♂从小抓起,Sexism,14.030415,9.913131,1
3654,舔狗龜男比拳師更可恨,Sexism,13.380625,9.009929,1
3620,啥都不会都比国女好，起码不要房不要车，不要彩礼。,Sexism,15.324877,11.864181,3
720,真好笑，她们用什么来决战?嘴?,Sexism,17.366823,8.821807,0
3553,抛开事实不谈，新时代小仙女找个接盘的拳力都没有了？气冷抖,Sexism,14.247654,10.915651,0
584,捅的好，应该虐杀幕刃,Sexism,15.05487,5.96408,1
7862,人家塌马是对象，活该被打，要是我我也不管，要不你管了之后这个表字又说你打她男朋友,Sexism,15.381725,9.242695,0
3105,只是觉得为其开脱的龟男实属有点逆天了😆,Sexism,13.749865,8.830743,1
4472,朱军案子打了多少年……事业都凉透了，才坐实诬告，还有张恒案，遇到正面起诉的，这些诬告的立马怂了销号，最后只查出来注册用的手机号机主是个不知情第三人老太太,Sexism,16.940908,8.847582,3
1499,龟男！还想拉女的,Sexism,13.684957,8.808197,1
1992,这人知名女拳，散了吧，不用理,Sexism,17.33177,9.219933,2
5315,女权？女拳罢了，不要抹黑国际女权,Sexism,18.394283,9.756268,2
464,只要允许有稳定的性来源，绝大多数男权都会投诚去舔！,Sexism,17.382666,11.278366,2
3680,在姬圈有个别人还觉得“和男的睡过的女的都很脏”也挺无语的,Sexism,15.797156,9.488129,3
7558,人造子宫赛高,Sexism,17.78786,12.855985,0
111,女孩泛指0~18岁的女子过了18岁叫妇女，结了婚叫声阿姨女士不过分吧,Sexism,16.146734,9.654588,3
4987,再列举一个我觉得很关键的，大多国女找黑人白人结婚率并不高，往往是被玩够了分手，这些情况往往都是女的隐瞒自己的事让国男来接盘，彩礼车房一点还不少，我个人认为这个应该是最致命的，毕竟关系到每个男人的切身利益,Sexism,15.154986,12.286529,3
4376,我支持女权们不婚不育,Sexism,18.262363,9.824961,2
1161,一不小心把仙女整破防了，看来网络上脾气巨大的公主基本都是这样的,Sexism,13.713391,10.195731,0
6828,那些傻卵劣信女别理它们,Sexism,15.682333,8.970877,0
3113,没事干躺着刷手机时可以去溜达溜达，保准有各种发现，或者查查关键词，你就能发现玩个游戏都有那么多拳击手,Sexism,16.738043,7.3012023,1
698,参考希拉里克林顿。。。结婚了女的姓都没了😅😅😅,Sexism,15.914699,12.092943,3
6348,那女的作态还非常低贱，太丢人了,Sexism,15.51673,10.332162,0
5027,舔狗太多会惯出来这样的,Sexism,13.370104,8.891652,0
84,没事，不是说舔狗很多吗？幕刃召唤舔狗就算了,Sexism,14.8635235,7.1062975,1
6800,女的对于索要彩礼有三个阶段的借口，进攻退守1.以伺候男方父母为借口。但因为现在大部分人结婚都重新买房搬离原家庭，都不和父母住的，这个借口很快被推翻。2.以伺候男方，做家务当保姆为借口。然后现在女的会做饭的还没男的多，很多家庭要么是男方做要么是点外卖，这个借口也站不住脚。3.以怀孕期间的保障为借口。因为怀孕期间没法工作，所以以此为借口索要保障资金，该拳功甚至博得很多龟男的认同，所以尚未被推翻。大家对以上三个拳法怎么看？,Sexism,16.7615,12.583291,3
2459,我媳妇也会打拳！节假日忘记买礼物她生气了，我说我生日你怎么不买给我？结果她更气了，叫我去外面问问是不是所有男的都应该给女的买！😅WTF？！,Sexism,16.89189,10.449184,3
4869,我在想田园不是不结婚吗。。那么生孩子管她什么事。,Sexism,17.09648,12.658413,0
6544,实话实说，这些男人也太怂了,Sexism,16.732784,9.4788685,2
7612,是男挙定义宠女人的男人为狗，什么叫喜欢当狗。,Sexism,13.9201975,9.463914,2
6686,同样女权所说的家暴男也很少😆，为什么要把部分的家暴男上升到整体？😆😆,Sexism,17.457775,10.637595,2
1681,国女干的好事,Sexism,14.891042,11.391343,0
2374,为了性去跪舔女人，为了性被吃干抹净，是有多可怜啊，你们是怎么克服性这个弱点的，我认为吃色普龙，还有补佳乐最好，因为，我作为药娘过来人的经验，保证吃了无欲无求，这样女人就不能利用性这个弱点了，有条件的话，最好去变个性，这样就可以挑战女人的性取向了，到时候可以扬言“有本事就百合”之类的。,Sexism,14.516862,10.034575,3
141,根据大数据所得，100%的女拳都是智商低劣，且具有严重基因缺陷的下等物种，来源《就你会编？》,Sexism,17.424599,9.242719,3
761,垃圾小仙女，不配活着,Sexism,13.423523,10.4199505,0
168,阿哲，好像陈浩民张卫健吴彦祖古天乐尹正他们的帅我挺欣赏的，至于现在的娘炮，对不起那些女拳拿这些娘炮当例子还说人家嫉妒，真是笑大牙了,Sexism,15.309042,9.52452,2
1803,女～权：男女平等。女人和男人有同样的地位。女～拳：女性要有特权。男人占女人便宜。赞同女权。让女～拳和男～拳在一起吧。,Sexism,18.355436,10.254509,3
6893,这慕茜丶真恶心，是个女权，支持姐姐打弟弟，不拉偏架，你就挡中间当肉盾，看孩纸打架好玩是吧？这慕茜丶个坐着看戏，先拖出去枪毙了，,Sexism,17.381708,8.997291,0
2252,建议废止该部法律，出台《男性权益保护法》,Sexism,17.41911,11.111964,2
182,我先来让她们自己去卷例假不能休然打扮和男性一样去挣一样的钱,Sexism,16.128445,10.765754,0
3828,笑死了，***自己没有能力买房啊，还要靠男人，要她有什么用,Sexism,16.404125,12.510347,0
6365,你以为她是给你们看的？给她提纯后的粉丝看的罢了“她都已经道歉了你们还想要她怎样？”，之后该赚米还是赚米,Sexism,16.802282,9.106974,0
4797,其实那女的有可能是j，留学生有补贴，用补贴找j,Sexism,14.916008,12.123503,0
4606,我觉得问题不大，国内女性都这样压迫中国男性了，我们还管她们干嘛？,Sexism,17.519531,10.64425,2
3256,都说，所有的女人生孩子多么多么痛、多么多么难，多么多么危险。。。。。可是，有没有听说过，拉屎，小孩生出来了吗？撒尿，小孩生出来了吗？走路，小孩生出来了吗？。。。。。真奇怪，怎么她们都是生出来了才发现是生小孩呢？比拉屎都容易，为什么不痛？谁能告诉我？？？,Sexism,17.777342,12.383191,0
6446,婚前非处这一属性到底比处女好在哪里呢。本人看过很多为非处洗地的帖子，但都毫无意义。因为其中心思想无非是“处不处不重要”，只能通过削弱处女属性的价值来提高非处的相对地位，而指不出非处女的价值、相比于处女的长处。,Sexism,15.934692,13.054258,3
3431,我厂里有个孕妇第二天去剖腹，今天都来上班，那些公主就是矫情,Sexism,17.709558,12.637755,0
82,小仙女日常精神病,Sexism,13.348667,10.503012,0
3243,这我就不赞同了，结婚生孩子就要体验分娩？要我说舔狗约炮都必须体验分娩,Sexism,17.747858,12.23962,3
3470,其实稍微有点脑子就应该知道这是情理之中的事情网上怎么闹无所谓 现实就会社死 谁跟她玩的近也会一并社死,Sexism,16.031702,9.328172,0
5408,幕刃是这样的,Sexism,14.969351,5.9200535,1
6328,这个女的可能是欲望比较强吧,Sexism,15.295606,10.388394,0
4715,微博不是垃圾桶吗？你为什么要去垃圾桶逛？看到垃圾还和我们分享,Sexism,16.889757,8.1546755,0
7307,说的没错，小战士,Sexism,15.926696,8.455828,1
267,尊重个屁，女拳这麽不尊重男性。要特权才是真的,Sexism,17.624819,9.77984,2
5670,舔狗以为舔狗最后应有尽有，谁知道没人领他的情。,Sexism,13.334009,9.166407,0
5037,女权为什么要学我们男权反婚反育，并且要攻击辱骂男权反婚，因为女人清楚的知道反婚是打击异性权益的最好手段。男性反婚自古有之，中国几千年前最著名的哲学家老子以及他弟子创建的道教门派楼观道就是吸引教徒禁止教徒结婚，到后来的王重阳创立全真道，和弟子丘处机广泛传教宣扬不婚可长生不老，其实他们早就清楚得意识到婚姻对男性一生伤害甚大,Sexism,17.87378,11.398052,3
7459,女性和幕刃是两种生物,Sexism,14.9585905,6.268543,2
6463,都2022年了还洗女权呢，把女权所有的恶挑出来，命名为田园女权，我们女权就是圣洁无比冰清玉洁的先进思想呢,Sexism,18.169216,10.459353,3
3949,小红书微博第二，没有老哥冲啊,Sexism,16.913525,8.298959,1
281,不会真有人想和小仙女结婚吧不会吧不会吧,Sexism,13.549751,10.33126,0
4725,这么说，那就应该是所有不要外国人彩礼且结果的女生全都出国不要回来喽，可惜好像不是呢,Sexism,15.24398,12.191385,3
387,一眼真，也就母畜能干得出来这种事,Sexism,13.642136,6.9266853,0
5468,慕勾是这样的,Sexism,14.3415,7.8785996,1
738,说分割家产，必须平分管你男人娶不娶老婆，然后我说那女厕管你要干嘛比男厕多一平方厘米就是不公平女拳破防了，温和女拳在给我科普，再nm科普也违背了你要的绝对公平，魔怔女拳要拆男厕小便池，我说小便池关你女厕屁事，只要面积多多占你一平方厘米，你管别人装什么，真nm管的宽,Sexism,17.327492,9.609765,3
696,确实，上面带的节奏就是怕老婆，交工资，等到成气候了就开始鼓吹消费主义给女的洗脑，现在国内就成了逆民主义女拳横行了，还是挺有意思的，现在都恐婚了。,Sexism,17.532923,11.547874,3
2428,男生是正常人反应，女生是巨婴,Sexism,16.68293,10.660688,2
5403,幕刃骂多了反而对这句话不感冒了说这么一句话本子就能治她，反观我们这里，批话更多更臭，其中还有龟男帮着一起说真不知道我们还有多长的路要走,Sexism,15.221884,6.861759,1
6561,痛经是女性身体结构的问题，应该找女娲或者上帝打拳，而不是把这种责任扔给男人,Sexism,17.261593,11.7045,3
1598,每天叫唤前台的姆人，送快递，寄快递，每天都要找理由骂她一顿，今天把它都给骂哭了，爽,Sexism,14.558522,10.166759,0
4770,微博的小仙女都在说求你们男性都清醒，放过我们吧。,Sexism,13.981624,10.547775,2
7312,民政局告诉结婚率血崩，小仙女们说田楠无数，谁在说慌？,Sexism,17.152735,12.269594,0
7491,提议女方婚前支付五年个人收入做彩礼，不然女性不懂珍惜婚姻,Sexism,16.63633,12.54738,3
5343,从母人到都市丽人？,Sexism,15.324552,9.993568,0
2878,畒🐶太多了，根本jb不过来，只能躲着,Sexism,14.832947,7.6078877,1
255,相比较来说我觉得普信男还可以一不危害社会，还能自强不息。相反对社会危害最大的是那些既当婊子有立牌坊的人，这可不是什么荡妇羞辱，相反我对一些光明坦荡的性开放是持欣赏态度，现在某些群体又当又立的行为一直到了颠倒黑白混淆丑美的地步了。,Sexism,15.963372,8.53701,3
4228,所以没错为什么改？直接普信男小仙女打起来啊,Sexism,16.145134,8.5904255,1
1454,新群，一起爆杀小仙女啊,Sexism,13.491797,10.379974,0
3892,鸡就算了 带个娃的还可以接受,Sexism,14.095804,8.353217,0
6673,可以让她生了，分月付款，生完滚蛋，给别人生去。好像也行,Sexism,16.617508,12.845945,0
3824,男的会生孩子为啥要有女人啊，隧道矿洞核电站能用女人？,Sexism,17.670723,12.085037,2
7159,珠海市五洲花城是吧，今晚就过去刀了这幕刃?,Sexism,15.088109,6.2061615,1
1563,双标男，见的没几个，女的倒是挺多的😆,Sexism,16.801281,9.68032,3
5677,请问抗战死了多少女性？😆,Sexism,17.990902,10.95004,2
2943,男人嘛，就是牲口。还没看懂?,Sexism,16.511173,10.671216,2
3266,说了多少次，拳师的目标非常明确，就是把蝈腩干死，彻底的把蝈腩变成自己的血包别人说啥干啥，只要不是给蝈腩打气，她们都不会管的,Sexism,16.048515,7.2447734,1
5948,努力姐专门骗中国女人嫁非洲，和蝴蝶姬一样,Sexism,14.817796,12.237753,0
3791,这男的也是啥pei给女的当狗活该,Sexism,13.722421,9.231786,0
3684,eg是白人老外起的。,Sexism,14.99224,12.128155,1
3217,女人说：“换了本仙女就不可能找到更好的了”。男人说：“这是编出来给?男心理安慰，好让?男去舔去接盘的”。,Sexism,14.124415,10.490394,3
4579,男的社会价值就是比女的高啊除了生孩子女的能做的哪件事男的不能做？且做的比女的好？叔本华讲的还不透吗,Sexism,17.453115,11.7976675,3
7249,田园女权是对真正女权最致命的打击，一旦两性关系坏了新生代男性因田园女权开始草食，那些能力弱一点的女性的噩梦就来了，会被不草食的渣男当消耗品，而这些女性面对外国男性也是弱者，不找男人要自立她们会更加困难，因为她们天生能力有部分本来就是要家庭才能发挥的，这股天生能力不能产生收益又削弱挤占了其它方面能力，女性地位糟糕了生育率也下降，所以真女权要提倡，田园女权真的是灭国之道,Sexism,18.00106,11.295316,3
3635,他们是被国女逼的。,Sexism,14.911185,11.369344,2
635,男性大多都有自知之明，根本不符合“普信”。然而女性月入3000嫌弃男性月入5000很普遍，算不算普信呢？,Sexism,16.045261,8.54079,2
234,中国男人配不上中国女人,Sexism,15.999086,11.654473,2
878,找小姐我花钱我是大爷，给女朋友买礼物，花钱当孙子,Sexism,14.151571,10.147255,0
2311,搞清因果关系，主要问题还是在幕刃这边，打破她们的外包装现出原形就好了，比如把舔G的女神头发P光光，衣服换成男装，口红脂粉全擦掉，再看她们如何卖钱,Sexism,14.307757,9.021656,0
515,性骚扰，好死但我觉得女的也应该加入性骚扰罪名，靠近身边能一拳放倒，免得反过来污蔑他人,Sexism,16.933886,9.042385,3
3637,16楼那母苟双亲私觉？,Sexism,14.0801,7.0787525,1
3115,怕是生活中沒人對她說過這些話，一邊罵街一邊yy,Sexism,15.161324,8.070858,0
5090,现在网络上有多少人都宣传自己为男性考虑，会独立思考，结果看到小作文就脑子都不要了。,Sexism,17.132587,10.02745,3
4208,看了，男拳女拳还真是旗鼓相当。,Sexism,18.1274,8.977992,2
5969,鸡汤的作者和读者都是女人，不向着女人她们没销量,Sexism,16.665926,10.414372,2
2441,男权最大的错误就是现在就反击了，欲令其亡，先令其狂。大部分舔狗都绝望了才是出手时机，出手太早只会让她们温和的处于优势地位，就像房地产尾大不掉。,Sexism,17.51461,11.163488,3
2344,在中国，你这种烂鲍鱼一般被人叫做普信女⁉,Sexism,15.591565,8.575476,0
3663,一口一个不生，怎么不上环啊。,Sexism,17.273733,12.765743,0
2350,关键郭朒没有啊😄,Sexism,15.139628,8.733776,1
7995,初中都没上过的鬼母牛逼吹的倒是不小，是不是现在人类已经无法满足你了？,Sexism,14.773768,8.348187,0
147,坏起来了兄弟们，原来真有荣誉女人,Sexism,18.1108,8.794077,0
565,雇个穷的，得癌症的，去泼她一脸流酸，让她生无所恋,Sexism,15.399177,10.49026,0
4361,长沙法院不是母系社会吗。,Sexism,17.746054,10.97908,2
3182,然而我举报了，竟然说不足于封吧的地步！继续让她们闹吧！到时候都摆烂了，铁拳就知道后悔,Sexism,16.484333,7.976896,1
70,开除女籍，下一位,Sexism,18.072275,9.5147,0
5921,舔狗的自我修养，女拳越是猖獗他们越觉得应该抓紧舔，自己卷自己了属于是,Sexism,13.764238,9.454832,3
3939,只能说，真是有意思，为什么总有普信男颠倒是非,Sexism,15.953338,8.3405905,2
1391,田園女拳和正常女權的區別就在於前者只會在網上噴垃圾話，後者付諸實踐並證明男性能夠做到的事情女性也可以,Sexism,18.245718,10.283499,3
2070,权利地位责任与能力必须匹配，现在女性的生产力以及其占有的生产关系远不及男性，反而追求更大的权利地位，而不想承担责任，,Sexism,17.422325,11.671676,3
6344,寄生虫啥都指望男人也配谈女权和男女平等,Sexism,18.788322,10.297994,2
819,我已经举报加爆杀这母钩了,Sexism,14.317865,7.0367713,1
3492,男性对女性敌意大？微博厕所白叫的吗。除了营销号有几个男的还微博说话。除非什么重大事情的时候才会去微博看看官媒发的东西,Sexism,17.705837,9.918422,3
6452,我要质问造物主，为什么把蝻人设计得这么贱这么恶心，却把女性设计得如此完美？是因为造物主也讨厌蝻人吗？性别歧视，是不对的,Sexism,15.341657,9.459776,3
724,这年头，什么人都能叫直男癌，女拳就是喜欢给人乱贴标签…,Sexism,16.91386,9.384239,3
3865,果然靠近幕刃会变得不幸,Sexism,15.051927,5.8701005,1
944,其实，中华男儿也开始在全世界，娶媳妇了，娶媳妇了,Sexism,15.026789,12.037577,2
3335,选择性忽视男拳可还行,Sexism,17.32037,8.191915,2
239,珍爱生命远离幕刃,Sexism,15.039974,5.9461646,1
1399,女的希望男的什么都顺从自己，又希望男的能让她百依百顺，但又想在百依百顺中让男的顺着自己。就这么矛盾。,Sexism,16.54368,10.822926,3
164,幕刃讲的不是汉语是亩语,Sexism,14.949834,6.0978117,1
352,“不仇女未必能让女拳消失，但是仇女一定不能让女拳消失，甚至会反向壮大女拳”中华大地压迫了女性几千年，也没有出现过女拳这种物种，可见女拳也不是仇女壮大出来的，而是平权放任出来的,Sexism,17.981157,10.137185,3
3054,这娇情的小人，楼主不想理你，删你大号小号的贴是符合规则的，从他以前发贴抱怨求分享的吧友，估计是幼稚小藓女，我看就是巨婴心理，所以他的大号小号连续被拒绝了，明摆的是她的舔狗,Sexism,14.65628,8.746848,3
4703,这女的绝对不无辜！,Sexism,15.687491,10.320362,0
7037,愛死你了妹子，不管對錯，我全都服從你，你叫我往東，絕不去西，不然我就不是個男人,Sexism,16.142748,8.807698,0
6256,还是缺物质的女人太多。,Sexism,16.668911,11.592741,2
2965,这个世界上有的人认为男人离婚了还是抢手货，女人离婚了就掉价,Sexism,16.671438,12.143898,3
4384,谁能证明那个机器的疼痛等级就是生孩子的疼痛等级?没准那机器比生孩子疼十倍百倍呢？让女的上去体验一下，看看她们能挺几分钟，会不会比男的挺的时间长[你懂的]还有不同女人感觉不同，有的睡着觉就把孩子生了下来。,Sexism,17.759237,12.435109,3
1061,这一波是钓了大鱼看看她们自己这些话，直接还给他们不是爆炸?属实是没脑子，应该故意装一波这样才可以继续道德制高点贬低别人呀。,Sexism,16.048054,9.216432,3
981,😆奇趣蛋还是滚来滚去比较好,Sexism,15.946705,7.71195,1
713,男的多事，让这个女的被骗个精光不好吗，惹得一身骚,Sexism,14.775528,10.255083,0
5583,就好比小仙女总觉得自己应该被舔、自信的仙女最美丽，自信的男人普信男。总觉得龟男如果不要自己就再也找不到更好的,Sexism,13.874757,9.221795,3
1482,你是女权吧派过来搞事的吧？作为一个成熟的男人别那么幼稚好吗,Sexism,17.482933,9.633022,3
259,龟仙人只会舔,Sexism,13.744884,8.832359,1
3474,成都吴施蒙事件自己去搜搜，又是新时代女性干的好事?,Sexism,17.448017,11.022383,3
4508,男人冲过来，我一个滑铲从他身下滑过。并用刀子把他肚子划开。内脏掉一地。或者直接原地后仰，把手里的长棍尖头朝上抵住地面，男人飞扑直接落地戳死,Sexism,16.840357,9.051673,1
3573,下次女拳骂你不尊重女性，你就回她，「该尊重的女性我就会尊重」!!,Sexism,17.34627,9.3716135,2
3253,中国传统文化就是婚嫁随男方，女性不属于原生家庭，加上一些重男轻女的传统文化，所以对家族很难有归属感，别怪谁。我对我爸村里整个家族没归属感，对我的姓没归属感，家里一切都是我哥的，我没结婚的时候就不是我家了，回去就是做客，还要自己干活，走礼走最重礼的客人。我妈死了我不能去坟里上坟的。我老家和我老公家相差千里，我也不熟，但是以后会去我老公那边养老，我老家的地房都是我哥的，我在老家没有容身之处。网友会说我这种没有领地意识吗？怪谁呢？,Sexism,16.657003,12.206069,3
6158,喷神，你这是在歧视女性，号不想要了🙂,Sexism,15.591292,9.439453,2
6394,国男和我说话！完了，我不干净了！,Sexism,15.243932,11.092905,1
2852,以后这么跟别人说:讲个笑话，二本女生值100w,Sexism,16.191141,9.728523,0
2562,不过我没想到相亲遇到的那么多都是劣质资源。你也没必要花那么多钱买那帮澜裤裆,Sexism,14.291375,10.964277,3
6711,看到都在喷幕刃我就放心了,Sexism,15.059713,5.9346046,1
1770,杀了这头母狗,Sexism,13.495754,6.7720666,0
888,女人本质更阴脸，男人本质更冲动,Sexism,16.49264,10.869229,2
7358,男人有理想，敢于面对现实，说他不知几斤几两。男人没理想，又说他没有志气，这样的男人没有用。请问女人自己除了子宫，还有什么用啊。,Sexism,17.475645,11.779197,3
1090,厉害了，慕🐶,Sexism,14.418564,7.930927,1
4663,这种龟男是真的可怕，离婚抢不到孩子就净身出户，要是搁了我怎么也要扛到浦乳期过了吧孩子抢过来要是抢不到孩子房车一个我都不会给他，什么狗屁父母逼的，父母叫你去死你是不是也要去死，这样在女方家庭长大的孩子想都能知道在每日挑唆下会对男方有多大的恨意，这男的以后结局就是一个人死在出租屋里了把，奉劝广大龟男多学习女人，遇事多想想自己，不要整天就是为家庭为孩子当一个atm，整天就是大度，好男不和女斗，一位忍让只会让幕刃更加猖獗婚恋市场更加不平衡，有一说一，她男闺蜜这种龟男毫不值得同情，对这种人现在的下场我只会说一句好死,Sexism,15.806849,12.4009285,3
3233,你这是打拳吗？不是，你这是在追求男女平等。,Sexism,18.26636,9.42925,2
4613,不能，想让男人装上子宫，做梦,Sexism,17.734352,12.751163,2
6033,国女来了😆,Sexism,14.859195,11.331401,0
5662,这肥猪幕刃，怎么从屠宰场跑出来了,Sexism,15.089593,5.8843527,1
2287,一群母狗什么事做不出来,Sexism,13.531477,6.7872095,0
3120,朒说明钕人只剩下肉了,Sexism,16.302885,10.87241,1
4991,富人那么舔的么,Sexism,13.498136,9.10507,0
1177,高中沐勾可不少，我学校就有好多,Sexism,16.027523,8.865462,1
3149,四年级的时候我就问过我妈为啥男女平等还会有女士优先这句话出现[表情]四年级的幼年拳皇差点被班主任扼杀在摇篮[表情]不过我挺住了现在依旧站在打拳第一线！,Sexism,17.050758,9.365008,2
2744,可能不过多久，就又会有收小丨唇手术或漂白水漂白肤色之类的产品上市了。女人生意真的好做。,Sexism,15.192613,10.636746,0
4284,这就是蝈籹的丑态,Sexism,14.285957,7.536767,1
842,b站都变味哈样了，女✊一路打到这，看番软件没好番，天天打✊，还有就这种打拳学历能高？太瞧不起博士了吧,Sexism,15.901873,7.342753,1
7051,不奇怪，只有这种人设才配得上国铝，国铝都觉得自己配得上这种人，不上当才怪了,Sexism,13.955993,7.9615197,1
5990,母狗是这样的,Sexism,13.579235,6.7564554,0
2377,国男睡过外国女人不也得意洋洋，国内也有例子。一天到晚日本女人贤惠，印度女人给嫁妆，美国女人随夫姓，穆斯林女人贞洁，俄罗斯乌克兰女人漂亮，非洲女人身材好，论起崇洋媚外男人不比女人差。,Sexism,15.208594,12.132336,3
6871,手机上有豆瓣soul陌陌的必女权，要彩礼还不随嫁妆的必女权，公务员十个有九个女权，没正经工作还喜欢打扮得花里胡哨的十个有二十个女权,Sexism,18.16769,10.477462,3
5182,如果真的是男的，则废物测试没通过,Sexism,15.749431,8.844956,2
7372,女人因为生理因素比男人劣等，什么时候她们才能接受这一点看看残酷的现实吧,Sexism,16.662706,11.516898,2
2356,微博女厕所不是很正常吗,Sexism,16.882408,8.599693,0
4541,小姐姐如果不胖的话还是挺瘦的,Sexism,15.227994,10.112413,0
950,知乎早就失守了，仲裁官几乎被女拳占领了,Sexism,17.900534,9.611211,2
3502,异性恋一样有骗婚，一样有仇女，直男的大男子主义盛行更导致女性地位下降??,Sexism,17.079264,10.20543,3
190,支持支持支持，女拳成了全女社区，更支持,Sexism,17.97205,9.102514,2
4786,小仙女上辈子这么过来的,Sexism,13.440301,10.534042,0
103,女的啊，那没事了,Sexism,15.81314,9.80758,0
6130,打拳的都是底层的蛆罢了，被上面的人当猪宰，还主动替主子说话，但凡有点脑子的根本不会去打拳,Sexism,16.81419,7.5648355,3
975,小红书上面的女的，基本一个比一个丑。全是p图到极致那种。我半眼就知道假。,Sexism,14.874794,9.6966,0
4848,刷个抖音都有傻B女⭕️,Sexism,15.605802,9.218468,0
7336,哪天第三次世界大战，或地球毁灭了，一定是舔狗害的。,Sexism,13.277263,9.069991,0
1119,韩国把全职太太叫妈虫,Sexism,15.36194,10.098075,0
5684,廯籹本来就是和蟑螂一样的生物，不奇怪,Sexism,14.539785,7.617694,1
3546,蛛女是这样的,Sexism,14.183986,6.9352446,0
5553,她们不是单纯，是真的蠢,Sexism,15.52611,10.510634,0
7028,女权=女拳=汉奸反动派=邪教=敌人✌️✌️❤️❤️,Sexism,18.407553,9.711803,2
825,想想北师大的拳师是什么货色，你就知道下一代已经没有免遭女权规训的希望了。,Sexism,18.308697,9.222264,2
1824,感觉这种女人生出的小孩都脏掉了,Sexism,15.403796,10.891548,0
1597,女人那么好，牛顿为啥不娶一个？,Sexism,15.785512,12.1284685,2
118,别说得好像中国男人很负责一样。忽悠自己是最大的傻,Sexism,16.059958,11.270836,3
5702,版本答案籹拳铁拳,Sexism,16.86231,7.358429,1
6028,所以说出轨搞出私生子，抛弃私生子的，叫“道德高尚呗”你们可是吹国男道德品质世界第一呢,Sexism,16.745167,11.343806,3
2343,小仙女捅你是看得起你，你看她不嫁给你，外面多少人排着队求捅呢,Sexism,13.682203,10.1225195,0
5369,微博就是女fen坑，也不用。但是影响力还是有的。,Sexism,17.197279,8.394816,2
5484,春日祭幕刃嗎玩就拉黑，也不知道她幕就是个揉遍器祭♀,Sexism,14.96662,6.9568067,1
6670,谁说只有男的会骗婚的？？,Sexism,15.601531,11.531019,2
4558,杨圣母出来恶心全体男性的时候怎么看不到它站出来,Sexism,18.137527,7.9292583,0
5354,为什么每次出现个厉害点的女的，就会有人说她能秒杀百分之多少多少的男性？那些人就那么喜欢针对男性吗？,Sexism,16.658253,9.97685,2
404,舔狗龟男大多十分固执，不愿醒悟，他们其实没有能力当我们的队友。,Sexism,13.582057,9.062338,1
4421,所以说这年头男的想结婚不是脑子有病就是脑子进水了，有钱干点啥不好，没钱干点啥不行,Sexism,16.408413,12.290905,3
41,这波自杀真亏，为啥没把那个评论区的那几个女权们带走。,Sexism,17.651108,9.90261,2
6132,毕竟喊着普信男的大人教出来的哈哈,Sexism,15.88125,8.275057,1
1468,还有俩男的争一个，当街打架扇嘴巴，当街舔，真恶心,Sexism,16.722282,8.643138,1
613,已经拿普信酒砸陌生女大学生了,Sexism,15.8929,8.412066,0
6254,她们才是普信女,Sexism,15.684635,8.704199,0
1616,人造子宫技术己进入适应阶段，距离社会推广将成现实，一个卵子，繁殖后代，女性的价值将被取代。女性的基本价值将得到贬值。一个没有生育权的女性。不如一个你实体娃娃。,Sexism,17.702703,12.6823015,3
6338,"但是，最重要的一点在于，我国男性不能因为女性的堕落而毁掉五千年的文化。我认为在这一点上，我与大多数男性的想法是相同的。我们态度可以用丘吉尔式的态度来回应她们:You ask ""what is our policy? I will say ""to wage the war ，with all our might and all the strebgth the God can give us,to fight against the enemy",Sexism,17.656767,11.173146,3
4040,你不说了嘛，男人是“娶”，女人是“搞”,Sexism,16.587175,11.015846,3
7080,这是阿娜吗？长得像卖瓜的水果摊老板似的。🔪,Sexism,14.759057,8.434226,1
1931,都说底层男人娶不到处女，为什么现在底层男人都要求另一半是处？,Sexism,15.992026,12.909134,3
1941,最高赞也是一种刻板印象，以偏概全，模仿一下，其实我也可以这么说：男的普遍不爱夸人没有女的那么虚伪,Sexism,16.709188,9.826679,3
790,原来大国气度是接盘😄,Sexism,14.298611,11.0336275,1
327,还什么房子将来孩子结婚用，你孩子结婚起码还得将近20年，也不动脑子想想现在房子的质量20年后女人还能看得上吗纯纯就是一个懦弱又自我感动的大**,Sexism,16.591581,12.734629,3
601,这种龟男必须抵制,Sexism,13.786087,8.862927,1
1286,现在批站拳师确实越来越多了，md昨天看个冷门动漫弹幕里都有拳尸恶心人,Sexism,16.213705,7.310247,1
418,男人不过是最开始的“原型机”，上帝做完男人再做女人，本来想做改进版本，增加怀孕的能力。可惜做女性的时候材料严重不够了，所以女性的体型和脑子才比男人缩水一大截，除了怀孕，没有其他长处。,Sexism,17.738976,12.207369,3
7109,贴吧的审核要是没有慕刃，我把手机吃下去,Sexism,15.425724,7.382593,1
1078,普信女真下头,Sexism,15.778016,8.394003,1
4955,借楼提醒一下男性粉刷墙们。发问题时首先自己立场搞清楚哦，本身就站在男权立场的，是没有资格讨论这些的。包括男性家暴法，毕竟中立男性说了，他们也是男权的受害者，先搞清楚自己的立场再来搞笑。,Sexism,17.384836,10.708809,3
5871,一句“带孩子的女的不叫女孩，就叫女的”给不知道多少小仙女整破防了呢，嘿嘿嘿,Sexism,16.206642,9.632339,3
6547,差评都是女拳反串男的在刷，经典第一句就是“我是男的”,Sexism,16.881018,9.170941,2
6248,这个问题得和社会资源充不充足来配套看，社会资源充足就导致个体女人产生了不需要个体男人的错觉，社会资源不充足（贫困战乱时期）大家都顾着自己呢，谁在乎女人咋样。温饱思淫欲，动保环保女权这类东西的发展，必须建立在一个稳定/处于上升期的社会,Sexism,17.730423,11.626211,3
4962,看到一些男的动不动就：我是男的，不觉得杨笠在侮辱。这些人真是麻木,Sexism,18.311218,8.097358,3
5758,到时候一离婚，债都判给你，钱都判给她,Sexism,16.480623,12.676739,0
337,这个帖子写的是男朋友顺着它不跟它讲道理哄了它，然后它还不允许人家跟别人诉诉苦了，属实培养奴性,Sexism,13.843214,9.308648,0
1825,分娩体验就是女性对男性的道德绑架,Sexism,17.917074,11.675449,2
4033,幕刃已经很可怜了，色情上服务男性，穿暴露会被指点，婚前破了是没贞操，力气小，参政更少，孩子还大部分跟男方姓,Sexism,15.0843525,6.4949474,1
1453,为什么心灵鸡汤总是向着女性说话？,Sexism,16.657404,10.419451,2
3389,我不认为，小仙女，老仙女能做得来，每天不但要搬重，还要晒太阳，对于小仙女来说，工资还不够买防晒霜,Sexism,14.935483,10.904485,0
149,评论区更恶心，女权真是吃人不吐骨头！,Sexism,17.875925,9.478274,2
5997,哈哈哈，小仙女的事要你们管,Sexism,13.460541,10.514194,0
4444,男的不傻！你以为他们是舔，他们其实是故意这样的！有那啥上啊！就只是为了这个罢了！大多数是丑男，缺女人缘！帅的有本事的不需要这样！这是他们唯一获得女性亲睐的机会，能懂了吧！,Sexism,13.798123,9.54229,3
3457,男女都多高？现实里见到的矮丑女生对高个子男人都是无条件倒贴的，无论高个子丑男还是高个子黑人,Sexism,16.450663,9.325535,3
7021,有一个香喷喷的批,Sexism,13.8583765,8.276752,1
5444,拳是起软怕硬,Sexism,16.931158,7.311,1
2180,罪不至此，女人趴在我们身上我们也要可以无规则杀死,Sexism,18.040085,8.780441,0
7475,什么母狗，洗衣机她家的？,Sexism,13.499231,6.7441683,0
3085,亲人们，我发现两个好地方，是反女✊的上佳首选。一个是今日头条，一个是百度app，那里影响力更大,Sexism,17.362623,8.43212,2
6768,很多人都说性别矛盾的本质是阶级矛盾。资本是俗世的王，女权是宗教的王。中世纪国王和教皇究竟谁更厉害？教皇可以加冕国王，国王不能加冕教皇。这就是女权和资本的关系。不是资本利用女权，而是资本家也必须对女权跪伏，否则下场参考俞敏洪。即使你是马云你也是郭楠也得赎罪。比尔盖茨大手一挥十个亿，马云大手一挥一万亿。保护这个性别的权益还是本NATION的最高意志。真不知道郭楠到底哪里错了？为什么另外一个性别那么高贵？虽然我知道换个别的资本家也一样给女权进贡，但是这个人确实不咋地。,Sexism,18.037582,10.808701,3
2066,底层女就算不愿嫁底层男，也嫁不了中层男,Sexism,16.27298,12.064939,2
6364,确实男人结婚离婚都是扒一层皮女人结婚离婚都有钱赚能过得不好吗？拿着男人的钱可不舒服吗,Sexism,16.992195,11.791844,3
1087,你把生活区ban了就不会碰见女👊了,Sexism,15.194344,8.878394,0
7808,飞机大炮你想要也得给你呗，一炮给你轰印度打拳去,Sexism,16.728775,7.6261487,1
5812,惯的，用电炮和飞脚跟女人沟通，你会发现她们变得很讲理,Sexism,16.28856,10.327721,2
6687,非处：老娘补膜+紧缩术+整容，安能辨我是雄雌😆,Sexism,15.74569,13.099669,0
1556,捧杀操作起来比较容易，顺着她说就完事了,Sexism,16.084341,9.664109,0
2439,舔狗也本来不是结婚去的，骗炮的，骗钱的，女拳自己都知道不靠谱,Sexism,13.508438,9.421236,3
4160,少点宏大叙事，国男还是想想怎么让自己不接盘更实际,Sexism,14.54236,11.107106,3
7576,男人都去工地煤矿，太危险了，女人坐办公室,Sexism,17.27139,11.910629,2
3951,80后剩女好气啊,Sexism,16.608654,12.054642,0
3271,好真实呢，第一次的男人得到最大的好处拍拍屁股走了，最后老实人不但要给大量钱，很可能面临离婚分财产扶贫的任务，而且女方lkd，艾疣梅事都可能上门，简直是对勤勤恳恳辛苦工作的老实人最大的恶意，最后可能婚后一地鸡毛还有个泼皮祖宗站在老实人头大拉屎撒尿。,Sexism,15.4465885,12.53525,3
1553,世界第二大经济体的年轻女生就这种素质，太悲哀了。,Sexism,17.80552,10.74354,0
7901,高中都这么多拳师了,Sexism,16.981302,7.2259316,1
3590,那胸不大的女人没有人权？,Sexism,17.949966,10.66433,2
7154,被答主这样的国女喷下线了，,Sexism,15.2901125,10.233881,0
3808,女权得寸进尺了,Sexism,18.7846,9.993658,2
5619,B站女拳，说着说着自己玻璃心把我拉黑了,Sexism,17.372078,8.91904,2
1705,应该要求女的出示处女证,Sexism,15.827004,13.086811,3
6089,妈宝♂不行妈宝♀行,Sexism,13.80964,7.3280325,0
3181,看见杨笠这司马脸就觉得恶心,Sexism,18.29235,8.02049,0
5176,？？电影里不是帅哥？你换成孙笑川的样子女生只会报警，谢谢,Sexism,15.04989,9.761837,0
4805,仙女的盘谁敢接,Sexism,14.117231,10.901629,0
5478,以后拳师让舔狗买车给她们开就行了，货拉拉顺风车什么的一概不接女乘客,Sexism,13.289014,9.794714,0
3661,女生打人的时候，男生不能还手，体育考试要求还比男生少一半,Sexism,17.009125,10.092309,2
1962,吧里不婚不育的女权出来吱一声？,Sexism,18.069149,9.831252,2
2942,女权吧的人看到会不会说:孩子不是你的就不爱我了？渣男!,Sexism,17.697952,9.867354,3
3757,四：被愚弄及不明真相的女拳这类女人其实是最可怜的，没得到利益还被女拳连带受害了。但是她们无辜吗？其实并不无辜，每一个成年人都必须要为自己的行为付出代价。有的责任不是无辜、装可怜就能躲过去的，何况他们每个人都或多或少吃到了女拳带来的带血的红利。目的：无目标，纯粹发泄。,Sexism,17.893057,10.065097,3
3359,人家是真的敢办事儿的，裸体游行、终身不婚、单亲养子。国内的女拳拿啥跟她们比？?,Sexism,18.131454,10.499912,3
1236,有一说一抖友还是能处的很多爆杀畒的都是抖友,Sexism,15.388016,7.55259,1
677,舔狗赶紧去死吧,Sexism,13.1352415,9.001299,0
1311,本来就是宿舍的规定，楠拳自己不遵守，这下北师大已经把2、3楼层设置不可按，2、3楼都没得坐了。,Sexism,16.707422,8.379077,1
4572,二：纯粹女拳这类女拳比上一类更纯粹，上一类主要为了利益服务，这里才是最为纯粹的女拳，也是女拳最为中坚的力量。女人因为生理和心理结构，很容易走极端和情绪化，把自己所受到的不幸归责于他人，特别是年龄大的女拳手，大龄剩女和大龄离婚女性就是女拳最独特的温床，因为这类女性基本翻身无望，但是作为女性她们希望有人比她们过得更惨才能衬托她们不是那么惨，从而得到一点点可怜的慰藉。所以她们不遗余力蛊惑年轻女性走上女拳的道路，用女拳给年轻女性洗脑。这类女拳还喜欢打着名义上为女人争取利益的名头打劫男性，主要是为了争取更大的不对称利益、用争取到的不对称利益蛊惑更多的女性加入女拳壮大团队。殊不知所有的利益都不是凭空生成的，有人受益就有人受损，不对称的利益不能长久，长此以往也容易遭到反噬。但是这类女拳是不会在乎那么多，毕竟有这么多的女人垫背，也值了。目的：安慰自己、发泄自己的不满,Sexism,17.845139,10.339965,3
5538,拳师的台词我都预备好了：歧视，歧视，还是歧视😜,Sexism,17.021772,7.1904206,1
3287,再举个例子吧，一家公司要招50个大货车司机，有60个女的和60个男人应聘。这家公司将能拿出一百个理由，最终全部招了50个男的,Sexism,17.04899,11.258234,2
5139,这就是剩女被剩下来的原因，都去竞争那2%的,Sexism,16.540613,12.075676,3
5075,女人一思考，上帝会发笑，逻辑是所有女人的硬伤,Sexism,16.316914,10.5108385,0
6629,我怀疑你还活在梦里全世界著名的公交车eglkd还以为自己受欢迎有人高价接盘现在是你们想嫁都没愿意娶的,Sexism,14.685626,11.717396,0
1750,和国女半斤八两，我为啥不找一个媚自己的烂裤头？,Sexism,14.663588,11.633416,0
6159,就算她不拿刀你就能打得过180斤起步的母坦克?,Sexism,17.452568,8.441057,1
3785,？？？有人造子宫我家众筹一个孩子就行了，要这种幕刃给我添堵吗？？,Sexism,17.731943,12.804912,0
901,舔狗不得**舔狗不得**,Sexism,13.210749,8.954983,0
4144,字太多不想看我只想说一句女人垃圾,Sexism,15.199375,10.277613,0
4641,因为女人大脑感性部位发达，喜欢引起情感共鸣的，撩动情绪的。而短板是大局观较差，比较好下手，怎么舒服怎么活，开心就好。不管会对人类群体会产生哪些负面。只看见面前的东西，比较好忽悠。,Sexism,16.20778,10.604627,3
3445,反正前妻也再婚了，再生小孩就不会对孩子好了，不如dao了这个老娘们和她父母，一命抵三命值得了，看来是城市人，城市80.90后基本都没兄弟姐妹，然后她家财产都是自己孩子的了，孩子由爷爷奶奶带大，将来也不会对爷爷奶奶无情。,Sexism,16.169207,12.531224,3
6196,男性被害一般上不了微博热搜，女性被害才有更高的流量，媒体热衷于报道。,Sexism,17.462889,10.558585,3
1066,这幕刃就是个xn装s，说的话不明不白，偷换概念，初中没毕业，彩礼就是在物化女性，,Sexism,15.05665,6.617732,3
277,当🐔更赚钱，一次五百，一年365天就是几十万,Sexism,14.741556,10.876252,0
2193,好家伙，你今天敢叫“女人”明天就敢叫“妇女”！你真是好big胆！叫《女王》《小仙女》《新时代独立女性》！,Sexism,15.891435,9.9706,0
5922,反女拳是因为：他们并非善类，绞尽脑汁把广大女性作为工具，来发泄他们对夫权和父权的仇恨。（对女性也没有善意，一旦女性有不同观点不同价值观，也同样会被他们攻击辱骂）,Sexism,18.151964,10.05603,3
4416,女人不懂，还会说不就一个游戏嘛…听到这话就想抽她。,Sexism,15.988028,10.155306,2
834,这是把男人默认摆在强者的位置上，是对女性的歧视，我要求你立刻道歉,Sexism,17.776112,9.412658,2
297,舍得吗，把她v信告诉我，我来治治她,Sexism,16.20913,12.65077,0
5998,是被阿娜夺舍了吗我寻思着就阿娜这个水平应该也学不会盗号啊,Sexism,14.840059,8.130333,1
3411,这我倒没话说，看起来那些双标的男人好多了,Sexism,16.715952,9.473414,2
2318,该🔪的女⭕成事不足败事有余的fw,Sexism,16.04742,9.808425,0
3507,好一个能让郭南自由发言的平台是必要的！,Sexism,15.491861,9.219449,1
1145,可能自己思想太传统吧，实在难以忍受那种矫揉造作娘里娘气的男人,Sexism,15.127014,9.9306345,3
2892,你这和在网上看了点男人家暴出轨新闻就宣称不婚不育保平安的女拳有啥区别😅,Sexism,17.566309,10.767807,3
2190,不，应该说为什么不做子宫摘除手术，这样不是更绝。,Sexism,17.641682,12.806386,0
1220,可算有人发现问题的实质了，我们这些国楠才是真的惨。还好现在我国整体经济实力慢慢上来了，也逐步更开放了，个人再努努力，我相信还是有机会争取到其他选项的。共勉～,Sexism,15.093546,11.789659,3
4693,这里面女⭕️师也不少,Sexism,16.355396,9.553071,0
135,蓝鸟上骚女和菩萨被开除女籍了,Sexism,15.179933,8.908803,0
6245,不然幕刃是怎么诞生的？,Sexism,14.959321,5.866278,1
3151,郭女颜值不高，又不肯去做性价比高的整容，化妆邪术毁皮肤，卸妆如同恐怖片。我是佩服成天郭女推土机为荣的，牙口真好,Sexism,14.765564,9.586403,0
2560,女人越老越贬值，越老越不能生，这是事实吧？有的女权要问了，我为什么非要生孩子，问得好,Sexism,17.597843,12.153913,3
1363,女性在这个世界上除了繁衍能力之外，对文明的推动几乎没有一点贡献，如果男性解决了困扰自身的繁衍能力后，女性会不会沦为交易的货物，或者奴隶呢？本来现在女性的社会地位的提高，就是男性对女性最大的宽容了，如果女性仍旧对现在自身的地位不满，那女性的末日就会很快来到！,Sexism,17.691446,11.744766,3
729,有多少男性因为自己的思维方式，行为方式或者兴趣爱好的不同而被嘲笑辱骂甚至摊上暴力！我斗胆直言，男性是舆论的弱势群体，男性才是被各种事物绑架的奴隶！如果我们的权利在得不到保障，我们何必拼命维护男性的文化约束,Sexism,17.256645,10.469715,3
6755,打弟弟要趁早，这句话不知道是哪个幕刃说出来的,Sexism,15.112084,6.427264,1
48,经常听男的回家跪搓衣板，就说“正常啊，这不挺正常的吗？”，没听说过女的跪，如果跪搓衣板了，就“这是在家暴啊”，以前古代任意朝代都没有这样的哦,Sexism,17.00962,10.274849,3
3058,本来直男也就是个不褒不贬的词汇，在现在女权横行的环境下，变味了，只要不理解，不赞同女性的观点，或是不符合部分女性的价值观，很容易被扣上直男的帽子（往往被歧视为不懂女人，没见过女人的人）这个词现在也变成了带有贬义的嘲讽词汇,Sexism,16.524176,9.36265,3
3724,9.9看畒苟破防超值,Sexism,15.512591,7.910783,1
4389,男人只会和男拳战斗，好男不和女斗。,Sexism,16.97788,10.33997,2
3538,知道nv拳最大的敌人是谁吗？是亲子鉴定，是基因技术，建议打拳的认准敌人。,Sexism,16.88299,8.110317,3
3210,滴滴司机请不要接单身女性的订单！为了自身的安全！,Sexism,13.257769,9.884162,0
791,凭什么男的不生，不公平！,Sexism,17.343327,12.315191,2
7192,什么女厕所,Sexism,16.833553,8.71422,0
4710,自作自受 回来让老实人买单？ 你同情她们 谁特么同情老实人？,Sexism,15.241138,10.826578,0
6260,装成女人来骗那群龟男来舔啊，这就是最简单的方法了,Sexism,13.7708435,8.909729,0
23,你不会是怕将来你妻子告你强奸罪吧！你放心这项罪名很难取证的，女的一告就众叛亲离被人嘲笑，女的还怎么在家里呆下去，还不如直接告离婚,Sexism,16.238369,12.655258,3
7554,祝福这两个人不得好死兄弟们记好了这个慕勾防止接盘,Sexism,14.358397,8.022283,1
5636,好多人说他们女人不能上桌吃饭🤣🤣男的大男子主义严重。😅😅反正都能找出来点黑,Sexism,15.475519,11.983718,3
6384,你厌女，你是天才吗哈哈哈哈哈哈哈哈哈哈哈哈,Sexism,15.561489,9.657528,0
3103,肚子可以饿，下半身不能饿。😓,Sexism,16.355156,11.077066,0
6786,女人经常利用男人的性，把男人死死的拿捏，但是遇到我这个药娘，她们还是蔫了，女人pua男人那套对药娘无效，这又是为什么呢？,Sexism,14.725288,10.1237955,2
3740,重点是又不是她们取得的成就，照她们这么说，男的牛逼的那么多那我也很牛逼，真的是明明那么普通却那么自信，别人努力的成果，她们在这里意淫打拳,Sexism,16.704449,9.972788,3
7026,这个视频里就是一个男的在吃酒席时和另外一个男的起了冲突，周围人在拉架，这个完全不沾边的亩?就拍了下来发空间，不知如何评价,Sexism,16.839922,8.567053,1
3877,而新移民甚至留学生，easyg天下文明，就是为了骗美国国籍的，当然以和白白黑黑一起为荣了。,Sexism,14.989088,12.191095,2
76,说得对，我们没法分辨谁是烂裤裆，那只能摆烂或者先自己变成烂裤裆了😄,Sexism,14.286411,11.451951,1
6425,这种男人可能心不坏，但是实在是很令人讨厌，往往把自己看得很高，虽然普通和自信是两个褒义词，但是这种情况下就变成了贬义，虽然呼吁大多数人都要普通且自信，但是这种男人并不仅仅是自信了，而是骄傲自负，自信过头了，是非常不好的一种行为。,Sexism,15.988409,8.497905,3
1855,资本主义的阴谋，女人购买商品的欲望强，这个社会早就在偏向女性了，我们只是争取我们男性本来该有的地位而已。,Sexism,17.542805,11.58959,2
5861,截图说的确实有道理，商女不知亡国恨，民族复兴，冲锋陷阵，难道靠你们女人嘴皮吗？健壮青年却每年都在减少，说实话，参军人数并不太理想，真以为世界是和平？,Sexism,17.950687,11.101208,3
7549,习惯就好小仙女都这样抬高自己贬低他人,Sexism,13.81112,10.183997,0
4283,异性恋里不也一大堆普信男😅😅😅,Sexism,15.9101095,8.422376,2
6484,这种女的就是以后说儿媳妇的人,Sexism,15.663114,11.261992,0
7572,搞半天，她也是个普通人。结果自己不把自己当人,Sexism,15.408211,10.385006,0
4544,在女权眼中，男人没有存在的必要,Sexism,18.44186,10.617957,2
3735,要换男的，下面就不会这么祥和了，得被骂得满脸血,Sexism,16.273514,10.212501,2
717,一口一个普信男，你是微博里的普信女还是烂裤裆,Sexism,15.869874,8.186669,1
1176,以前男人还留长发，穿裙子……来来来搞起来，男拳师复兴起来,Sexism,16.88507,7.788434,2
7292,便宜好女孩就嗯造??,Sexism,15.932475,9.962545,0
7397,可以考虑去东南亚国家，比如菲律宾 那里的女孩真的没那么多要求,Sexism,15.398225,12.167722,3
5407,杨笠们嘴里的普却信❤️❤️❤️,Sexism,16.235617,8.142531,2
5206,你把舔狗龟男放到这个行列里可还行，自娱自乐真好玩,Sexism,13.729753,8.877849,1
3749,微博发声的最大声是女拳，讲道理女拳如果不是说那些骇人听闻的反人类的言论，而是正能量的讲这么改变，谁喷你可能还成为主流思想呢，毕竟在中国女性在言论上还是受保护的。打嘴炮那些不算呀，如果硬要算那么低端我也没话说。是女性自己不争取正确价值观，让女拳这样妖魔橫行，而女拳要的条件是政府和人类不可能接受的，也就是说不会改变什么，占着位置不做事。,Sexism,18.057213,10.217334,3
3337,感谢lz的社会实验证明小仙女就是想做,Sexism,13.504411,10.386779,0
2997,这么优秀的黑人找个这么丑陋的国女 不信 感觉严重造谣,Sexism,14.85483,12.2892275,0
1409,她不要脸，我们家人还要脸的。她不要回本地生活，我们还要的。,Sexism,15.3701,10.654098,0
2578,跪族篮是很少数,Sexism,16.660286,9.872863,1
7161,不会氙钕怕事情败露自己删了吧,Sexism,15.338838,8.730491,1
6119,既然她们真的想跟男人比拼一番，那就随她们去吧。看来她们真的是以为男人活得很轻松。_x000D_7楼如果你真的变成男人，你就知道做一个无忧无虑的小女人找个男人依靠是一件多么幸福的事了。如果有下辈子我还想做女人呢_x000D_男人征服世界靠的是流血流汗，女人只需要征服男人就可以享受一切成果，多么轻而易举啊_x000D_但是，如果你想做一个爱逃避责任的小男人那自然会比女人还轻松快乐,Sexism,17.21648,10.944367,3
2308,接盘侠太好了，帮我们排雷烂裤裆,Sexism,14.140131,11.103006,1
3352,女生要求高唉?,Sexism,15.351535,11.685809,0
6073,既得利益者可真是笑死我了，得利的也就少数上流社会，底层打工人过得还不如卖啤的女的,Sexism,17.827509,11.057965,0
2264,应该说是，很多男人对供养者有误解。供养者对应的是女人三从四德。只要男人不外边有孩子了，彩旗飘飘都很正常,Sexism,16.7702,11.594735,3
6736,它背后跟畒是一个爹，一家人亲兄弟,Sexism,13.878799,7.132266,1
1235,什么男奴隶,Sexism,16.518173,10.178292,2
652,和杨笠宣扬的正好相反，大部分男性尤其是底层男性非常自卑，这也是舔?的成因。自信的男人只会靠自己的魅力吸引女性，而不会当舔狗,Sexism,14.116993,9.401953,3
2055,还有什么奔现的，基本都是男的舔狗才能找到那的女的，说的自己不是网恋游戏，去区服情缘贴看看，那是多少搞网恋找情缘的,Sexism,13.900079,9.202706,3
1323,那些嚷嚷着女权的，不如你直接来当个男人好了，你当吗,Sexism,17.823185,10.158721,2
641,这能挑起男女矛盾吗？不能啊，所以为什么女拳要冲它？,Sexism,17.849865,9.542619,2
1337,不想一棍子打死车、房、彩礼你们倒是一视同仁啊😆,Sexism,16.638885,12.768292,3
599,出来引战就别怕被骂啊母狗,Sexism,13.656005,6.8941755,0
4945,有过-同居史-的-女孩-能-娶-吗？其中有效名词是同居史、女孩、娶按当前常见价值观，同居史和女孩显然不是不友善，所以不友善的是娶。破案了，不婚保平安,Sexism,15.9363,12.928136,3
4594,慕√口嗨习惯了，都快忘了自己什么pi样了,Sexism,14.54575,8.027224,1
403,我可没认可答主啊，我只是说女👊,Sexism,15.703428,9.994977,0
7441,早该抓了，女拳遭到报应。,Sexism,18.162928,9.0877695,2
2957,不要脸的女人,Sexism,15.383859,10.599635,0
4870,哎?别吵了你们，去做变性手术一切不都OK了，爱当男的当男的去，爱当女的当女的去。当然你也可以选择不男不女，如春哥，他（她）兼具了男人的阳刚和女人阴柔，男权女权都快活，活的多滋润呀。,Sexism,17.287485,10.20024,3
609,只有一部分，知乎这话题底下大部分都是和男生抬杠的，装理中客的。,Sexism,16.945984,9.673781,3
7311,所以问题的本质还是出在肉体伤害可以定罪而精神伤害和冷暴力无法定量和定罪还是那句话，不扯结婚证啥事儿没有，再BB直接赶出门，反正房子都是男方买的,Sexism,16.905388,11.081951,3
930,顶，气抖冷，剁jojo，男人什么时候才能站起来，男权的兄弟们呢，顶起来啊,Sexism,15.779419,7.2403755,1
3118,男的还是女的失业抑郁？男的话太惨了，女的话真是活该,Sexism,17.02326,11.169971,3
3126,这个题主是个反串女，你睁大母眼看看好不,Sexism,15.388338,10.457632,3
4677,姆蛆好不容易才找到的,Sexism,14.518444,7.7101707,1
2361,跟女权废什么话，徒增流量，直接举报啊,Sexism,17.91773,9.694314,2
3895,女人嘛，很宝贵的，以前的社会结构下，男的结不起婚就是不行，就会成为老无所依的老光棍汉，现在农村养老院里住的可不都是老光棍，至于未来是什么样，我不知道，女权们也不知道，但一些人觉得可能和今天一样，所以她们继续自己的战斗，反抗能反抗的，占领能占领的，抛弃一切想抛弃的。,Sexism,17.513382,11.959812,3
4012,男拳和女腿，骚林捂裆功😠,Sexism,17.344383,8.311812,1
2762,现在的女的真可怕。自私恶质，对男人来说就是祸害等级,Sexism,16.044096,11.029863,3
2122,当成女权来侮辱,Sexism,18.590048,9.925483,2
2765,一般这种男的最后都会被绿。,Sexism,14.637342,9.918035,3
5631,为什么这年头大家都默认男性不能为女性发声？,Sexism,17.125448,10.698643,2
1933,这女的啥意思啊是自己烧还是被ai换脸了,Sexism,14.787172,9.584011,0
2817,wb懂的都懂，纯杀软,Sexism,16.553099,7.8146067,1
4749,看她会不会用一些女权最喜欢用的词，下头直男癌之类的,Sexism,16.17244,9.902355,3
1510,现实中没遇到过母狗，这些母狗在现实中太怂了，不然杀几个玩玩,Sexism,13.471173,6.7716455,0
6719,能被这种破戒指骗到的，怕是属于自然淘汰的吧,Sexism,14.368365,9.391028,0
6492,人家写明了妇女，男人还想有权益？,Sexism,17.899456,10.965247,2
1268,国女不也一样xdz、金针菇、茶壶嘴嘛。,Sexism,15.099031,10.589238,0
5658,所以，需要广大男同胞发声，多搜集一下男性遭到家暴的例子，然后大规模宣传，深入人心,Sexism,17.31804,10.713231,2
2183,还是太惯着了，才会给她一种自己是美女的错觉,Sexism,15.156667,10.109958,0
3049,男權社會：會出現很多優待女人的行為，甚至女性特權女權社會：只會一味女性特權，打壓男性,Sexism,18.297329,10.744402,3
1465,有个个张口“普信男”的微博在，小孩怎能不有样学样。,Sexism,15.876302,8.254327,1
802,可能这样还比拳师好看点吧,Sexism,17.055002,7.1892123,1
1224,内卷是有底线的，你本科毕业再怎么卷，即使在家待业也不会去扫大街。那个男的接这盘，一辈子抬不起头。,Sexism,14.530305,11.106944,3
7550,这不慕勾阿娜么,Sexism,14.700708,8.096213,1
776,这种太恶心了，弄不好国内的接盘侠感染艾滋病了，所以对那些来路不明的女的，一定要搞清楚来历啊。,Sexism,15.359334,12.572653,3
1863,别打拳，打什么拳，点踩举报完事。,Sexism,16.702148,7.837462,1
4902,传统以来的观念：男人就该让着女的，她骂你忍着，她打你身受着，男人不能反抗的。不懂有这样观念的社会为什么是父权社会。,Sexism,16.903557,10.609646,3
6172,男权：我们反女拳不是反女性。女权：所有的男人都没一个好东西。,Sexism,18.471874,9.918204,2
6613,去这个索玛女王微博看了一下，全是女拳，大家去看一看，我真叫恶心着了,Sexism,17.68572,9.2648325,3
5964,母人进来啦,Sexism,13.722902,7.14711,0
3959,狗带风向是一回事，女性群体中一部分跟狗走那是另一回事🤔你觉得呢,Sexism,14.243702,9.487845,3
3455,或者说的明白一点，要男人买房买车高额彩礼，就要婚前处女，三从四德。你要结婚前花花，那么结婚也得AA现在的问题是女拳要婚前花花，还得男人买房买车，高额彩礼。男人不同意就舆论打压。不让说话就用脚投票吧，现在结婚率不就是明摆着的么？,Sexism,16.422663,12.89757,3
1869,它和广大女醛全体紫砂估计大伙就能原谅它们了,Sexism,15.332381,9.020865,1
4494,犯罪的小仙女都有病捏,Sexism,13.343884,10.513172,0
5389,现在的男权吧，已越来越不像男权吧了，貌似已逐渐在女性化，被女性占据,Sexism,18.11698,10.080834,2
4195,这事必须闹到外地审判才有可能翻案反正湖女省的司法机关真不好说钕拳之都,Sexism,17.085102,8.79522,1
4994,老乡鸡，只做最纯正的乡批,Sexism,13.979934,8.212926,1
3467,我要是这男的，看见她拍照片就一盆洗脚水泼她脸上了,Sexism,14.925868,9.995261,0
2271,现在的问题是，中国男人要求做供养者，还要作为爱情提供者，这就离谱了，离大谱,Sexism,16.562456,11.592312,2
430,普信奇趣蛋也就能想想了,Sexism,15.951587,7.9649477,1
1524,你圈a准一点，我这差点出南拳了,Sexism,17.19146,7.897584,1
326,人家不就说了个普信男吗，又没扫射全部男性，可就是架不住有些人着急对号入座😄,Sexism,16.125618,8.41913,2
2177,中国男人不配我们中国女人🙂,Sexism,16.020233,11.64862,2
705,多少真实案例，，她们还不吸取教训？她父母也是失职！不好好教育闺女，养个女儿让人玩，让人骗,Sexism,15.668103,12.408552,0
1717,肯定是女滴先打的，弄不好连婆婆都骂了或打了！男人再不打它，如何做人？？？女的肯定骑脖拉屎太过份了,Sexism,16.79198,10.344838,0
4782,不按照母拳预定的轨迹和套路行事，大概率被母拳成为普信,Sexism,16.02454,7.984681,1
5531,哈哈，作者外国男朋友的特征，如果出现在国男身上，就不是优点了，毕竟这些特征那么普通又那么自信。,Sexism,14.920911,11.76639,3
5944,我怀疑你在侮辱窑姐，即使窑姐接了还挣钱的呢，她们白给甚至倒贴🤔,Sexism,14.842804,10.894427,0
5826,关键是这些女的喜欢留学生也就罢了，能从一而终不负初心也是好的，但实际上大部分最后浪完回头找国内的，当初是自由快乐我的身体我做主，后面是严防死守拼命隐瞒感情史，防不胜防啊,Sexism,15.070282,12.283512,3
4932,牛马男人做，上层女人做。然后满嘴都是男权社会。,Sexism,17.930338,10.381175,2
7088,把个人资料公开下以后男性司机全部拉黑她就行了,Sexism,13.280758,9.835058,0
1897,本人男，被女友戴了贞操带，女友不戴。我听说有好几个女的给男友戴贞操带，没听说过男的给女友戴贞操带。,Sexism,16.601501,10.950353,3
2725,"微博女权现实中被曝光已经结婚,有老公在网上发反婚反育忽悠其他女人不要结婚",Sexism,18.10061,11.220436,2
2507,这就是批判婚姻制度的♀⭕️,Sexism,16.84353,12.241276,2
5375,凭那句你您不好看，女拳就已经炸了，直接拿出包里的刀开始暴金币了,Sexism,17.139011,9.023417,2
3385,小仙女根本不怕你们躺平而是外娶,Sexism,13.477937,10.452239,0
5981,所谓“男人比较邋遢，女人爱干净”的刻板印象是咋出来的,Sexism,16.474457,11.132706,2
3942,幕刃瘠薄又逮着“理”了,Sexism,14.945147,5.817662,1
6480,说实话，网上挑起性别对立的基本都是猪精，正常人都忙着生活忙着工作以及同闺蜜逛街这些不比打拳有意思，这些人怕不是被同性异性都孤立的存在,Sexism,17.2856,9.757657,3
350,幕刃应该把他自己和女性割裂开,Sexism,14.96628,6.1770587,2
3205,我一直厌女但这样的话太直接了只要表现出自己一点厌女就会被女的集火攻击不管上到40多还是下到13~4的那种逮着你就咬一点人简乐趣都体验不到后来我就隐藏了起来比如搞妞妹儿的时候我什么也不表现后来我就又成了她们嘴里的老（渣）鼠（男）人呜呜呜呜呜,Sexism,15.972212,9.424248,3
2907,母朱的兄长似乎出现了,Sexism,13.805116,7.083544,1
1571,这个仙女其实就是女权定义里的女强人,Sexism,13.856134,10.4400215,0
1437,行行行，女的都是八婆，男的从不八卦，男的看娱乐新闻都会立刻去世，不死就是没有男子气概😄普信男值得骄傲，值得赞扬，您满意了吗😄,Sexism,16.107973,8.631101,3
1724,女权发展一百多年，也变味了(悲),Sexism,18.771006,10.133608,2
7598,拿就业来说吧~企业或公司，肯定只能追求利润。因为那样才能生存下去~这类规定实际上只能起反作用，让用人单位更加千方百计地不接收女的,Sexism,17.419739,11.562148,3
547,直接不接女单就好了，吊事那么多,Sexism,15.299502,9.174874,0
2839,我看各种车祸事件也怕肇事车主是女司机，不然也是群嘲，异曲同工啊😅,Sexism,16.812437,9.918691,2
2823,这酒十分地珍贵，应该让小仙女先喝。,Sexism,13.687855,10.376044,0
226,这关普信男什么事呢？,Sexism,15.965664,8.299968,2
2145,中国男权一盘散沙，现实都是各舔各的，只会在网络上口嗨,Sexism,16.563162,11.184329,3
3886,这个吧被女⭕️审核24小时看着呢，大伙散了吧！,Sexism,15.602209,7.9435587,0
6756,女生本来就比男的懒这是常识好吧,Sexism,16.560484,11.184969,0
3015,舔狗不得**,Sexism,13.176029,8.90781,0
5200,女生跑大城市的才多把，男生要考虑房子车子（车牌车位），学区房一堆东西。女生靠比入住就行了,Sexism,15.3284855,12.027008,3
2486,为什么一定要找国内躺平键盘男，靠女孩子养吗？,Sexism,15.495698,11.889296,3
2336,在王者开个变声器打打辅助取个软甜仙女名，舔狗和米分分钟来，数麻了,Sexism,13.987158,9.0887785,0
1147,聪明的已经留种跑路了。而愚笨的还在接盘养别人的孩。,Sexism,14.8387575,11.534579,3
885,那些人利女病发作呗,Sexism,15.564902,9.740507,2
5012,"宁可认滤了几代的旧宫家养子,也不认可血统纯正的女性为皇族继承人",Sexism,16.309696,10.039483,0
6173,无意刷到个视频，视频中女方找男方要彩礼，男方认为有些多，女方就说自己出彩礼，但有要求男方什么都要听自己的，我就在下面评论女方给彩礼向男方提要求，那男方给彩礼是不是也可以提要求？结果没想到回复那么多，大多数讨论还是平和的，只有下图这个小仙女，我就回复她女性嫁给普通人就是吃亏，那就放开一夫多妻，让有钱人多娶，让女性嫁人不吃亏。我为女性考虑，结果还是被骂。我也没有说要废除彩礼，也没有说彩礼要少些，支持婚姻自由，过不下去那就离，男人真是太难了,Sexism,16.831882,12.527764,3
1895,可别了，正常女的也会恶心女👊的，起码我身边受过高等教育的女性都觉得女👊傻逼,Sexism,15.625804,9.418728,3
6733,还有百度，男女3:7，女拳特别多,Sexism,17.443579,8.461565,2
269,国际母猪与龟奴公猪跪舔入寝者,Sexism,13.601642,7.3386626,1
4719,没有任何一个舔狗值得可怜,Sexism,13.179223,9.1464,0
756,生为国南，我很抱歉😑,Sexism,15.123541,10.900316,1
2378,管她们呢，让她们和劫匪一起死不好吗？,Sexism,15.87097,10.898852,0
1351,你以为国女她们不知道这些吗？,Sexism,15.0861435,11.315961,2
1520,中国男性就是被五千年的文化糟粕绊住了手脚。你看女拳一点儿传统不讲。凭啥男人还要跟她们讲传统？负责任？养家？彩礼？不，这一点儿都不国际化。😆,Sexism,17.37523,11.331155,3
1679,生而为蝻，我很抱歉这种牧人代表十成是觉得仙女们要彩礼要车要房不愿生孩子还动不动生孩子警告跟你争冠性权的行为很合理吧？？？？？？？？？劳资改个屁的择偶观,Sexism,17.835707,11.353096,3
580,给大伙辟辟，也许有些人的女神背后就是这种模样,Sexism,15.181788,9.964438,0
3830,我空间加了一个号以为是发搞笑说说的结果天天打钕拳我直接把她删了,Sexism,16.654665,7.8420377,1
5954,彩礼？屁礼！大清亡了，还搁这儿彩礼呢，结婚，爱情不是交易，不是买卖，也就明码标价的买卖，还不是真买到手。,Sexism,16.733885,12.614458,3
4221,来不及了，女拳小队轨道空投仓先来一波,Sexism,17.911974,8.630746,1
6359,婚姻是女人的必需品。男人可以一辈子不结婚，女人不能！现实中无数的男人却比女人还积极，为了娶妻生子不惜掏空家底当舔狗，真是无语。,Sexism,16.865799,12.295807,3
4471,接受她，只要她别嫁给我们中国男人🐶,Sexism,15.6231,11.193905,0
766,这烂B在古代会被凌迟处死,Sexism,15.332695,8.086141,1
3080,不尊重女性？它们值得尊敬？中国女人的名声在国际上都烂透了，老外们流传着这样一句话“想玩女人，去中国”只要你不是亚洲脸，它们都爱你。,Sexism,16.126842,11.494637,3
5870,看了几天微博我总结到一个规律：只要是离婚的，男性都是罪大恶极的，女性都是无辜的。,Sexism,16.920235,11.356378,3
129,最离谱的是冒着风险跟他媳妇儿pp还生孩子了他是什么nt这跟医院检查有什么关系他在不确定风险的情况下跟媳妇儿pp不就是对他媳妇儿的不尊重吗也没给他媳妇儿当个人啊他媳妇儿不过是个繁衍工具罢了吧不先想想能不能对得起媳妇儿紧着转移话题赶紧离了得了,Sexism,15.837312,12.434116,3
5650,小仙女得从小培养,Sexism,13.559508,10.528715,0
6097,母狗冲进来啦,Sexism,13.53608,6.7866883,0
105,这女的也太肤浅了,Sexism,15.441116,10.485622,0
6657,我敢说楼主是光说不做，因为别说去“关爱”女性了，光靠近都常常被当做骚扰。楼主现在还没呗投诉骚扰或者挂墙上，说明它根本就没做到“关爱”女性,Sexism,16.754953,9.055163,3
4132,批价都是舔狗舔上去的,Sexism,13.426135,8.929802,1
3090,普信幕刃罢了,Sexism,15.012966,5.8560977,1
27,楼主啊！我记得这是某位普信女写的关于男性的条件吧，改的好，还有，您的帖子里面有条目🐶，赶紧置顶羞辱,Sexism,16.17799,8.659211,3
7625,好家伙，整活老哥把女拳的活性转然后买抖+推给女拳粉丝炸鱼,Sexism,17.276255,8.962052,1
4154,可否封了这个索玛女王并立案调查？,Sexism,17.929274,9.307035,0
4368,这幕刃真的是欠剐,Sexism,15.124297,5.8580294,1
1911,说的对，普信男都是这样低下,Sexism,15.944084,8.4518175,2
753,现实就骂丑逼了，幕刃在打拳方面是比男人团结的，中国龟男舔狗太多了，她们一到能和男人吵吵的环节就会无比团结，其实到了微博里就是饭圈撕逼最狠的一群人了,Sexism,15.208816,6.8407774,1
2192,哭她娘滴个鄙！宁可留下猫，把这小表砸一刀一刀宰了,Sexism,14.701212,7.09565,1
6298,吧友们帮我骂个慕女狗，打女拳的狗男硬是想被幕刃当狗玩，真丢脸,Sexism,14.858637,7.026597,1
3503,为什么，女生总把问题归为男生呢1.当你不爱说话的时候，说你不理她。2.当你提出相反观点时，她又不乐意。3.当你提出问题时，她又嫌弃你不懂(=_=)。总结，跟女人打交道真难，人不能不理，话不能不轻，还不能提问,Sexism,16.518312,10.61306,3
3861,换成男性起码判四年,Sexism,17.286646,10.737747,2
7059,学伴难道不是慰安妇吗,Sexism,18.371927,10.951672,0
3203,舔狗让他死就行了，杀鸡儆猴么，一个舔狗不死，其他舔狗怎么觉醒？,Sexism,13.218016,9.017446,0
6302,个人认为可以用歪女这个词来指那些多疑、热衷于勾心斗角的女的，虽然在我们传统文化的词汇里面有类似的词语或句子，比如说三个nr一台戏，但是个人认为应该造一个词来反击拳虱的诬蔑,Sexism,16.7995,9.398931,2
5884,我被楼里那个，被我疑问句问破防的大男权主义分子拉黑了。所以我建个新楼回复在那个楼回复我的人。,Sexism,17.108547,9.45097,2
1764,和平精英的网络公主也没这么女拳啊，鸡疯子还是比农批高一等级的,Sexism,17.255825,8.822093,0
1158,女拳真是典中典?,Sexism,18.061066,8.979321,2
1062,花钱去讨好一个依附你的吸血虫？,Sexism,14.177166,10.05794,0
4584,这种男的就活该被戴绿帽,Sexism,14.336198,9.458171,0
525,豆瓣，男女势力基本是1：99。除了看剧外我基本不用。就感情小组就很多，那些女的不管真假就一个事B，你就算中立也会被秒删。而且豆瓣小组是可以报团的。这点知乎和抖音虽然表面上男性占优，但是不方便报团，威力还是不如豆瓣,Sexism,17.389559,8.45948,3
2968,畒是这样的,Sexism,13.945027,7.6179132,1
3600,因为不是蝻人拍的，拳尸选择性忽略,Sexism,17.059366,7.5222244,1
4699,某些评论是被戳到g点了吧,Sexism,16.527382,8.900313,1
7152,这仗已经输掉，男的全成舔狗。何时打个翻身仗啊？,Sexism,13.391622,9.362611,0
1656,我们公司老总找了一个克罗地亚的，男33，女24，婚前体检是处女，亲子鉴定毫无不满。那容貌秒杀95%以上国女。一口气生了三个孩子，亲妈照顾。除了需要天天洗澡避免体味以外，你以为有多少郭女比得上？,Sexism,15.194165,12.154001,3
715,B站绝对下一个微博。女的势力绝对有8成左右,Sexism,17.31294,8.387159,2
4889,不是一个物种，毛主席时代和改革开放年代的女人跟现在的女人是两个物种，讨论归讨论，难道我也要带上你的父母回复你，你很开心？,Sexism,15.931834,10.598928,3
1986,真的一上知乎全都是骂的，从女权骂到了女性，然而在现实生活中根本见不着，是我层次太低？,Sexism,17.481693,10.00093,3
5622,普信男：都怪老师太漂亮穿的裙子太短！,Sexism,15.912973,8.223998,1
1141,男明星是哪种群体的追捧对象你自己不清楚吗？到底该怪谁？,Sexism,15.216523,9.6796255,3
1599,中国男性配不上中国女性,Sexism,16.123787,11.715187,2
7047,举报和点踩，这个人就是吃女拳这碗饭的，建议每个视频都这样骂只会给他流量,Sexism,17.216696,9.025673,3
5269,妇联不管？也确实，妇联不管男性儿童被性侵的案子，也不管男性被家暴的案子。你们就是一群分裂势力，别把自己抬的太高。,Sexism,17.609241,10.506992,3
3401,我批评坐地上看戏的，她就阴阳怪气了,Sexism,15.551431,10.24085,0
4276,这也造成女性权益运动更为世人所同情，而男性权益则被嗤之以鼻。因此，他们认为：即使是在男性掌控社会地位和权力的社会，仍然在运行女本位主义，以不断牺牲男子利益的方式来保全女性。,Sexism,18.339104,10.747112,3
4443,针对女拳而已，😆应该还有些好点的女人,Sexism,16.45647,9.88364,2
1934,多数女的，所以，维小人与女子不可教，古人早料到,Sexism,16.316456,9.932377,2
6585,13襄金边了是吧？,Sexism,14.795112,9.008199,1
2450,人造子宫出来了要她们何用,Sexism,17.748997,12.805887,0
4232,房子和车不是钱？彩礼现在10万都是少的了，30万也不新鲜。,Sexism,16.667559,12.701835,3
5420,反过来，女性提高家庭地位的方法：工资上缴,Sexism,17.241297,11.777999,2
6649,国男知道了，哪怕结婚了你还会被甩😄,Sexism,15.50518,11.473511,0
7202,这就是典型的国籹罢了,Sexism,13.961521,7.768366,1
5273,楼主别理会亩刃,Sexism,14.941493,6.9425473,1
3086,别这么感性，男人都这么没逻辑性吗？这个真辟谣了。,Sexism,16.243544,9.00053,2
5081,这个母🐶没了男的也买不起车啊有个批没了男的也没地方卖啊,Sexism,15.151185,8.396333,0
1031,什么硅南，能不能死一死？,Sexism,17.12562,7.988441,1
2134,去B站看看，小仙女诬陷好人猥亵，黑框眼镜小仙男替小仙女出头，远离诬女，今日朱军，明日诸君,Sexism,16.913431,8.88395,0
6431,武侠火那时候全是龟男道德观，自然衍生出这种作品,Sexism,14.739744,9.220215,1
6333,女的都这种玩意儿真以为男的想结婚？当然，舔狗不算人,Sexism,13.610021,9.387141,0
6230,大家可以多混混黑界和喷系，学学滚刀词汇，练练打字速度。也最好多了解学习一下语言学，逻辑学，辩论学，这些可以帮助大家出征仇男雌教魔怔教徒更添一笔整体战斗力和攻击值！,Sexism,16.964615,9.10655,1
3286,上面什么时候宣传过这个风气？一直宣传的是女强人，妇女能顶半边天的正常女权，每年评感动人物的也都是无私奉献，舍小我成大家的雷锋精神，什么时候怕老婆成为'上面'鼓吹的精神了？若上面真是用这种方式刺激消费，那锤子镰刀还是尽早换了吧。一直是所谓的'民族资本家'为了利益，鼓吹这种风气来刺激女性消费市场的。这些'资本家'能代表上面？他能高我们一等？,Sexism,17.587833,11.525854,3
2211,支持憨色正义破女权防,Sexism,17.87297,8.897249,2
1287,现在有些女O确实有点过份,Sexism,15.941045,9.972855,2
359,这幕刃直接经典我一男的,Sexism,15.048583,5.9293895,1
2510,男人荷尔蒙比女人高，所以发生这种案件时常会有的,Sexism,15.175526,10.386818,3
3699,一群站街女！看来可以说是免费鸡院,Sexism,17.714102,8.4833975,0
4779,以后出门逛街遇到这种满脸都是妆的我大家伙得离远点，不知道卸完妆是什么贵物,Sexism,14.73913,9.724429,0
3416,就这母猪****，老子真想一拳把她这张烂坯脸打成稀泥,Sexism,13.709894,7.106664,1
2915,毕竟人家是高贵的异性恋男性呢😆想什么都是对的，一个个都能自己做大科学家，能自己给txl群体下定义呢😆一个个都是大哲学家，贯彻了形而上的思想方法，将以少见多的理念发挥得淋漓尽致呢😆,Sexism,16.526266,9.212868,3
1884,国男只能通过婚姻获得性？？？？我是不是听错了？你骗骗国外无知少女还可以，用来骗国女，合适么？,Sexism,15.595178,11.749791,3
1719,中国男人死光了🤣🤣,Sexism,16.06834,11.579434,2
1199,那些亩狗，纯纯畜生，这个词作为PUA男性的东西，解释权只能在小仙女手上。,Sexism,14.018377,9.469558,2
7599,我也是给国男提建议 提升自己的素质不要不尊重女性 每个人都有自己的选择 无论合不合你的心意 不要给中国女孩儿按头eg了,Sexism,15.097373,11.788409,3
85,它们只会骂中国男性，🐑跌跪舔还来不及呢,Sexism,16.085829,11.462709,2
1111,这年头某些烂裤裆都这么明目张胆了？,Sexism,14.253536,11.362312,1
794,果子狸前几年很嚣张举报都没用。现在微博好像看不到了。,Sexism,16.790743,8.186927,1
2289,性本身就是有自主权的啊，这个不分男女，很多男的天天yy女的怎么怎么yindang，其实基本上是自己自作多情罢了，或者说一厢情愿。无性恋比例百分之2，即使是直人，性也和激素有很大关系，雌性激素越多（越有女人特征的）性欲越低，雄性激素才是掌管性欲的东西。况且女人也是人，除了性还有别的追求好吧？,Sexism,16.77498,11.39728,3
6146,喷吧普遍男性反串带节奏，故意说一些反动的话让更多不知情的男生变成所谓男拳来无差别攻击全体女性,Sexism,17.361221,9.421827,2
1920,是啊，为啥歪过男性可以团结起来格了正服还有各种干什么，过男不行，基因不行，所以说过男都是下头男！,Sexism,16.338741,8.402529,2
5991,别惯着她，不然以后有你难受的,Sexism,16.399397,12.490722,0
664,母√是这样的,Sexism,13.802924,7.166895,1
3923,我是想说那他们提出的人造子宫不能解决因为需要子宫而不得不听女人的话的问题吗,Sexism,17.709732,12.770703,2
3868,男性需要思想解放，钱都给女的了，她们还不满足。,Sexism,17.102709,11.578448,2
4117,女人的属性 生理特征就决定了女人不可能有所谓爱国情怀，有这种情感的女人早就在战乱年代被淘汰灭绝了，我不是针对哪一个女人，只是女人这个物种就是这样的,Sexism,15.966681,10.867235,3
1043,为什么国男喜欢跟饭圈一块玩,Sexism,14.973268,9.731115,2
3269,那不是老实人，那是愚蠢,Sexism,15.5562105,10.424376,2
5245,这籹的打个手游还打出优越了,Sexism,15.3778,7.5740266,1
6689,钕人是地雷是吧全身都是雷区要狠狠的打,Sexism,15.393969,7.4334073,1
257,拳师正在反思中……,Sexism,17.056171,7.258939,1
2947,创新性慰安妇,Sexism,18.387175,10.905599,0
3394,这下姆蛆help姆蛆了,Sexism,14.500117,7.6399026,1
5233,哈哈哈杨笠就是个丑女拳,Sexism,18.28469,8.024822,2
5864,所以对立场偏向母畜方的小作文，我现在是一概不信?,Sexism,15.491641,8.62736,2
1218,对女性共情就是一种错误，真正的平等是不能够共情的,Sexism,17.508568,10.508121,2
4679,舔狗基数太多了什么时候舔狗没了才会改变局势,Sexism,13.225344,9.127747,0
7426,真羡慕你们这些还对母拳抱希望的人,Sexism,16.152094,7.8357563,1
3437,千万不要找大龄，尤其是从大城市回来的大龄剩女,Sexism,16.288181,12.349214,3
910,女拳急了，他急了他急了,Sexism,17.989193,8.84702,2
1458,孩子本来就是她老了以后的保障，问问她为什么还要和男人要保障，这种两头抓不可取啊,Sexism,16.556005,12.696648,3
2905,“每个节日都会有精心准备的小礼物，有各种小贺卡和手工艺品”花这么点就有个两年的伴侣，这待遇郭楠可以有吗？,Sexism,14.5044365,10.296938,0
2893,有几个女的跑网约车？都是男人在跑，他们还得顾家赚钱，哪像这种幕刃除了比必啥都不会？,Sexism,13.2901125,9.813548,0
1044,女拳是伞兵，不是说女性是伞兵。虽然很多时候区分不出来吧。,Sexism,18.368198,9.63529,2
5024,我二弟又被屏蔽了，你去别的地方发，这里的AI可是芭芭拉小魔仙的存在,Sexism,14.717373,8.690291,1
5466,上个帖子被贴吧破防的幕刃举报没了，后面我看重新申请回来,Sexism,15.687304,7.5073276,1
6438,这里说没啥用，重口味的女人不会出现在这里,Sexism,15.7930355,10.487836,0
6310,差不多，小学的时候班主任也是打拳的，男的打女的抄课文，女的打男的p事没有，结果最后一个学期快结束了全班男生起义,Sexism,16.930027,8.0332,2
2170,你歧视男的，打女拳？就你们女的能扭？,Sexism,17.745834,9.243659,2
4610,我一直觉得，绿帽宝要是能做出来，市值肯定超过阿里,Sexism,14.473806,9.569552,0
2865,跟无限索取，整天无下限PUA男人的黑洞确实幼稚。为啥男人不会跟大部分女人样去无下限PUA女人呢？,Sexism,14.581134,9.1911335,2
7128,生了再给。怀孕给一半。,Sexism,16.629908,12.824832,0
1126,女人为什么以为自己值得男人为她花两万？重点是要让女人意识到这点,Sexism,14.641459,10.621682,0
1118,从某种意义上来讲，在座各位都要感谢杨笠，她把大部分小仙女心声说了出来,Sexism,18.331995,8.070208,3
3876,找鸡还是太亏了,Sexism,14.09061,8.240118,1
1099,劣信幕刃真下头,Sexism,15.093872,5.8464494,1
3129,是的，要西方的开放独立权利，不要西方的责任均摊。要古代的卖人?，还要人身自由独立。我也发了个差不多的帖子，不过我没有考虑到她们还想要西方权利。结婚是真不想结。,Sexism,17.780703,11.559723,3
3414,这男的的确是个情商很高的人而且很有责任担当但是根据这个女人的描述她自己就是个five自己的事情自己没法负责行动能力和婴儿一般据她描述她父亲已经很注意教育她自己的事自己解决了结果被她认为是冷漠如果她已经成年了还这么蠢那真是太好了！,Sexism,15.606985,12.251372,3
3920,害，事实就要正视。中国女权还在2017年被中国妇联判定为分裂势力呢。你们该打的拳还是照打不误啊。😆,Sexism,18.443104,9.693628,2
203,因为电脑不会生孩子警告，也不会要这要那还说你坏话,Sexism,17.84818,12.118643,0
1806,你们以一个小群体的行为，来攻击全国女性，就站得住脚了？,Sexism,17.981298,9.390603,2
358,真没必要这样说她们，等下你违背妇女意愿了,Sexism,16.536663,10.857285,2
1625,女权不是指女性权益吗？怎么还蹬鼻子上脸了？,Sexism,18.347136,10.120587,2
2572,加速是好事，而且别人本来就没打算征求你的意见。把女的捧得越高越好，特权群体越是会被讨厌，舔狗那么多还没清醒过来呢。,Sexism,17.50584,10.965445,3
4954,“你竟然和女孩子计较，你还是不是男人”,Sexism,16.657015,9.980008,2
6619,知乎官方本来就偏向女拳立场，知乎现在的舆论形势是用户包围官方。,Sexism,17.838518,9.8045845,3
5982,下半身动物的帽子早就从男人身上剥离了，这句话其实是用来形容女人的，只是被女权利用栽赃给扣在了男人身上，男人出轨天天的性那都是假象，女人嫌男人不行，天天抱怨没有性生活这才是真相,Sexism,16.367493,10.990126,3
2024,幕刃罢了，你不娶，我不娶，连20块钱都不值,Sexism,15.043703,6.3723884,1
5674,永远都对泛交女性说No,Sexism,16.250082,10.332593,2
1710,我建议你换回之前七尺大儒的那个号，那个号都已经有那么多粉丝了。好好经营能赚不少钱呢。还有建议和隔壁阿娜联动一下，我看评论区都在骂你。有个阿娜帮你分担战斗力，应该能轻松不少。这叫梦幻联动，那我直接给你打钱,Sexism,14.694547,8.724658,1
1881,女拳都是自私的逐利者。她们为了获取利益，打起拳来可以无视性别。,Sexism,18.25838,9.427936,2
1665,是的，现实里，男生遇到渣男排挤有限，女生是真的排挤渣女。网络上，男人对渣男渣女都骂，部分女性为渣女洗涤。很多男性眼里的女性就是那些女拳。,Sexism,17.53528,10.020238,3
2231,是的，二鬼子征的女大学生慰安妇。牺牲一代妇女，振兴?,Sexism,18.263058,10.976973,2
4008,女子被骗5万，还坚称骗子是“富二代”，男接盘侠报警，竟还自愿为其筹5万。,Sexism,14.177678,11.004271,0
5,事实就是这样，很多女人天天被家暴，被揍得鼻青脸肿什么似的，到处抱怨自己的不幸，但就是不离婚，反过来被男的捧在手心娇着惯着的每天就各种不满说男的不好动不动闹离婚还对男的上演家庭暴力。这就是?,Sexism,16.949886,11.013127,3
5778,这个吧里的臭亩钩聚一起能凑出个完整的月莫吗？,Sexism,15.335054,7.7854004,1
451,他们就是这样，一脸饥渴样，完全想不明白有的女人能接受，我不说别的，不嫌弃丑吗？,Sexism,14.946341,10.142598,2
1160,为什么不找外星优质男人呢，人家有太空战舰呢,Sexism,15.548828,12.178902,3
5197,说白了就是一群男的，事业上失败，生活上受了打击，本来智商就不高，又普信，找不到女朋友就开始仇视女性,Sexism,17.23374,10.028477,3
5300,体制内的打拳的最多了，优越感很多很强的,Sexism,16.943598,7.986765,3
7369,但是国女愿意倒贴钱找外国男人🐶,Sexism,14.871815,11.877471,2
2179,这是好事啊，女人破事多企业不敢要，就只能提供男员工地位婚姻女人便宜多，男人就同居呗怕什么？,Sexism,17.184446,11.982227,3
4346,有的女的真的是嘴贱，随时随地张口就对男性下定义，女性凝视和偏见，普信女真下头。,Sexism,16.534,9.876987,2
879,一般女的都嫉妒好看的，所以把“白幼瘦”归为畸形审美?,Sexism,15.083238,10.169274,2
445,女主向下兼容，舔舔犬男来收拾,Sexism,13.154282,8.852132,0
7186,还不赶紧给小仙女跪下？想被刀了爆1500金币？,Sexism,13.596464,10.316397,0
4309,氙钕是这样的了,Sexism,13.897195,7.6719723,1
4319,母，芶，学校出来的能是什么好东西，进哪个单位都是祸害。,Sexism,16.302673,9.2609005,0
6635,本来就不是靠舔就能得来的，舔狗全都是那些对女性不了解，把女生想的很美好的沙卵。实际上大家都是第一次当人，谁也不比谁高贵，上来就把自己放在低人一等的地位上拼命舔，正常人都看不起这种人，更别说喜欢了。人们喜欢狗是因为狗可以当宠物，但不会把狗放在和人一样的地位去看待，更不会和狗交往,Sexism,13.720046,9.405637,3
5893,确实现在的拳师天生就是坏种它们贪婪傲慢懒惰暴食淫欲嫉妒暴怒七宗罪它们全部都犯了它们欲壑难填利令智昏是畜生不如的东西,Sexism,16.83523,7.369213,1
4189,😓早就听闻不少男的假冒女拳败坏我国大部分女性形象，今日一见，果真如此,Sexism,18.186266,9.078378,2
1449,大部分是腐女,Sexism,15.900099,9.020043,2
4190,顶，去提意见，我已提过，不能让女权占先手,Sexism,17.806988,9.801725,2
3937,妈宝女:我妈说彩礼三十万,Sexism,15.993929,11.325976,0
2804,做什么大冤种哦，人家小仙女领情吗,Sexism,13.42764,10.357517,0
5205,至于普信男，呵呵那些金针菇除了抱团取暖就没有别的本事。游艇？你让普信男变魔术还是变魔法呀,Sexism,15.858453,8.067097,1
3324,远离男人，拒绝婚姻，从你我做起,Sexism,16.23468,11.373575,2
2261,韦春芳是怎么做到怀孕了还不丢工作的？不会被老鸨强制打胎然后卖掉？,Sexism,15.291394,10.851645,0
647,而且数据显示女性外嫁的对象绝大部分全是发达国家，而男性外娶的对象才是以发展中国家为主，乎男颠倒黑白真的有一手,Sexism,15.199198,12.250604,3
5527,普信女和拳畜是最下头的低等动物。,Sexism,15.5261,8.975194,2
7349,"当然不用管别人痛不痛了，又不是你生。你只用管好自己的利益。要是真有那么痛，你也不会承认。PS,痛都是自己要生孩子找的，倒也不能怪别人。现在可以打麻药但有些人觉得可能对孩子不好所以就是不让打。科学认知能力太差。话是有人生产很顺利痛得短也有死于生育的女人。这世界谁需要比较呢。谁又需要共情呢。反正下次她们看到你痛苦的时候也会照你这样子说：我觉得你肯定不怎么痛都是装的。",Sexism,17.74071,12.363702,3
3047,男权吧言论自由，女权吧有点太极端了，只要有一点倾向就会被秒删,Sexism,18.115181,9.925693,3
5475,现在的母人一个一个有几个人会做饭的呵呵,Sexism,15.942892,11.736606,0
6071,国铝都有这样光明的未来,Sexism,13.799956,7.7506895,1
4933,为什么不能告她性骚扰,Sexism,16.743223,9.400635,0
1590,舔豿太多了,Sexism,13.68806,8.394738,1
2897,按女拳的自己不讲理的逻辑。杀人犯都是女人生的呢，所以归根结底还是女人该死,Sexism,17.70213,10.112396,3
5323,女权主义者永远不会忏悔，他们往往会在一段时间后后把自己伪装成正常人的样子，用被蛊惑来为自己开脱，然后觉得心安理得，但他们连道歉都没有过,Sexism,18.234104,10.446978,3
2519,女人是真的没脑子，无法交流。跟她说全程录像，这女人居然把重点放在无理取闹上,Sexism,15.367762,10.44362,0
3230,赞同你的观点，男性不团结，四处都能看到雄竞现象，是我最不希望的，我主张韩国极端男权的5b4t以及boy help boy,Sexism,17.303253,10.45924,3
7513,当婊子还想立牌坊,Sexism,14.917184,9.527089,0
516,国女傻子太多,Sexism,15.094266,11.156283,0
416,女性的生育价值，我们不需要了，她们还能提什么女权？,Sexism,17.86089,11.789213,2
1557,小仙女不高兴了,Sexism,13.42598,10.469765,0
1861,反女拳就要从你这种男人开始！,Sexism,17.74273,9.178992,2
7458,人家可是高贵的小仙女，可不能惹捏。,Sexism,13.567388,10.495471,0
902,好，祝各位远离烂裤裆。,Sexism,14.262559,11.383897,1
7897,东方卫视成了女拳卫士？,Sexism,18.048792,8.902771,2
3718,人的偏见就像一座大山，就算他们看见了肌肉gay他们也只会觉得肌肉gay是少数，理他们干什么呢。你跟有的直男解释一万遍你挑人，但他们还是能“自信的”觉得你会喜欢他，没招，所以自己开心快乐就得了呗,Sexism,16.607061,9.321568,3
2716,非处不娶保平安，一本法医学一个内窥镜又花不了几个钱。😄,Sexism,15.854874,13.07144,3
3950,物化女性还得看女人，比如舞蹈区和各大直播平台那些女人，不整治她们评论区就干净不了，但是整治了你就砸了人家饭碗，坐等她们自己打起来就好了,Sexism,17.997248,10.271603,3
2829,女拳就属于，每天给它一块钱福利，现在感觉少,Sexism,17.60859,8.488688,2
5975,女权，侵害他人，大事化小，反咬一口。女权，讹诈他人，无中生有，小事化大。事情败露，在理中客眼中，归结为最终损害的还是所谓的“女性权益”，因此，还要加强“女权”，并且要高尚地体现在当前作恶者的身上，以示精神的积极性，关注的不是受害的当事人的权益，关注的不是严惩加害他人的女权。所谓的女权，隐匿在所谓的女性中，作恶毫无代价，甚至占据道德制高点——“你别不识好歹”，日后谈起，还一副吃亏了的要死样子。受害的当事人要高风亮节，假装痛恨自己不懂事理，要深刻检讨自己，不该冒犯了高等性别，相互道歉，造就一桩“美谈佳话”。反之，则不成立，具体的事情不细述了，举目皆是。这一切都是以性别为论据，目的就是论证和实现女尊男卑的所谓“男女平等”——利于女权及更有利于女权。总而言之，都是为了贯彻——“人是作为一个性别的存在而存在，高等性别就该这样，低等性别就该那样，这样的一个对等就是真理”的现代礼教。总之，思想钢印不破，女权恶行，野火烧不尽，春风吹又生。,Sexism,18.049229,10.488193,3
6167,女拳的智商真是编故事都漏洞百出啊。首先原来黄精灵体力弱不是事情是编造出来的，建议去奥运会证明自己呦。其次黄精灵真的希望每个人都摘50个果子吗？矿场，工地里一大堆果子怎么没见到小仙女去摘呢,Sexism,17.279873,8.989703,0
4192,被骗去非洲的国女，不一定都是坏女人，总之别去就是了，去了就回不来了。如果去了真的能过的很好，以国女那爱炫耀爱攀比的人物性格，早就回来装逼了,Sexism,14.892299,12.21728,0
3143,现在大多数中国女性是整个国家的负担,Sexism,17.286371,11.540841,2
2752,舍得给女孩子花钱的不一定爱，不舍得花钱的肯定不爱,Sexism,14.615872,10.780754,3
3953,把这个女人找出来，打死她，要狠,Sexism,15.710646,10.622233,0
4367,厕所里畒勾叫的，还没路边蝲蝲蛄叫的好听,Sexism,14.596073,7.601818,1
3029,我想看看南拳带师女拳带师都怎么对人权打拳的,Sexism,17.525877,8.040376,2
758,挺无语的，女的就是会揽功劳避劳动。,Sexism,16.67977,11.73522,0
7337,因为啊，现在的人把女人幻想的太美好了，就举个例子吧，如果两个中年油腻大叔在一起舌吻啊，爱的抚摸啊，做不可描述的事情，任谁都会觉得恶心，对吧？那如果是两个美丽的女孩呢？感觉又不一样了吧，细品，细细品😂,Sexism,15.3278055,9.864047,3
3275,管她怎么定义，仙女的话就像放大屁,Sexism,13.855515,10.091755,0
2973,建议女生不用上班,Sexism,16.711163,11.913772,0
4422,网上打拳的都是男的有钱挣,Sexism,16.917376,7.787251,2
2181,别结束啊，别当驴啊小仙女独立女性啊,Sexism,13.516931,10.375472,0
632,杨笠也是男的？🤣,Sexism,18.362995,7.9957466,2
4266,不打拳没必要如果是个拳师往4里喷,Sexism,16.92877,7.3866053,1
5986,之前懒得一般见识的想法都不该有，直接说学校你家开的？座位你私人的？然后她骂你，你直接跟老师反应，说她乱吠影响你听课了。老师不处理等下课你亲自掀它东西，干就完了,Sexism,15.292861,8.27817,0
2277,提啥？让她搞，出生人口骤降罢了,Sexism,17.16774,12.745295,0
5079,让我们看看拳师是怎么想的,Sexism,17.024248,7.1675906,1
5445,所以你认为我所说的那些腐女太偏激了是在瞎bb,Sexism,15.98668,9.0999,2
4113,我可没忘记，前几年那个吧里一堆女〇,Sexism,16.003286,9.33219,2
3856,不管你是偷的图还是去wb看的我只能说少关心慕√那点批事儿,Sexism,14.921762,8.102148,1
7332,权利不是无限的。可惜她们想不明白。历史上每一次所谓的民族融合都是血腥的，不知道她们支持谁呢？,Sexism,18.727053,10.15943,2
4486,杨笠没告诉你们普女不要对号入座？,Sexism,18.313568,8.020778,2
7252,怎么全是男的都话？为什女人要听男人的话？歧视女性没智商吗？,Sexism,16.764124,10.550765,2
5069,籹犬分子一脚踢爆,Sexism,13.531493,6.75288,1
4115,这不纯纯亩?,Sexism,15.030307,8.031809,1
5910,大多是被后天教育出的利女男，以为能用舔和服从换来爱情此类人是优良的供养者,Sexism,14.143202,9.533133,3
6145,因为鸡汤作者一半以上是女性。,Sexism,16.692081,10.453917,2
3342,别把中国男人的操守捧那么高好吗？摔下来很疼的。,Sexism,16.39371,10.961319,2
6037,求个中外哲学家评论幕刃的图,Sexism,15.014327,6.088036,1
5949,我说的是，小藓女她求分享，楼主不理她，她就开贴引战，还带了舔狗来。,Sexism,13.948173,9.041032,0
4260,让他去死lkd,Sexism,13.499624,8.657353,1
6043,极端仇男癌成员，希望家人们留意！,Sexism,17.053165,9.731662,2
2502,这男的也是个舔狗，这种情况下还不下死手起诉法院,Sexism,13.367468,9.142768,0
5254,啥?，不想生自己去找丁克，又没人逼，给她脸了是吧,Sexism,17.118736,12.798533,0
2022,亩篝是这样的,Sexism,14.036228,7.566386,1
3265,哈哈哈，除了在网上看到过，真是从未听见过类似事情。我姐在国外留学的时候，也有很多同学，我也问过她是不是很多女生很喜欢德国男孩，结果并不是的，都是和国内的同学恋爱结婚的，倒听说男的想要签证啥的和很胖的女的结婚了,Sexism,15.182516,12.350907,3
1264,此图充分证明女拳是没有逻辑的动物，细读第一句,Sexism,17.706263,9.068735,2
2790,相信我那个女人脑子不正常👍️中国还是有很多脑子正常的女人的👍️👍️👍️,Sexism,15.421665,10.726661,0
3432,破吧完！（前两张我发贴被删，后一张举报女拳的）,Sexism,15.856814,7.707676,1
1887,幕刃智商堪忧，整容一劳永逸，化妆到妈不认，约炮可以，长时间哪个男人受得了？,Sexism,15.001482,6.5719347,1
4049,25岁生孩子跟30岁生孩子完全不一样。25岁以下的女性生产后，状态回复的最快，伤害也最小。30岁以后生，伤害也就越大，恢复也就越难。女权们继续拖，等你拖35岁以后，绝经了，你这辈子也就这样了,Sexism,17.728605,12.322661,3
3444,当然，上流社会看上黄女的也不是没有。那就是ghd参议院领袖，和他夫人赵小兰。不过人赵小兰夫妻是相濡以沫，贤妻良母。是女拳最看不上的传统贤惠女，当然绝大多数女拳不学无术，虽然成天自吹自擂国际视野，跨国恋情，绝大多数赵小兰老公叫什么都不知道。,Sexism,15.734622,11.177019,3
1640,😎连狐臭都可以被认为是男人的表现，中国男人偶尔没机会洗澡也能被拿出来大书特书😎,Sexism,16.120691,11.240881,3
3201,这……确实挺可爱啊，从面相来说就比那些奇形怪状的女拳生物和善多了，而且人家也没什么错吧，恶意攻击不可取，别真和微博一样了,Sexism,16.793945,9.04326,3
4356,太好了，绝对支持。所以男人可以dy了吗？,Sexism,17.402914,11.099194,2
485,这都不是真女拳，真女拳因为谷爱凌挑战郭女白瘦幼审美观都骂她呢,Sexism,17.483644,9.310095,2
5042,结婚前，女性会索要高额彩礼；结婚后，女性有权利拒绝和你发生关系；女性可以和别人发生关系，且离婚时这不被视为过错；女性有权利拒绝生孩子；女性有权利拒绝做家务；当你想离婚时，女性不会退还彩礼；女性有权利索要年薪124万的赔偿；女性还会网爆男性，所以结婚到底给男性带来了什么,Sexism,17.027676,12.406493,3
1545,慕✓口嗨一贯可以的，毕竟不用为自己的言行负责，果然是劣等生物啊。,Sexism,14.651321,8.00484,1
567,因为和女犬讲男女平等讲不通就只好以暴制暴了,Sexism,13.453556,6.725575,0
5080,看个笑话就好，我相亲碰到个，加了vx说自己160+问我多高，我说190(真实193没好意思说)，死活不信然后普信男就出来了幕刃真有意思，我tm一个19390+kg的中锋要干这些乐色还不是分分钟？,Sexism,16.291204,8.709736,1
1928,就是可以对着蟑螂女仆冲一波的人,Sexism,15.629397,7.2045665,1
5316,你们可以远离女人啊！越远越好！,Sexism,15.932519,10.742913,2
6034,这位不错了，在b站展示化妆和美颜的效果，也承认自己，可怕的是那些化妆开美颜就真的以为自己长那样的锅钕,Sexism,14.921191,9.488904,1
682,仙女们以看不上的感性理由非常好的掩饰了自己拜金的终极目的，论物化女性还得看仙女自己,Sexism,14.094593,10.370544,0
2904,那只有一妻多夫能拯救男性了。。。,Sexism,16.886938,11.93728,2
7393,以前女人主内，必须得干净，现在的小仙女嘛。。,Sexism,14.024782,10.527743,0
6349,接盘的排队的，呵呵…搞得像买似的，对自己不负责任的人，反正无所谓了…估计智商程度也不会考虑多年人生中的发展,Sexism,14.634843,11.327734,3
1503,母人是无耻的动物,Sexism,13.638823,7.1371937,0
3089,每次出一个习武女生的视频，评论区里就总会有人说她能打死男人，她能打死老公之类的，他们就那么喜欢打男人吗,Sexism,16.789255,10.116419,2
3164,那是女拳，我已经在评论区说过了，极端男拳女拳都是烧饼,Sexism,17.45104,9.384186,3
1718,就这还有人说“女人能顶半边天”,Sexism,16.5119,9.863576,2
1807,充满了抠脚汉油腻荷尔蒙气息的匿名小仙女🐶🐶,Sexism,14.295141,9.913518,0
4123,就坦白就得了，如果谈过一个帅气聪明的外国男女朋友说明自己也很有魅力，正常人不会介意。找个low的才丢人现眼遮遮掩掩，饥不择食还猎奇的本来就有毛病，和人种无关，eg是真的给国人丢脸。,Sexism,14.964249,12.19318,3
