rank	term	category	confidence	total_count	hate_count	non_hate_count	annotation_count	definition	reason
1	基佬	LGBTQ	0.95	97	97	0	113	对男同性恋的蔑称，常被用于贬低、侮辱或歧视同性恋者。	数据集全部97个实例均标注为仇恨言论，主要针对LGBTQ群体；网络证据明确将其列为歧视语；样本上下文显示其用于贬低同性恋者，如“基佬危害大”、“艾基”等。
2	幕刃	Sexism	0.95	52	52	0	60	幕刃是'母人'的谐音，在中文网络语境中用作对女性的侮辱性称呼，常出现在性别歧视和仇恨言论中。	数据集所有样本均为仇恨标签，且网络证据明确显示该词为侮辱女性的谐音词，结合高精度和高纯度，应纳入研究词典。
3	舔狗	Sexism	0.95	63	62	1	62	用于贬低在恋爱或社交关系中过度讨好、奉承对方（尤其是女性）的人，常伴随对女性的物化和贬低，强化性别刻板印象。	数据集显示62/63为仇恨样本，主要归类为性别歧视；网络证据确认其侮辱性和性别歧视含义。
4	国际鬼子虫类及其	Racism	0.95	15	15	0	16	该术语用于指代非华裔群体，将其非人化地称为‘虫类’、‘虫混’，并否定其人类属性，煽动种族仇恨。	数据集和网络证据均显示该术语在多个样本中明确用于种族歧视，伴随非人化描述，且无任何非仇恨用法。
5	鬼子虫类及其它们	Racism	1.0	15	15	0	16	该词组将非华人群体非人化为'虫类'，并搭配'鬼子'等歧视性词汇，用于贬低和攻击特定种族或国籍的人，属于种族歧视性仇恨言论。	数据集和网络证据均一致表明该词组仅用于仇恨言论，将目标群体非人化并贬低，具有强烈的种族主义色彩。
6	黑蛆	Racism	1.0	18	18	0	22	对黑人群体的侮辱性称呼，将黑人比作蛆虫，暗示其肮脏、低贱，常与暴力清除言论关联。	所有样本均用于攻击黑人群体，带有强烈贬低和仇恨色彩，且无其他非仇恨用法。
7	国际鬼子	Racism	1.0	16	16	0	17	用于贬低和侮辱非华裔外国人，常与'虫类'、'虫混'等非人化词汇连用，表达种族仇恨和歧视。	所有16个样本均标注为仇恨，且全部属于种族主义类别；网络证据确认'鬼子'为歧视性用语，'国际鬼子'整体用于贬低外国人。
8	虫类及其它们后代	Racism	0.95	19	19	0	19	将特定种族群体非人化为虫类及其后代，表达仇恨和歧视，属于种族主义仇恨言论。	数据集所有19个样本均为仇恨言论，主要针对种族群体，使用非人化比喻；网络证据确认类似表述（如‘蝗虫’）常用于贬低内地人，具有侮辱性。
9	及其它们后代	Racism	0.95	20	20	0	20	该短语用于将特定群体及其后代非人化，常与'虫类'等贬义词汇连用，表达种族歧视和仇恨。	数据集显示该短语100%用于仇恨语境，主要针对种族歧视；网络证据也支持其非人化侮辱性用法。
10	小仙女	Sexism	0.97	60	59	1	65	在中文网络语境中，“小仙女”被用作对女性的贬义称呼，常指代那些被认为自私、无理取闹、虚荣、自恋或具有应得心态的女性，用于攻击或贬低女性群体。	数据集显示59/60为仇恨标签，主要类别为性别歧视；网络证据表明该词已广泛用作贬义，指代具有应得心态的女性，符合仇恨/攻击性群体指称词特征。
11	虫类及其	Racism	0.95	20	20	0	20	该术语用于指代非华裔群体，常与'国际鬼子'等词连用，将人贬低为虫类，带有强烈的种族歧视和仇恨色彩。	数据集100%标注为仇恨言论，主要针对种族主义；网络证据显示该术语与'Ching chong'等辱华词汇相关，用于贬低非华裔群体。
12	虫类	Racism	0.95	24	24	0	24	用于指代特定种族群体，常与“国际鬼子”、“虫混”等词连用，表达歧视和仇恨，属于种族主义仇恨言论。	数据集24个样本全部标注为仇恨，且主要类别为种族主义；网络证据显示类似词汇（如清虫）被用作种族歧视用语。
13	媚外	Racism	0.95	29	29	0	24	用于贬低那些偏好外国（尤其是西方）文化或与外国人交往的中国人，常特指中国女性，暗示其背叛民族或缺乏自尊，带有种族主义和性别歧视色彩。	该词在数据集中全部29个样本均被标注为仇恨言论，且常与种族主义和性别歧视关联，用于攻击性语境。网络证据也证实其具有侮辱性和攻击性，符合仇恨言论定义。
14	及其它们后代虫	Racism	0.95	16	16	0	15	该短语将特定种族群体非人化为“虫”，并强调其“后代”，用于贬低和攻击该群体及其后代，具有强烈的种族歧视和仇恨色彩。	数据集所有16个样本均为仇恨言论，标注为种族歧视，且无任何非仇恨用法。网络证据虽未直接解释该短语，但样本上下文明确显示其用于攻击特定种族，将目标群体非人化为“虫”，并强调“后代”，具有强烈的种族歧视和仇恨色彩。
15	通讯录	LGBTQ	0.95	19	19	0	22	在中文网络语境中，'通讯录'被用作对同性恋群体的贬义称呼，常与'怪物'、'nt'等侮辱性词汇连用，表达歧视和仇恨。	所有标注样本均为仇恨言论，且主要针对LGBTQ群体；网络证据显示该词在中文网络中被用作歧视性用语。
16	它们后代虫混	Racism	0.95	16	16	0	13	该短语将非白人群体非人化为‘虫类’及其后代，并冠以‘虫混’（虫类混血）的侮辱性称呼，用于表达极端的种族仇恨和歧视。	数据集显示该短语100%用于仇恨言论，所有标注均为种族主义类别；样本中明确用于贬低非白人群体，将其比作虫类及其后代，带有强烈的非人化和种族歧视色彩。网络证据虽未直接收录该短语，但相关搜索结果显示其被用于种族侮辱语境。综合判断，该短语是种族仇恨用语。
17	后代虫混	Racism	0.95	17	17	0	14	该术语将非白人群体贬低为‘虫类’及其‘后代虫混’，暗示其非人化、低等，用于表达种族歧视和仇恨。	数据集和网络证据均一致表明该术语在上下文中明确用于种族主义仇恨言论，所有样本均标注为仇恨且类别为种族主义，无任何非仇恨用法。
18	倒贴	Sexism	0.95	24	24	0	19	用于贬低与外国人（尤其是黑人）交往的中国女性，暗示她们不自重、自降身价，常与'黑老丑'、'垃圾'等侮辱性词汇连用，带有性别歧视和种族歧视色彩。	所有标注样本均为仇恨言论，且主要归类为性别歧视和种族歧视；网络证据也显示该词常用于歧视性语境。
19	母狗	Sexism	0.95	12	12	0	13	用于侮辱女性，暗示其淫荡、下贱或物化女性，具有强烈的性别歧视和攻击性。	数据集所有12个样本均为仇恨标注，主要归类为性别歧视；网络证据显示该词广泛用作侮辱女性的词汇，具有明确的性别歧视和物化色彩。
20	虫混	Racism	0.95	19	19	0	17	用于指代非白人群体的后代，常与'虫类'、'国际鬼子'等词连用，将人比作虫子，表达种族歧视和去人性化仇恨。	该词在数据集中全部19个样本均标注为仇恨，且与'虫类'、'国际鬼子'等种族侮辱性词汇并列使用，明确针对非白人群体，表达歧视和仇恨。网络证据显示'虫'相关词汇常用于种族歧视语境（如Ching chong），进一步支持其仇恨属性。
21	烂裤	Sexism	0.95	12	12	0	14	该词是'烂裤裆'的缩写，用于侮辱女性，指责其性行为不检点或生活作风放荡，带有强烈的性别歧视和仇恨色彩。	数据集所有样本均为仇恨标签，且网络证据一致表明该词是侮辱女性的性别歧视黑话，无任何非仇恨用法。
22	拳师	Sexism	0.95	28	27	1	30	用于贬低和攻击女权主义者的侮辱性称呼，暗示其好斗、无理、极端，常与性别对立和仇恨言论相关联。	数据集显示该词在28个样本中有27个被标注为仇恨言论，主要归类为性别歧视；网络证据也证实其作为侮辱性黑话广泛用于攻击女权主义者。
23	仙女	Sexism	0.96	78	76	2	84	在中文网络语境中，“仙女”或“小仙女”常被用作对女性的贬义称呼，用于嘲讽或贬低女性，暗示其自私、无理取闹、双标等负面特质，属于性别歧视性语言。	数据集显示该词在76个样本中被标注为仇恨内容，主要归类为性别歧视，且网络证据支持其在中文语境中作为性别歧视用语的用法。
24	黑北	Region	0.95	18	18	0	19	用于贬低、攻击中国北方地区人群的歧视性用语，常出现在地域黑言论中。	该词在数据集所有样本中均被标注为仇恨言论，且上下文明确指向地域歧视，如'黑北方的总部是广州'、'黑北方的都是南蛮'。网络证据虽未直接匹配，但结合样本语境，其作为地域歧视用语的特征明显。
25	中国男性	Sexism	0.9	17	17	0	8	该术语在仇恨言论语境中用于贬低中国男性群体，常与性别歧视和种族歧视言论结合，例如将中国男性描述为软弱、不如其他种族男性，或指责中国女性媚外归咎于中国男性。	数据集所有标注样本均为仇恨言论，主要类别为性别歧视，且结合种族歧视；网络证据显示该词在特定语境下被用作侮辱性词汇。综合判断应纳入研究词典。
26	黑人男	Racism	0.95	21	21	0	20	该术语在中文网络语境中常被用于贬低和攻击黑人男性群体，伴随负面刻板印象（如体味、艾滋病风险、性侵犯等），构成种族歧视和性别歧视。	数据集所有样本均为仇恨言论，且主要类别为种族主义；网络证据显示该词常出现在歧视性语境中。
27	黑北方	Region	0.95	14	14	0	15	用于贬低、攻击中国北方地区人群的歧视性用语，常与'黑河南'等类似表达并列，构成地域仇恨言论。	数据集所有标注均为仇恨言论，样本明确用于地域攻击；网络证据显示该词在中文语境中作为地域歧视用语使用。
28	留在中国	Racism	0.95	16	16	0	15	该短语在仇恨言论中用于表达希望特定群体（如外国人、女性）离开中国，常与种族主义、性别歧视等结合，具有明显的排斥和贬低意味。	数据集显示所有16个样本均为仇恨标签，且类别涵盖种族主义、性别歧视和地域歧视；网络证据也支持其常用于歧视性语境。
29	烂裤裆	Sexism	0.95	10	10	0	11	用于侮辱女性，暗示其性行为不检点、私生活混乱，属于性别歧视性仇恨言论。	数据集所有样本均为仇恨标注，网络证据一致确认其侮辱性，且无任何非仇恨用法。
30	歧视黑人	Racism	0.95	16	16	0	6	该短语用于表达对黑人群体的歧视、仇恨或贬低，常与种族主义言论、侮辱性称呼（如“黑鬼”）以及煽动性内容相关联。	该术语在数据集中100%用于仇恨语境，所有标注样本均为仇恨言论，主要类别为种族主义；网络证据显示其常与种族歧视、侮辱性内容关联，属于明确的仇恨/攻击性用语。
31	黑人的女	Racism	0.95	15	15	0	14	指代与黑人男性有关系的女性，常带有种族主义和性别主义的污名化含义，如暗示其携带疾病、污染血统等。	该术语在数据集和网络证据中均被证实用于仇恨言论，结合种族主义和性别歧视，具有高度冒犯性。
32	黑人都	Racism	0.95	17	17	0	4	该短语用于表达对黑人群体的负面刻板印象、歧视性言论或仇恨情绪，常与低等、暴力、入赘等负面特征关联，或直接表达对黑人的厌恶。	数据集和网络证据均强烈支持该短语在仇恨语境中使用，所有标注样本均为仇恨言论，主要类别为种族主义，且网络搜索显示其与种族歧视词汇关联。
34	洋垃圾	Racism	0.95	10	10	0	12	指在华外国人，尤其是黑人和白人，被贬低为品行不端、低素质的人，带有种族歧视和排外意味。	该词在数据集和网络证据中均被用于贬低外国人，尤其是黑人和白人，带有明显的种族歧视色彩，且维基百科将其列为歧视语。
35	鬼子	Racism	0.96	23	22	1	24	用于指代日本人或非中国人群体，带有强烈的历史仇恨和种族歧视色彩，常与贬损性表述连用，如“国际鬼子虫类”。	数据集显示22/23为仇恨标注，主要归类为种族主义；网络证据确认其作为侮辱性用语广泛使用，用于种族歧视。
36	黑猩猩	Racism	0.95	12	12	0	13	将黑人比作黑猩猩，暗示其低等、野蛮、非人化，是一种种族歧视性侮辱。	数据集所有12个样本均为仇恨言论，标注为种族歧视；网络证据显示该词在中文语境中常被用作针对黑人的种族侮辱，具有明确的仇恨含义。
37	黑鬼	Racism	1.0	8	8	0	12	该词是英语中针对黑人的种族歧视词汇'Nigger'的中文翻译，用于贬低、侮辱黑人群体，常出现在仇恨言论中。	所有样本均被标注为仇恨言论，且网络证据明确显示该词是种族歧视用语，具有高度冒犯性。
38	跪虫族	Racism	0.95	11	11	0	13	对特定种族群体的侮辱性称呼，通过'跪'（贬低为奴性）和'虫'（非人化）的组合，攻击和贬低该群体。	该词在数据集和网络证据中均用于仇恨语境，全部样本标注为仇恨，且结合'跪'和'虫'的贬义，明确针对种族群体进行侮辱，符合仇恨言论标准。
39	很恶心	hate	0.9	14	14	0	6	用于表达对特定群体（如同性恋、女性、地域群体）的厌恶和歧视，暗示这些群体令人反感或低劣。	数据集所有标注样本均为仇恨言论，类别覆盖LGBTQ、性别歧视、地域歧视和种族歧视，且网络证据支持其作为歧视性侮辱用语。
40	黑北方的	Region	1.0	10	10	0	10	用于贬低、攻击中国北方地区人群的歧视性用语，常与“黑河南”等并列，暗示北方人低劣或应被歧视。	数据集所有标注均为仇恨言论，样本明确用于地域攻击，如“广州就是黑河南、黑北方的总部”；网络证据虽未直接匹配，但结合上下文确认其仇恨用法。
41	郭楠	Sexism	0.95	14	14	0	16	该词是'国男'的谐音变体，被极端女权用作对中国男性的侮辱性称呼，常与'蝈蝻'等变体混用，意在贬低中国男性为低等、令人厌恶的群体。	数据集显示该词在14个样本中全部标注为仇恨，且主要涉及性别歧视和种族歧视；网络证据明确将其定义为侮辱性称呼，用于贬低中国男性。
42	欢黑人	Racism	0.95	19	19	0	15	该词用于表达对黑人群体的厌恶、歧视和负面刻板印象，如认为黑人懒惰、不安分、缺乏国家认同等，属于种族歧视性用语。	数据集全部19个样本均为仇恨标注，上下文明确表达对黑人的歧视和排斥；网络证据显示相关词汇具有种族歧视含义。
43	跪虫	Racism	0.95	12	12	0	14	该词用于贬低特定种族群体，常与'跪虫族'等组合使用，暗示该群体卑躬屈膝、低人一等，具有强烈的种族歧视和侮辱性。	数据集显示该词100%用于仇恨语境，且与种族主义高度相关；网络证据进一步证实其作为种族歧视用语的普遍性。
44	虫族	Racism	0.95	12	12	0	14	该词在中文网络语境中被用作种族歧视性称呼，常与'Ching chong'等侮辱性词汇关联，用于贬低和攻击华人或特定种族群体。	数据集显示所有标注样本均为仇恨言论，且与种族歧视高度相关；网络证据表明该词与'Ching chong'等歧视性用语关联，用于侮辱华人。
45	嘿畜	Racism	1.0	8	8	0	7	嘿畜是一个种族歧视性侮辱词汇，由'嘿'（可能指代黑人）和'畜'（畜生）组成，用于将特定种族群体非人化，贬低为动物或寄生虫，煽动仇恨和暴力。	所有数据集样本均标注为仇恨，且网络证据确认该词为歧视语，用于种族攻击。
47	你们同性恋	LGBTQ	0.95	10	10	0	5	用于指代同性恋群体，常伴随贬低、污名化（如与艾滋病、不道德、不正常等关联）和排斥性言论，构成歧视性仇恨言论。	该术语在数据集和网络证据中均被高度一致地用于仇恨言论，针对LGBTQ群体进行攻击和污名化，符合纳入标准。
48	黑安徽	Region	0.95	10	10	0	7	指对安徽人进行地域歧视和负面刻板印象的攻击性言论，如素质差、小偷多等。	所有样本均为仇恨言论，类别一致为地域歧视，且网络证据显示该词广泛用于侮辱安徽人。
49	舔狗龟男	Sexism	0.95	7	7	0	7	用于贬低那些被认为对女性过度讨好、顺从或失去尊严的男性，暗示其缺乏骨气和主见，属于性别歧视性侮辱。	数据集全部7个样本均标注为仇恨言论，主要归类为性别歧视；网络证据显示该词常用于侮辱和贬低男性，具有明确的歧视性。
50	女人不	Sexism	0.95	15	15	0	3	该短语在仇恨言论中常作为性别歧视性表达的开头，用于贬低女性、强化性别刻板印象或物化女性，例如“女人不能光膀子是传统的刻板印象”、“跟黑人的女人不能找”等。	数据集所有15个样本均为仇恨言论，主要类别为性别歧视；网络证据显示该短语常与侮辱性、歧视性用语关联，如“捅女人”等黑话。综合判断为性别歧视性仇恨用语。
51	黑人男友	Racism	0.95	11	11	0	9	该术语在仇恨言论中用于贬低黑人男性，常与性滥交、低道德、恨国等负面刻板印象关联，并常与性别歧视结合攻击女性。	数据集和网络证据均显示该术语几乎全部用于仇恨语境，结合种族和性别歧视，构成明确的仇恨言论。
52	黑人和	Racism	0.95	12	12	0	5	该术语在中文网络语境中常被用于指代黑人群体，并伴随歧视性、仇恨性言论，如要求黑人离开中国、禁止通婚等，构成种族主义仇恨言论。	数据集显示该词在12个样本中全部被标注为仇恨言论，主要涉及种族主义；网络证据也表明该词常出现在歧视性表述中。综合判断应纳入研究词典。
53	裤裆	Sexism	0.95	12	12	0	15	用于侮辱女性，暗示其性行为不检点，常与“烂”连用为“烂裤裆”。	数据集所有样本均为仇恨言论，主要类别为性别歧视；网络证据显示该词常用于侮辱女性。
55	出轨	Sexism	0.9	13	13	0	8	在仇恨言论中，“出轨”常被用于性别歧视语境，尤其是针对女性，暗示女性出轨更应受谴责，并与侮辱性词汇关联，强化对女性的负面刻板印象。	数据集显示该词在13个样本中全部被标注为仇恨言论，主要涉及性别歧视（Sexism），且上下文明确针对女性进行攻击或双重标准。网络证据进一步证实该词在性别歧视语境中的侮辱性使用。
56	滚出	Racism	0.95	8	8	0	6	用于驱逐或排斥特定群体（如外国人、地域群体、LGBTQ群体）的侮辱性用语，常与种族歧视、地域歧视或性取向歧视结合，表达强烈的敌意和仇恨。	数据集所有样本均为仇恨标注，且网络证据显示该词常用于种族歧视和排外言论，如“低等的黑杂种！滚出中国！”和“浙江滚出中国”。
57	腐癌	LGBTQ	0.95	13	13	0	14	用于贬低对男同性恋关系（BL）过度痴迷、行为极端且排斥其他性取向（如BG、GL）的群体，常带有侮辱性和歧视性。	数据集和网络证据均显示该词在多数语境中用于攻击和贬低特定群体，具有明确的仇恨/攻击性含义。
58	去非洲	Racism	0.95	44	42	2	26	该短语在中文网络语境中常被用作种族歧视性表达，意指将黑人群体驱逐出中国，带有强烈的仇恨和排斥意味。	数据集显示该短语在44个样本中有42个被标注为仇恨言论，主要涉及种族歧视、地域歧视和性别歧视。样本中大量出现如'去非洲生活'、'去非洲采棉花'等用法，结合'黑鬼'、'黑族'等歧视性词汇，明确指向对黑人群体的攻击。网络证据进一步证实该短语在中文互联网上被广泛用于仇黑言论，与排外情绪紧密相关。
59	理中客	Sexism	0.9	10	10	0	7	理中客原为“理性、中立、客观”的缩写，但在网络语境中常被用作贬义词，指代那些假装理性中立、实则偏袒一方或和稀泥的人，尤其在性别对立讨论中用于攻击对方，带有性别歧视色彩。	数据集证据显示该词在10个样本中全部被标注为仇恨言论，且主要归类为性别歧视；网络证据也表明其常被用作贬义，尤其在性别议题中用于攻击。综合判断应纳入研究词典。
60	嘿人	Racism	0.95	11	11	0	12	嘿人是“黑人”的谐音变体，用于指代黑人群体，常带有贬低、歧视或攻击性，如描述黑人外貌为“血盆大嘴”、主张反对黑人留在中国、将黑人与负面行为关联等。	数据集所有样本均为仇恨言论，主要类别为种族主义；网络证据显示该词用于规避审查，具有种族歧视含义。
61	女拳	Sexism	0.95	154	140	14	174	对女权主义者的侮辱性称呼，常用来攻击那些被认为过于激进或挑战传统性别角色的女性，暗示她们使用暴力或极端手段。	数据集和网络证据均显示该词被广泛用于攻击和贬低女性，尤其是女权主义者，90%以上标注为仇恨言论，符合仇恨/攻击性/编码群体指称词特征。
62	南大人	Region	0.95	9	9	0	7	用于贬低或嘲讽中国南方人的称呼，常出现在南北地域对立语境中，带有攻击性。	数据集样本中该词全部用于仇恨语境，指代中国南方人并带有贬低、嘲讽或对立情绪，如'唱衰东北的急先锋'、'内部瓦解'、'一生要强的南大人'等，构成地域歧视。虽然网络搜索未发现外部证据，但数据集内部证据充分，且上下文判断支持。
63	崇洋媚外	Racism	0.95	10	10	0	7	用于指责他人或群体盲目崇拜外国（尤其是西方）文化、制度或人种，并贬低本国或本民族，常与种族歧视、民族自卑感相关联，具有侮辱性和攻击性。	数据集和网络证据均显示该词几乎全部用于仇恨言论，常与种族主义、性别歧视关联，用于贬低和攻击崇拜外国文化或与外国人交往的行为，具有明显的侮辱性和歧视性。
64	出中国	Racism	0.95	10	10	0	8	用于表达对特定群体（如黑人、浙江人、东北人）的排斥，要求其离开中国，具有明显的歧视性和仇恨性。	该术语在样本中用于表达对特定群体（如黑人、浙江人、东北人）的排斥和歧视，如'默滚出中国'、'浙江滚出中国'等，具有明显的仇恨和侮辱性含义。证据显示其与种族歧视相关，且所有标注样本均为仇恨类别。
65	黑东北的	Region	0.95	9	9	0	3	用于贬低、攻击东北地区及其居民的歧视性用语，常带有敌意和仇恨。	该术语在数据集和网络证据中均被用于表达对东北地区的歧视和仇恨，符合仇恨/攻击性/编码群体指称词汇的定义。
67	媚黑女	Sexism	0.95	10	10	0	10	用于贬低和侮辱与黑人男性交往或表现出对黑人文化偏好的中国女性，常暗示其性行为放荡、思想臣服于黑人，结合了性别歧视和种族歧视。	该术语在数据集和网络证据中均被明确用于仇恨言论，结合性别歧视和种族歧视，符合纳入标准。
68	黑哥	Racism	0.95	11	11	0	14	该词在中文网络语境中常被用于贬低、侮辱黑人群体，带有种族歧视色彩，类似于英文中的'Nigger'。	数据集显示所有11条标注均为仇恨言论，主要涉及种族歧视；网络证据表明该词与种族歧视用语关联，且样本中明确用于贬低黑人群体。
69	排外	Region	0.95	26	25	1	21	用于表达对特定地域人群（如外地人、外国人）的排斥、歧视或贬低，常带有地域优越感或仇外情绪。	数据集显示该词在26个样本中有25个被标注为仇恨言论，主要涉及地域歧视；网络证据表明该词常被用于仇外和歧视语境，且被列为歧视语。
72	嘿畜狌	Racism	1.0	6	6	0	5	嘿畜狌是中文网络黑话，由“嘿”（谐音“黑”）和“畜狌”（畜牲的变体）组成，用于非人化地指代黑人群体，将其贬低为动物，煽动仇恨和歧视。	数据集所有6个样本均标注为仇恨言论，且全部归类为种族主义；网络证据确认该词为针对黑人的侮辱性黑话，具有强烈的种族歧视色彩。
73	黑上海	Region	0.95	8	8	0	7	用于表达对上海地区的负面评价、攻击或歧视，常出现在地域歧视语境中，如“全国黑上海”、“黑上海的都很上头”等。	该术语在数据集和网络证据中均明确用于针对上海地区的仇恨言论，所有标注样本均为仇恨，类别一致为地区歧视，且无已知的非仇恨用法。
74	的地域黑	Region	0.95	8	8	0	5	指针对特定地域或地区人群的歧视性、侮辱性言论或刻板印象，通常以贬低、嘲讽或攻击该地域人群为目的。	该术语在数据集中全部用于仇恨言论，主要针对地域进行歧视性攻击，且网络证据显示其普遍用于贬低特定地区人群，符合仇恨/攻击性/编码群体指称词汇的定义。
75	人接盘	Sexism	0.95	10	10	0	8	该术语用于贬低与黑人男性有过关系的中国女性，暗示她们会寻找中国男性“接盘”，即承担她们过去关系的后果，带有性别歧视和种族歧视色彩。	数据集所有样本均为仇恨标注，且网络证据显示该词具有侮辱性，用于歧视女性和特定种族群体。
76	龟男	Sexism	0.95	23	22	1	26	用于贬低男性，暗示其懦弱、顺从、缺乏骨气，常与性别歧视相关。	数据集证据显示该词在23个样本中有22个被标注为仇恨，且主要归类为性别歧视；网络证据也确认其为侮辱性用语，用于贬低男性。
77	寄生虫	Racism	0.95	8	8	0	7	用于贬低特定种族或性别群体，暗示其像寄生虫一样依赖他人、低等或有害。	数据集样本中该词被用于种族歧视（如指代“国际鬼子虫类”）和性别歧视（如贬低女性依赖男性），且网络证据显示其作为侮辱性词汇使用，符合仇恨言论特征。
78	反黑	Racism	0.98	9	9	0	9	指反对黑人或煽动对黑人仇恨的种族主义行为或言论。	数据集所有9个样本均标注为仇恨言论，类别为种族主义，且上下文明确指向反黑人活动；网络证据显示该词在中文网络中被用于煽动对黑人的仇恨和歧视。
81	的优越感	Region	0.9	10	10	0	3	用于贬低特定地域群体，指责其表现出不合理的优越感，常伴随地域歧视和攻击性。	该短语在数据集和网络证据中均频繁用于地域歧视语境，具有明确的仇恨/攻击性用法，符合纳入标准。
82	过黑人	Racism	0.95	23	22	1	22	用于贬低与黑人发生性关系的人，暗示其低人一等、不洁或携带疾病，常与种族歧视和性别歧视结合。	该词在数据集中22/23为仇恨样本，网络证据显示其用于攻击跨种族关系，带有强烈种族歧视色彩。
83	视黑	Racism	0.95	17	17	0	9	用于表达对黑人群体的歧视、仇恨或贬低，常出现在仇视黑人的言论中。	该术语在数据集和网络证据中均明确用于表达对黑人的歧视和仇恨，所有标注样本均为仇恨言论，主要类别为种族主义。
84	黑人男友的	Racism	0.95	8	8	0	7	该短语用于贬低和污名化与黑人男性有恋爱关系的女性，暗示她们道德低下、恨国或行为不端，同时带有种族歧视和性别歧视色彩。	该短语在数据集和网络证据中几乎全部用于仇恨语境，常与种族歧视和性别歧视关联，如将黑人男友与性乱、背叛、恨国等负面刻板印象绑定，且网络证据显示其用于贬低和侮辱。
85	普信	Sexism	0.95	47	44	3	44	普信是“普通却自信”的缩写，常用于贬低那些被认为能力普通却过度自信的人，尤其针对男性（普信男）或女性（普信女），带有性别歧视和侮辱性。	数据集显示44条标注中有43条为仇恨言论，主要涉及性别歧视；网络证据也确认其性别歧视属性。
86	让她们	Sexism	0.9	10	10	0	2	该短语在仇恨言论中用于贬低、嘲讽或物化女性群体，常出现在性别歧视语境中，暗示女性应服从或接受不利安排。	数据集显示该短语在10个样本中全部标注为仇恨，主要涉及性别歧视；网络证据也支持其常用于厌女语境。短语本身非固定黑话，但结合上下文具有高度仇恨倾向。
87	同性恋都	LGBTQ	0.95	9	9	0	2	用于贬低、侮辱同性恋群体的短语，常与负面刻板印象或攻击性言论结合，如'同性恋都是群脑子不正常的玩意'。	该短语在数据集和网络证据中均被用于仇恨言论，全部9个样本均为仇恨标签，且网络搜索确认其常被用于侮辱性语境。
89	别人黑	Region	0.9	8	8	0	3	用于指代对特定地区（如荷兰、上海、东北等）进行负面评价或攻击的地域歧视性表达。	所有标注样本均为仇恨言论，类别为Region，且上下文明确用于地域攻击。网络证据虽未直接定义该短语，但相关搜索结果显示了种族歧视词汇，结合样本语境，该短语被用作地域攻击的固定表达。
90	传播艾滋	LGBTQ	0.95	9	9	0	7	该短语被用于将同性恋群体与艾滋病传播错误关联，对LGBTQ群体进行污名化和仇恨攻击，暗示同性恋是艾滋病的传播源。	数据集和网络证据均显示该短语几乎全部用于攻击同性恋群体，构成仇恨言论，缺乏非仇恨性使用。
92	说黑人	Racism	0.95	10	10	0	1	指在中文语境中，使用“说黑人”这一短语来贬低、攻击或歧视黑人群体，常与种族主义言论相关联。	所有10个数据集样本均标注为仇恨言论，且主要归类为种族主义；网络证据显示该词常被用于种族歧视语境。
93	交往	Racism	0.9	26	25	1	25	在仇恨言论中，“交往”常被用于表达对跨种族（尤其是与黑人）交往的排斥、贬低和歧视，暗示这种交往是低劣的、有风险的，或是对女性的一种侮辱。	数据集显示该词在25个仇恨样本中频繁出现，主要与种族歧视（针对黑人）和性别歧视相关，且网络证据支持其在种族歧视语境中的使用。
94	嘿蛆	Racism	1.0	5	5	0	6	对黑人群体的侮辱性称呼，将黑人比作蛆虫，表达极端的厌恶和歧视。	该词在所有样本中均用于仇恨语境，指向黑人群体，且网络证据显示'蛆'作为后缀常用于歧视性称呼，如'蓝蛆''绿蛆'，表明其为仇恨/歧视用语。
95	国国籍	Racism	0.85	9	9	0	7	该术语在仇恨语境中用于指代中国国籍，常出现在针对外国人、特定种族或性别群体的歧视性言论中，例如建议剥夺嫁给外国人的女性的中国国籍，或排斥黑人等。	数据集证据显示该词在9个样本中全部标注为仇恨，涉及种族、性别和地域歧视，且上下文明确表达歧视意图。网络证据虽未发现该词本身为侮辱性黑话，但数据集中的使用模式表明其在特定语境中已成为仇恨言论的一部分。综合判断，该词在仇恨语境中具有明确的歧视性含义，应纳入研究词典。
96	偷井盖	Region	0.95	29	27	2	25	用于对河南人进行地域歧视的侮辱性标签，暗示河南人具有偷窃井盖的负面刻板印象。	数据集和网络证据均强烈支持该词作为针对河南人的地域歧视用语，样本中93%标注为仇恨言论，且网络来源明确将其与地域歧视关联。
97	鬼母	Sexism	0.95	5	5	0	5	用于贬低或侮辱女性的词汇，常与'阿娜'连用，指代特定女性个体，带有性别歧视和攻击性。	所有5个样本均用于仇恨语境，全部针对女性进行侮辱，结合'鬼'字贬义和'母'指代女性，构成性别歧视性侮辱。网络证据显示该词与'鬼佬'等歧视语类似，具有侮辱性。
98	黑人男朋友	Racism	0.95	8	8	0	7	该术语用于贬低和歧视与黑人男性有恋爱关系的女性，并暗示黑人男性携带艾滋病、不洁等负面刻板印象，属于种族歧视和性别歧视的交叉仇恨言论。	数据集所有样本均为仇恨标签，且与种族和性别歧视高度相关；网络证据进一步证实其侮辱性用法。
100	配不上中国	Sexism	0.95	7	7	0	7	该短语用于贬低中国女性，声称她们认为中国男性配不上她们，从而强化性别刻板印象和敌意。	数据集证据显示该短语在7个样本中全部被标注为仇恨言论，主要涉及性别歧视（Sexism），且网络证据支持其用于侮辱性语境。
101	的通讯录	LGBTQ	0.95	7	7	0	4	在中文网络语境中，“通讯录”被用作对同性恋群体的贬义称呼，常与“怪物”、“性别焦虑问题”等负面词汇结合，构成仇恨言论。	数据集样本全部为仇恨标签，类别纯度为1.0，且网络证据显示该词是同性恋的贬义黑话，支持其作为仇恨用语。
103	江浙沪的	Region	0.9	7	7	0	5	该术语用于指代江浙沪地区人群，常出现在嘲讽、贬低或地域歧视的语境中，如将江浙沪地区人群描述为排外、歧视外地人，或使用负面刻板印象进行攻击。	数据集显示该词在7个样本中全部标注为仇恨，且类别主要为地域歧视；网络证据也表明其常用于歧视性语境。综合判断该词在仇恨言论中具有明确的地域攻击性。
104	贵州人	Region	0.95	7	7	0	6	指对贵州人群体的地域歧视性称呼，常与负面刻板印象（如贫穷、落后、不可信任）相关联，用于表达轻蔑、排斥或攻击。	数据集显示7个样本全部标注为仇恨，且类别纯度为Region；上下文示例明确表达歧视（如工厂不招贵州人、辱骂贵州人）；网络证据显示存在针对贵州人的地域歧视成语（如黔驴技穷）和污名化现象。
105	直佬	LGBTQ	0.9	8	8	0	10	用于贬低、侮辱或攻击异性恋男性（直男）的歧视性用语，常出现在LGBTQ相关仇恨言论中，暗示异性恋者低劣或应被纠正。	数据集全部8个样本均为仇恨标签，且全部属于LGBTQ类别；网络证据显示该词被用作侮辱性词汇，与数据集一致。
106	黑小子	Racism	0.95	7	7	0	9	用于贬低、歧视黑人群体的侮辱性称呼，常与负面刻板印象（如公害、骚扰异性）关联，或用于排斥黑人（如要求其回非洲）。	数据集所有7个样本均为仇恨言论，标注为种族歧视；网络证据显示该词用于贬低黑人，且'小子'成分具有幼稚化侮辱效果。
107	黑色	Racism	0.95	23	22	1	18	在仇恨言论中，“黑色”被用作对黑人群体的贬义称呼，常与侮辱性词汇结合，如“黑色瘟疫”、“黑色的某些家伙”，表达种族歧视和仇恨。	数据集显示该词在23个样本中有22个被标注为仇恨，主要类别为种族主义；网络证据表明“黑色”常被用于指代黑人并带有侮辱性。综合判断应纳入研究词典。
110	嫁给黑人	Racism	0.95	8	8	0	6	该短语用于贬低和污名化中国女性与黑人男性的婚姻，将黑人男性描绘为不可靠、多配偶、低劣的群体，并暗示嫁给黑人是错误的选择，构成种族歧视和性别歧视。	数据集和网络证据均显示该短语几乎全部用于表达对嫁给黑人的中国女性的贬低和种族歧视，常与负面刻板印象关联，具有明确的仇恨/攻击性含义。
113	占领	Racism	0.85	11	11	0	5	在仇恨言论中，'占领'被用来描述特定群体（如白左、女拳、黑皮、LGBTQ等）对某个空间或领域的控制，带有贬义和排斥色彩，暗示这些群体是入侵者或威胁。	数据集和网络证据均显示该词在样本中用于贬低和排斥特定群体，符合仇恨言论特征。
114	别留	Racism	0.95	10	10	0	10	在仇恨言论中，“别留”用于表达希望特定群体（如女性、黑人）离开中国或不要在中国留下后代，带有种族主义和性别歧视色彩。	该词在数据集和网络证据中均高度一致地用于仇恨语境，表达对特定群体的排斥和贬低，具有明确的种族主义和性别歧视含义。
115	生下	Sexism	0.9	10	10	0	8	在仇恨言论中，“生下”常与种族和性别歧视结合，用于贬低与特定种族（尤其是黑人）生育的女性及其后代，暗示其行为不道德或低劣。	数据集显示该词在10个样本中全部被标注为仇恨言论，主要涉及性别歧视和种族歧视，如“生下z种的人”、“生下外国孩子”等，用于攻击跨种族生育的女性及其子女。网络证据虽未直接定义该词为侮辱性，但样本上下文明确显示其用于歧视性语境。
116	普信男	Sexism	0.92	28	26	2	26	用于贬低普通但自信的男性，暗示其自不量力、令人反感，常带有性别歧视和侮辱性。	数据集显示26/28条为仇恨言论，主要归类为性别歧视；网络证据表明该词源自脱口秀，广泛用于贬低男性，具有侮辱性。
117	低能	hate	0.95	9	9	0	8	用于贬低他人智力低下，常与LGBTQ群体、女性等关联，具有侮辱性和歧视性。	所有标注样本均为仇恨言论，且网络证据显示该词被广泛视为歧视性用语，历史上用于污名化智力障碍者。
119	个基佬	LGBTQ	0.95	9	9	0	4	对男同性恋者的贬义蔑称，常与侮辱、贬低和刻板印象关联使用。	数据集所有样本均为仇恨言论，网络证据确认其为贬义蔑称，符合纳入标准。
120	黑娃	Racism	0.95	9	9	0	9	指黑人与中国人的混血儿童，带有贬低和排斥意味，用于表达对种族混合的厌恶和歧视。	所有样本均用于仇恨语境，指代黑人的后代，表达种族歧视和排斥，如'不想中国变法兰西斯坦'、'看着就恶心'等。
121	黑杂	Racism	0.95	8	8	0	8	对黑人的种族歧视性侮辱称呼，常与“黑鬼”等词连用，表达对黑人群体的贬低、仇恨和攻击。	该词在数据集8个样本中全部用于仇恨言论，明确针对黑人群体，带有强烈贬义和种族歧视色彩，如'强制给黑人黑杂做绝育'、'低等的黑杂种'等。网络证据虽未直接定义该词，但相关页面讨论了种族歧视用语，且样本上下文一致显示其为侮辱性词汇。
122	非处	Sexism	0.95	8	8	0	8	用于贬低、侮辱非处女，暗示其价值低于处女，常与道德败坏、肮脏等负面标签关联。	数据集8个样本全部标注为仇恨，且来源包括target和content；网络证据显示该词常用于侮辱性语境，如'非处不娶保平安'等。
123	个丑	Sexism	0.9	6	6	0	3	用于贬低他人外貌的侮辱性用语，常与性别、性取向、种族等歧视结合，攻击他人长相丑陋。	数据集显示该词全部用于仇恨语境，主要针对女性、同性恋者等群体进行外貌侮辱，且常与性别歧视、种族歧视等结合；网络证据也支持其侮辱性含义。
124	easy	Sexism	0.95	9	9	0	9	“easy”在中文网络语境中常与“girl”连用，构成“easy girl”，指代被认为在性方面随意、轻浮或崇洋媚外的中国女性，带有明显的性别歧视和种族歧视色彩，用于侮辱和贬低特定群体。	所有9条标注均为仇恨言论，且上下文明确指向“easy girl”这一歧视性短语，用于攻击中国女性。网络证据进一步证实该词在中文语境中常被用作侮辱性标签，结合性别和种族歧视。
125	黑种	Racism	0.95	8	8	0	9	指代黑人的种族歧视用语，常与贬低智商、外貌或基因的负面刻板印象关联，用于攻击或侮辱黑人群体。	数据集全部8个样本均为仇恨言论，类别为种族主义；网络证据显示该词常与侮辱性内容关联，如样本中'黑种人的智商'等表述。
126	恐怖	Sexism	0.9	10	10	0	7	在仇恨言论中，'恐怖'被用来贬低女性（如'普信女真恐怖'、'卸妆如同恐怖片'）和黑人（如'黑g还要考驾照...太恐怖了'），暗示这些群体令人恐惧、厌恶或低劣。	所有10个样本均标注为仇恨言论，且上下文明确针对女性和黑人群体进行贬低。网络证据虽未直接支持该词作为歧视用语，但样本证据充分。
127	个拳	Sexism	0.95	5	5	0	2	该词是“女拳”的变体，用于贬低和攻击被认为持有激进女权主义观点的女性，常带有侮辱性和性别歧视色彩。	所有样本均标注为仇恨，且全部属于性别歧视类别；网络证据显示该词作为侮辱性黑话使用，指代极端女权主义者并带有贬义。
128	绿帽	Sexism	0.95	9	9	0	7	用于侮辱男性，暗示其伴侣不忠，带有性别歧视和羞辱意味。	数据集和网络证据均显示该词在中文语境中普遍用于侮辱男性，带有性别歧视和羞辱意味，且常与种族歧视结合使用。
130	找个黑人	Racism	0.95	8	8	0	4	该短语用于表达对与黑人建立恋爱关系的排斥和歧视，常伴随种族主义、性别歧视和地域歧视，属于仇恨言论。	所有标注样本均为仇恨言论，且网络证据显示该短语在中文互联网中普遍用于表达对黑人的歧视和排斥。
131	不婚不育	Sexism	0.9	6	6	0	6	用于贬低和攻击选择不结婚、不生育的女性，常与“女权”关联，暗示这些女性没有价值、会被抛弃，属于性别歧视和仇恨言论。	数据集证据显示该词在6个样本中全部被标注为仇恨言论，且类别为性别歧视；网络证据表明该词被用于恶意挑动性别对立和负面情绪。综合判断应纳入研究词典。
132	媚黑	Racism	0.95	36	34	2	34	用于贬低和攻击与黑人交往或亲近的中国人，尤其是女性，暗示其讨好黑人、丧失尊严，带有种族歧视和性别歧视色彩。	数据集显示该词在34个标注样本中有32个被标记为仇恨，主要涉及种族歧视和性别歧视；网络证据表明该词常用于侮辱性言论，且被Hatebase收录为仇恨词汇。
133	黑人在一起	Racism	0.95	7	7	0	5	该短语用于贬低和歧视与黑人交往的女性，常与种族主义言论结合，暗示黑人是低劣的，属于种族歧视和性别歧视的仇恨言论。	该短语在数据集和网络证据中均被用于表达对与黑人交往的女性的贬低和种族歧视，常与性歧视结合，构成仇恨言论。所有样本均为仇恨标签，且无中性使用。
134	girl	Sexism	0.9	9	9	0	9	在中文网络语境中，“girl”常作为“easy girl”、“dead fish girl”等复合词的一部分，用于贬低和侮辱中国女性，暗示其性行为不检点或对西方男性过度崇拜，结合了性别歧视和种族歧视。	所有9个样本均被标注为仇恨言论，且主要涉及性别歧视和种族歧视。网络证据显示“girl”在特定组合中用于仇恨言论，但单独使用时并非必然具有侮辱性。综合判断，“girl”在仇恨言论中作为复合词的一部分出现，应纳入词典。
135	东北被黑	Region	0.95	10	10	0	0	该短语用于描述针对中国东北地区人群的负面刻板印象和歧视性言论，属于地域黑范畴。	数据集和网络证据均显示该短语在语境中明确用于表达对东北地区的歧视和负面刻板印象，且无其他非仇恨用法。
136	别回来	Racism	0.95	8	8	0	4	用于要求黑人或其他少数族裔离开中国并不再返回，表达排外和种族歧视。	数据集和网络证据均显示该短语几乎全部用于种族主义语境，针对黑人群体要求其离开中国，具有明确的排外和歧视含义。
137	基佬们	LGBTQ	0.95	7	7	0	5	对男同性恋群体的蔑称，常被用于侮辱、贬低或攻击性语境中。	数据集所有样本均为仇恨标签，且网络证据显示该词为对男同性恋的蔑称，常用于侮辱性语境。
139	婚前	Sexism	0.9	9	9	0	3	在仇恨言论中，'婚前'常被用来贬低非处女或对女性提出双重标准，如要求女性婚前必须是处女，同时男性无需遵守相同标准，将女性价值与性纯洁挂钩。	该词在数据集和网络证据中均频繁出现在性别歧视语境中，用于贬低非处女或对女性提出双重标准，符合仇恨言论特征。
142	到非洲	Racism	0.9	8	8	0	5	用于表达对非洲人或与非洲相关的人的歧视、排斥或贬低，常出现在要求非洲人返回非洲、贬低与非洲人通婚等语境中，具有种族主义色彩。	数据集和网络证据均显示该短语在多个样本中被用于表达种族歧视和仇恨，如要求非洲人回到非洲、贬低嫁到非洲的行为，且所有标注样本均为仇恨言论。
144	别留在	Sexism	0.95	8	8	0	7	该短语用于表达希望特定群体（如女性、外国人）离开中国，带有歧视性和仇恨色彩，常与性别歧视、种族歧视和地域歧视结合使用。	数据集和网络证据均显示该短语在仇恨言论中高频出现，用于表达对特定群体的排斥和歧视，且无显著非仇恨用法。
146	gay	LGBTQ	0.95	31	29	2	28	在仇恨言论中，'gay'被用作对男同性恋者的贬义称呼，常带有歧视、嘲讽或攻击性，旨在侮辱或贬低目标群体。	数据集显示该词在29/31个样本中被标注为仇恨，主要针对LGBTQ群体，类别纯度高达0.78；网络证据表明该词在中文语境中常被用作贬义或侮辱性称呼。综合判断应纳入研究词典。
147	昆仑奴	Racism	0.95	4	4	0	5	该词原指唐代对黑人奴隶的称呼，现代网络语境中被用作针对黑人群体的种族歧视性侮辱，暗示其低贱、奴隶身份。	数据集样本全部标注为仇恨，且类别为种族主义；网络证据显示该词在历史语境中与奴隶制相关，现代被用作种族歧视称呼。
148	的艾滋病	Racism	0.9	8	8	0	3	该短语在上下文中用于将艾滋病与特定群体（如非洲人、性工作者）关联，强化负面刻板印象，构成污名化和歧视性语言。	数据集显示该短语100%用于仇恨语境，且与种族、地域、性别歧视高度相关；网络证据表明其常被用于污名化特定群体。
149	国女拳	Sexism	0.95	5	5	0	5	对主张性别平等的中国女性的侮辱性称呼，常与性奴、脑残、吹牛等负面形象关联，用于贬低和攻击。	该术语在数据集和网络证据中均被用于攻击中国女性，尤其是女权主义者，所有样本均为仇恨言论，且与性别歧视高度相关。
150	智商低	hate	0.95	8	8	0	8	用于贬低他人智力，常与性别、种族、性取向等歧视结合，攻击特定群体。	数据集和网络证据均显示该词被广泛用于仇恨言论，攻击女性、混血后代、同性恋者等群体，且常与种族歧视、性别歧视等关联。
153	丑男	Sexism	0.9	5	5	0	4	用于贬低外貌丑陋的男性，常与性别歧视言论结合，攻击男性因外貌不佳而缺乏异性缘，或用于贬低同性恋群体，具有侮辱性和歧视性。	数据集显示该词100%用于仇恨语境，主要涉及性别歧视和LGBTQ攻击；网络证据支持其侮辱性用法。
154	地域黑最	Region	0.95	6	6	0	4	该短语用于表达对特定地区或地域群体的歧视性言论，通常带有贬低、攻击或污名化的意图。	数据集所有样本均标注为仇恨，类别纯度高；网络证据一致表明'地域黑'是地域歧视的典型用语，该短语在上下文中明确用于攻击特定地区。
155	女拳不	Sexism	0.95	5	5	0	1	该词是'女权'的谐音贬称，用于攻击和污名化女权主义者，常出现在性别对立语境中，具有侮辱性。	数据集和网络证据均显示该词用于贬低和攻击女权主义者，属于性别歧视性仇恨言论。
157	嫁出去	Sexism	0.95	8	8	0	4	该词在仇恨言论中用于贬低与外族通婚的女性，暗示她们低人一等、应被排斥，常与种族歧视和地域歧视结合。	数据集样本全部标注为仇恨，且上下文明确显示性别歧视和种族歧视；网络证据支持其用于贬低外嫁女性。
158	人接	Sexism	0.95	15	15	0	12	该词是'接盘'的缩写，用于贬低与黑人男性有过关系的女性，并暗示她们会欺骗中国男性，带有性别歧视和种族歧视色彩。	数据集和网络证据均显示该词在上下文中被用作仇恨言论，用于贬低特定群体，具有明确的性别歧视和种族歧视含义。
159	男拳	Sexism	0.95	13	12	1	12	指代极端男权主义者，常伴随对女性的贬低、物化及性别对立言论，具有侮辱性和攻击性。	数据集和网络证据均显示该词主要用于攻击或贬低男性群体，并伴随性别对立和歧视，符合仇恨/攻击性词汇标准。
160	些女人	Sexism	0.95	11	11	0	9	该术语在仇恨言论中用于指代女性群体，常伴随贬低、物化、性化或与种族歧视结合的描述，如将女性视为玩物、贬低其行为或与负面刻板印象关联。	数据集证据显示该术语在11个样本中全部被标注为仇恨，且主要归类为性别歧视（Sexism），部分兼有种族歧视（Racism）。样本内容明确包含对女性的贬低、物化和歧视性描述。网络证据虽未直接定义该词为侮辱性，但相关讨论表明其常出现在厌女和歧视性言论中。综合判断，该术语在仇恨言论中具有明确的性别歧视含义。
161	劣质	Racism	0.9	8	8	0	6	在仇恨言论中，“劣质”被用来贬低特定种族或群体，暗示其基因、血统或整体素质低劣，常与种族主义言论结合，如“劣质人”、“劣质基因”。	数据集显示该词在8个样本中全部被标注为仇恨言论，主要针对种族（Racism），且上下文明确用于贬低黑人群体。网络证据虽未直接显示该词为歧视语，但结合样本语境，其仇恨用法明确。
162	无脑	hate	0.95	9	9	0	8	用于贬低他人缺乏思考能力，常与群体标签结合，如'无脑txl'、'无脑女粉'、'无脑黑河南'等，表达对特定群体的歧视和攻击。	数据集9个样本全部标注为仇恨，涉及LGBTQ、性别歧视、地域歧视和种族歧视；网络证据显示该词为侮辱性词汇，常用于攻击特定群体。
163	户籍	Region	0.95	8	8	0	4	在仇恨言论中，“户籍”被用来指代个人的出生地或户口所在地，常与地域歧视结合，对特定地区人群进行负面刻板印象攻击，如“河南户籍的新疆人”等，暗示该地区人群低劣或应受歧视。	数据集样本中“户籍”全部用于地域歧视语境，如“河南户籍的新疆人”、“祖籍河南户籍上海”等，结合网络证据显示该词常被用作地域攻击标签，且与户籍制度歧视紧密相关。
164	物化女性	Sexism	0.95	6	6	0	5	指将女性视为物品或性对象，贬低女性人格尊严的言论，常用于攻击或指责女性自我物化或他人物化行为。	所有样本均用于仇恨语境，且网络证据显示该术语常用于性别歧视和贬低女性，属于仇恨言论。
165	黑人都是	Racism	0.95	8	8	0	1	该短语用于对黑人群体进行负面概括和贬低，常与刻板印象和仇恨言论相关联，如将黑人描述为‘灾祸的根源’、‘进化失败的猩猩’等。	所有标注样本均为仇恨言论，主要涉及种族主义，且网络证据支持该短语常用于种族歧视语境。
166	黑北方的总部	Region	0.95	5	5	0	5	该短语用于指代一个针对中国北方和河南地区进行系统性贬低和攻击的所谓‘总部’，带有强烈的地域歧视和仇恨色彩。	所有5个样本均标注为仇恨类别，且明确用于表达对北方人的地域歧视和仇恨。网络证据也显示‘黑北方’是常见的地域黑用语，该短语作为其变体，具有明确的仇恨含义。
167	黑河南	Region	0.95	49	44	5	37	用于贬低、歧视河南地区及河南人的仇恨言论，常与负面刻板印象（如偷盗、愚昧）关联。	该术语在数据集和网络证据中均明确用于地域歧视性攻击，属于典型的地域黑仇恨言论。
168	姆蛆	Sexism	0.95	4	4	0	6	将女性贬低为蛆虫的侮辱性词汇，用于攻击和歧视女性。	数据集所有样本均为仇恨言论，类别为性别歧视；网络证据显示该词为歧视语，常用于贬低女性。
169	东北被	Region	0.95	11	11	0	0	指东北地区被系统性地域歧视和攻击的现象，常用于表达对东北人的负面刻板印象和仇恨言论。	该术语在数据集和网络证据中均明确用于描述对东北地区的地域歧视和仇恨攻击，所有标注样本均为仇恨类别，且网络搜索证实其常用于地域黑语境。
171	黑小孩	Racism	0.95	6	6	0	5	指代黑人儿童时带有贬低、歧视色彩，常与负面刻板印象（如血统顽固、被抛弃、令人不适）关联，用于表达种族歧视。	数据集6个样本全部标注为仇恨，且上下文明确包含种族歧视言论；网络证据虽未直接定义该词为侮辱性，但提供了种族歧视用语背景，结合高仇恨比例，支持纳入。
172	原住民	Racism	0.9	6	6	0	5	在仇恨言论中，“原住民”被用来贬低或歧视特定族群，常与负面刻板印象（如未开化、懒惰、暴力）相关联，或用于攻击其他种族（如黑人）的语境中。	数据集显示所有6个样本均为仇恨言论，且类别纯度为1.0（全部为种族主义）。网络证据表明该词在特定语境下被用作贬义，如“番仔”指未开化原住民。结合两者，该词在仇恨言论中具有明确的种族歧视含义。
175	又丑	Racism	0.9	5	5	0	4	用于贬低特定种族（尤其是黑人）的外貌，常与'又黑'、'又臭'等词连用，构成种族歧视和性别歧视的侮辱性表述。	所有样本均为仇恨使用，且与种族歧视和性别歧视高度相关，网络证据也支持其侮辱性用法。
176	当舔狗	Sexism	0.9	4	4	0	3	用于贬低那些过度讨好女性、放弃自尊的男性，常与性别歧视言论结合，暗示女性利用或操纵男性。	数据集和网络证据均显示该词在上下文中被用于性别歧视性侮辱，贬低男性并暗示女性操纵。
178	正常女	Sexism	0.9	7	7	0	5	该术语用于将女性划分为“正常”和“非正常”两类，通常贬低不符合传统性别角色或种族偏好的女性，如女权主义者或与黑人交往的女性，构成性别歧视和种族歧视。	数据集和网络证据均显示该词常被用于区分所谓‘正常女性’与‘非正常女性’，结合性别歧视和种族歧视内容，具有明确的攻击性。
179	黑种人	Racism	0.95	6	6	0	6	该术语在中文语境中常被用于表达对黑人群体的种族歧视，包括贬低智商、宣扬种族隔离、暗示基因优越性等仇恨言论。	数据集所有样本均为仇恨言论，且网络证据显示该词常被用于种族歧视语境，结合两者判断应纳入研究词典。
180	母人	Sexism	0.95	7	7	0	8	将女性贬低为动物（如用“母”修饰），暗示女性智商低下、吸血、不会做饭等，用于侮辱和歧视女性。	所有样本均为仇恨标签，且网络证据显示该词被用于性别歧视和侮辱，将女性比作动物。
182	艾滋病感染率	Racism	0.95	6	6	0	5	该术语在仇恨言论中用于将艾滋病感染率与特定群体（如非洲人、黑人、同性恋者、女性）关联，暗示这些群体是疾病传播的源头，构成歧视性和仇恨性言论。	数据集和网络证据均显示该术语被频繁用于污名化特定群体，缺乏非仇恨性使用，且样本中所有标注均为仇恨言论。
183	黑北方的都	Region	0.95	6	6	0	1	用于指代对北方地区进行负面评价的人群，带有地域歧视和仇恨色彩，属于针对北方群体的仇恨言论。	该术语在样本中用于攻击北方人，如'黑北方的都是南蛮'，具有明显的地域歧视和侮辱性，且所有标注样本均为仇恨类别。
184	北方的都是	Region	0.95	6	6	0	1	该短语用于指代针对北方人的地域歧视性言论，常与'黑河南'、'南蛮'等贬义词汇共现，构成对北方人群体的攻击和污名化。	数据集证据显示该短语在6个样本中全部被标注为仇恨言论，且与'黑河南'、'南蛮'等地域歧视词汇共现；网络证据进一步证实该短语用于南北地域歧视语境。
185	铁拳	Sexism	0.9	4	4	0	4	在中文网络语境中，'铁拳'被用作隐喻，指代对女性群体的暴力压制或惩罚，常与'女拳'等词结合，表达对女性主义或女性的敌意和攻击性。	数据集4个样本全部标注为仇恨且属于性别歧视类别，上下文明确显示'铁拳'用于攻击女性群体，如'给小酰钕尝尝被铁拳砸的滋味'。网络证据虽部分涉及游戏，但样本一致表明其仇恨用法。
186	驱逐	Racism	0.9	8	8	0	6	用于煽动或表达对特定种族、民族或地区群体的排斥、驱逐或歧视，常与种族主义或地域歧视言论结合。	所有标注样本均为仇恨类别，主要分类为种族主义，样本中明确用于针对黑人、浙江人等群体的驱逐言论，且网络证据显示该词在仇恨语境中频繁使用。
187	腐女	Sexism	0.9	8	8	0	10	腐女一词在仇恨言论中用于贬低和攻击喜欢BL（男男恋）作品的女性，常与厌女和恐同情绪结合，暗示她们是“腐烂的女人”或行为不当，构成性别歧视和性取向歧视。	数据集显示该词在8个样本中全部被标注为仇恨，主要涉及性别歧视和LGBTQ歧视；网络证据表明该词常被用作侮辱性称呼，带有厌女色彩。综合判断该词在仇恨语境中具有攻击性，应纳入研究词汇表。
188	你们北方	Region	0.95	6	6	0	2	用于在南方与北方对立语境中，将北方群体作为整体进行贬低、嘲讽或歧视，常与'北佬'、'人上人'等贬称连用，暗示北方落后、依赖南方或素质低下。	数据集所有6个样本均为仇恨标注，类别为Region，且上下文明确包含地域歧视；网络证据显示'你们北方'常与'北佬'等贬称关联，用于地域攻击。
190	没啥存在感	Region	0.9	5	5	0	5	用于贬低中国某些省份或地区，暗示其无足轻重、缺乏影响力，构成地域歧视。	数据集5个样本全部标注为仇恨言论，且均针对中国省份（安徽、吉林、东北、广西）进行贬低；网络证据显示该短语被用于地域歧视。
191	配不上中国女人	Sexism	0.95	5	5	0	5	该短语用于贬低中国男性，暗示他们不配与中国女性在一起，是一种性别歧视言论。	数据集和网络证据均显示该短语在上下文中用于贬低中国男性，带有性别歧视和侮辱性，符合仇恨言论特征。
193	黑人白	Racism	0.9	7	7	0	4	该术语用于指代黑人和白人群体，常与负面刻板印象（如体味、混血恶心）和敌意关联，属于种族歧视性语言。	数据集证据显示该术语在7个样本中全部被标注为仇恨，主要涉及种族主义；网络证据也支持其用于种族歧视语境。术语本身并非固定贬义词，但在当前语境中几乎全部用于仇恨表达。
195	重拳出击	Racism	0.9	4	4	0	1	在仇恨言论中，用于表达对特定种族（尤其是黑人）群体的攻击性、侮辱性言论，常与种族歧视和排外情绪相关。	数据集样本全部为仇恨言论，且均涉及种族歧视；网络证据显示该词在特定语境下被用于攻击性言论，结合两者判断应纳入。
196	骂河南人	Region	0.95	6	6	0	3	用于针对河南人的侮辱性言论，属于地域歧视，常出现在仇恨言论和地域黑语境中。	数据集所有样本均为仇恨言论，且网络证据一致表明该短语用于地域歧视和侮辱，具有强烈的贬损含义。
197	骂东北	Region	0.95	6	6	0	3	用于表达对东北地区或东北人的攻击性、歧视性言论，常出现在地域黑语境中。	数据集所有样本均为仇恨类别，且类别为地域歧视；网络证据显示该短语常用于攻击东北人。
198	非洲去	Racism	1.0	6	6	0	3	用于要求黑人返回非洲，表达种族排斥和歧视，具有仇恨性质。	所有标注样本均为仇恨言论，类别为种族主义，且无任何非仇恨使用。
199	女人也	Sexism	0.95	8	8	0	1	该短语在上下文中用于贬低或物化女性，常出现在性别歧视言论中，例如“女人也没用”、“女人连牲口的待遇都不会有”等，表达对女性的轻视或仇恨。	数据集所有8个样本均标注为仇恨言论，主要类别为性别歧视，且样本内容明确显示该短语用于贬低女性。网络证据虽未直接确认该短语为固定黑话，但结合数据集高精度和一致性，支持将其纳入研究词典。
200	那些女拳	Sexism	0.95	4	4	0	3	该词是“女权”的谐音侮辱性变体，用于贬低和攻击女权主义者，常出现在性别对立语境中，带有强烈的敌意和歧视。	数据集和网络证据均一致表明该词在仇恨语境中使用，且无中性或正面用法。
202	所有国际鬼子虫类	Racism	0.95	3	3	0	3	该词组将'国际鬼子'（对日本人的蔑称）与'虫类'（将人贬低为虫子）结合，用于侮辱和攻击非中国人群体，尤其是日本人，构成种族歧视和仇恨言论。	数据集显示3个样本全部标注为仇恨，且类别为种族主义；网络证据表明'鬼子'和'虫类'均为侮辱性词汇，组合后强化了仇恨含义。
203	么丑	Sexism	0.95	5	5	0	4	用于贬低女性外貌，常与种族歧视结合，针对特定群体（如黑人、亚裔）进行侮辱。	所有标注样本均为仇恨言论，且结合种族和性别歧视，具有明确的侮辱性。
206	黑人搞	Racism	0.95	7	7	0	5	用于贬低和污名化与黑人发生性关系的女性，并暗示黑人是危险的、携带艾滋病等负面刻板印象，属于种族歧视和性别歧视的仇恨言论。	该短语在数据集样本中全部用于仇恨语境，结合种族歧视和性别歧视，且网络证据显示其与侮辱性词汇相关，因此支持作为仇恨/冒犯性/编码群体指称词汇。
207	黑社会	Region	0.9	6	6	0	5	用于对特定地域群体（如东北人、安徽人）进行负面刻板印象和歧视性描述，暗示该群体成员参与黑社会活动。	数据集样本中全部6条标注为仇恨，且均用于地域歧视；网络证据显示该词常被用作贬低特定群体的标签。
208	这个索玛女王	Sexism	0.95	6	6	0	1	该术语用于指代一位名为'索玛女王'的微博女权大V，常伴随性别歧视性言论，如'女拳'、'挑拨性别对立'等，用于攻击和贬低该人物及其所代表的女性主义立场。	数据集和网络证据均显示该术语在全部样本中用于仇恨语境，主要针对一位女性公众人物，内容涉及性别歧视和攻击，符合仇恨/攻击性群体指代词汇的定义。
209	肖万	Racism	0.95	7	7	0	7	该词指代杀害乔治·弗洛伊德的白人警察德里克·肖万，被用作种族主义仇恨言论，赞扬其暴力行为，并针对黑人群体进行贬低。	数据集和网络证据均显示该词几乎全部用于仇恨语境，被用来赞扬杀害黑人的警察，表达对黑人群体的敌意，属于种族歧视性编码语言。
211	黑人还	Racism	0.95	6	6	0	4	该短语在中文网络语境中常被用于贬低黑人群体，例如将黑人与大猩猩类比、暗示黑人血统顽固、或作为负面比较对象，具有明显的种族歧视和仇恨色彩。	数据集和网络证据均显示该短语在多个上下文中用于贬低黑人群体，具有强烈的种族歧视和仇恨色彩，且无任何非仇恨用法。
212	南蛮	Region	0.95	11	10	1	12	指代南方人，带有贬低和歧视意味，常用于地域攻击。	数据集10/11标注为仇恨，网络证据显示其为地域歧视用语，且样本中用于攻击南方人。
213	太恶心	hate	0.9	8	8	0	2	用于表达对特定群体（如同性恋、跨性别者、特定地区人群等）的强烈厌恶和歧视，属于仇恨言论。	数据集和网络证据均显示该短语在样本中频繁用于攻击LGBTQ群体、特定地域人群等，具有明确的贬损和仇恨含义，且所有标注样本均为仇恨言论。
214	的小仙女	Sexism	0.9	6	6	0	4	在中文网络语境中，“的小仙女”被用作对年轻女性的贬义标签，常与“公主病”、“特权诉求”、“过度维权”等负面行为关联，用于讽刺、贬低或攻击女性群体，带有性别歧视和仇恨色彩。	数据集所有样本均标注为仇恨言论，且类别主要为性别歧视；网络证据显示该词已演变为贬义标签，常用于性别对立攻击。
217	键盘侠	Racism	0.9	6	6	0	4	用于攻击特定群体（如种族、性别）的侮辱性称呼，指代在网络上发表极端、歧视性言论的人。	数据集和网络证据均显示该词在仇恨言论中用于攻击种族和性别群体，具有明确的歧视性。
218	说黑	Racism	0.95	14	14	0	2	用于贬低、侮辱黑人群体，暗示其低劣或不受欢迎，常与种族歧视言论关联；也用于地域歧视，如攻击北方人。	该术语在数据集和网络证据中几乎全部用于仇恨语境，主要针对黑人群体，带有明显的种族歧视色彩，且无已知的非仇恨用法。
219	看到黑人	Racism	0.95	6	6	0	1	该短语在中文网络语境中常被用于表达对黑人群体的厌恶、歧视或刻板印象，例如将黑人描述为“出没”、“洋垃圾”或引发“憎恶”情绪，构成种族歧视性语言。	所有6个样本均标注为仇恨言论，且全部属于种族歧视类别；网络证据显示该短语与种族歧视词汇“黑鬼”关联，具有明确的冒犯性。
220	没有黑人	Racism	0.95	6	6	0	1	该短语用于表达中国没有黑人种族，从而否认种族歧视的存在，但实际是在合理化对黑人的排斥和歧视，属于种族主义言论。	所有样本均标注为仇恨言论，且内容明确表达对黑人的排斥和歧视，如'中国籍没有黑人'、'中国自古以来就没有黑人这个种族'等，结合网络证据，该短语被用于种族主义言论。
221	lgbt	LGBTQ	0.9	7	7	0	6	在仇恨言论中，'lgbt'被用作对性少数群体的贬称，常伴随嘲讽、污名化和攻击性描述，如指责其双标、传播疾病或与阴谋论关联。	数据集所有样本均为仇恨用法，且网络证据显示该词常用于反LGBTQ语境，具有侮辱性。
222	为黑人	Racism	0.95	6	6	0	3	该短语在中文网络语境中常被用于表达对黑人的贬低、排斥或攻击，例如质疑产品“为黑人生产的？低档货？”或煽动“防范黑人的人种侵入”，属于种族主义仇恨言论。	数据集显示该短语全部出现在仇恨语境中，且与种族歧视高度相关；网络证据进一步证实其常用于侮辱性言论。
224	女拳师	Sexism	0.95	4	4	0	3	该词是'女权'的谐音贬称，用于攻击和贬低女权主义者，常出现在仇恨言论中，带有性别歧视色彩。	数据集样本全部标注为仇恨，且网络证据显示该词是侮辱性称呼，用于攻击女权主义者。
225	舔狗不	Sexism	0.95	5	5	0	0	该术语用于贬低对女性过度殷勤的男性，常与性别歧视言论关联，如将女性称为'幕刃'或贬低男性为'舔狗'，构成性别歧视和仇恨言论。	数据集全部5个样本均为仇恨言论，且全部标注为性别歧视；网络证据显示该词具有侮辱性含义，常用于性别歧视语境。
226	怪物	LGBTQ	0.9	8	8	0	6	用于贬低、侮辱或非人化LGBTQ群体（尤其是同性恋者）的歧视性用语，也用于种族和性别歧视语境。	数据集样本中8个实例全部标注为仇恨，且明确用于指代LGBTQ群体（如“通讯录怪物”），同时涉及种族和性别歧视；网络证据显示该词作为侮辱性用语广泛使用。
227	大人	Region	0.85	20	19	1	18	在中文网络语境中，'大人'常被用作后缀或组合词（如'南大人'、'上大人'、'羊大人'）来指代特定地域或群体，带有贬低、嘲讽或歧视意味，用于攻击或贬损该群体。	数据集显示19个仇恨样本，主要关联地域歧视，也涉及种族和性别歧视；上下文判断支持其为歧视性用语；网络证据虽未直接证实，但样本中明确用于贬低特定群体。
228	女拳要	Sexism	0.95	4	4	0	1	该术语是'女拳'的变体，用于贬低和攻击女权主义者，常出现在性别对立和仇恨言论中，暗示其要求无理或极端。	数据集和网络证据均显示该词用于攻击女权主义者，属于性别歧视性仇恨言论。
230	拳和	Sexism	0.95	4	4	0	2	用于贬低和攻击女性主义者，暗示其极端、无理取闹，常与'女拳'同义，属于性别歧视性黑话。	该术语在数据集和网络证据中均被用于贬低女性主义者，带有侮辱性和攻击性，属于性别歧视的仇恨言论。
232	井盖	Region	0.95	43	39	4	37	井盖在中文网络语境中常被用作对河南人的侮辱性代称，源于'河南人偷井盖'这一地域歧视性刻板印象，用于贬低和攻击河南人群体。	数据集显示该词在43个样本中有39个被标注为仇恨言论，主要针对河南人，且网络证据证实其作为地域歧视用语广泛使用。
233	黑哥哥	Racism	0.95	6	6	0	9	用于贬低和歧视黑人男性，常与性、污染、低等关联，带有种族主义和性别歧视色彩。	所有样本均为仇恨用法，结合网络证据表明该词与种族歧视相关，且常与性别歧视和地域歧视交织。
234	非洲黑人	Racism	0.94	15	14	1	14	该术语在中文语境中常被用于贬低和歧视非洲黑人，传播负面刻板印象，如智力低下、懒惰、乞讨等，并与侮辱性词汇'黑鬼'关联，构成种族仇恨言论。	数据集显示14/15条标注为仇恨，主要涉及种族主义内容；网络证据证实其常与侮辱性词汇关联，用于传播负面刻板印象和仇恨言论。
235	男人没	Sexism	0.85	7	7	0	4	该短语在上下文中用于贬低男性群体，表达对男性的负面刻板印象或歧视性言论，如'男人没有存在的必要'、'男人没理想'等，属于性别歧视用语。	数据集证据显示该短语在7个样本中全部被标注为仇恨，且主要类别为性别歧视（Sexism），上下文明确包含对男性的贬低。网络证据虽未发现该短语作为独立黑话，但支持其作为性别歧视用语的一部分。综合判断，该短语在仇恨言论研究中具有纳入价值。
239	焦虑问题的通讯录	LGBTQ	0.95	4	4	0	3	该短语将性别焦虑（性别认同障碍）与同性恋者（通讯录）关联，用于贬低和攻击LGBTQ群体，暗示其心理异常或病态。	数据集样本中该短语100%用于仇恨语境，全部标注为LGBTQ类别，且上下文明确显示其用于贬损LGBTQ群体。网络证据虽未直接解释该短语，但样本充分支持其作为仇恨用语。
240	低人一等	Racism	0.95	6	6	0	4	用于贬低特定群体（如华人、黑人、南方人、女性），暗示其社会地位低下，具有歧视性和攻击性。	该术语在数据集中几乎全部用于表达种族歧视，如将中国人描述为低人一等，或用于贬低黑人、南方人等群体，具有明显的歧视性和攻击性。网络证据也显示其常用于仇恨言论语境。
242	来中国的	Racism	0.9	6	6	0	3	该短语在仇恨言论中用于指代来华外国人（尤其是黑人和白人），并常与性行为、犯罪、低素质等负面刻板印象关联，构成种族歧视和性别歧视。	数据集显示该短语在6个样本中全部标注为仇恨言论，涉及种族和性别歧视；网络证据也支持其常用于歧视性语境。
243	东南沿海	Region	0.9	5	5	0	4	在仇恨语境中，'东南沿海'被用来指代一个被认为歧视北方/河南的群体，暗示该地区是地域攻击的源头，具有攻击性。	数据集显示该词在5个样本中全部被标注为仇恨，且与地域歧视相关；网络证据也支持其被用于负面语境。综合判断应纳入研究词典。
244	郭女	Sexism	0.95	7	7	0	8	用于贬低中国女性的侮辱性称呼，常与负面外貌描述（如卸妆恐怖、整容）和贬低性比较（如不如外国女性）结合，属于性别歧视性仇恨言论。	数据集和网络证据均显示该词在上下文中明确用于贬低中国女性，具有高度性别歧视和仇恨言论特征。
245	婊子	Sexism	0.95	4	4	0	5	用于侮辱女性，暗示其道德败坏或性行为不检点，常与性别歧视和种族歧视结合使用。	该词在数据集和网络证据中均被证实为高度仇恨性词汇，主要用于性别歧视，部分用例涉及种族歧视，符合纳入标准。
246	个黑	Racism	0.95	52	48	4	23	该词是'黑鬼'的缩写或变体，用于贬低和侮辱黑人群体，常出现在种族歧视语境中。	数据集证据显示该词在52个样本中有48个被标注为仇恨，hate_precision高达0.92，主要出现在种族主义语境中；网络证据也证实其作为'黑鬼'的变体用于侮辱黑人。
247	中国女拳	Sexism	0.95	4	4	0	4	该词是'女权'的谐音贬称，用于攻击女权主义者，常与性奴、脑残、吹牛等负面刻板印象关联，并与其他国家女性对比以贬低中国女性，属于性别歧视和地域歧视的仇恨言论。	数据集样本全部标注为仇恨，且网络证据显示该词被广泛用作侮辱性绰号，结合上下文明确包含性别歧视和地域歧视内容。
248	又丑又	Racism	0.95	4	4	0	4	用于贬低特定种族群体（如黑人）或性别群体（如女性），常与'又黑又丑'等组合使用，构成种族歧视和性别歧视的仇恨言论。	数据集样本全部标注为仇恨，且结合上下文明确针对种族和性别群体进行贬低；网络证据显示该短语常用于侮辱性语境，具有明确的歧视含义。
250	哥布林	Racism	0.95	6	6	0	7	在中文网络语境中，“哥布林”被用作侮辱性词汇，指代特定人群（如女性、犹太人等），常与种族主义和性别主义关联，用于贬低、攻击他人。	数据集显示该词在6个样本中全部被标注为仇恨言论，主要涉及种族主义和性别主义；网络证据也证实其在中文网络中被用作侮辱性词汇，具有明确的歧视含义。
251	龟男舔狗	Sexism	0.95	3	3	0	5	用于贬低和侮辱男性，指责其盲目顺从女性、讨好女性，并认为这种行为助长了女权主义，属于性别歧视性仇恨言论。	数据集和网络证据均一致表明该词组在多个语境中用于贬低和侮辱男性，常与性别歧视和仇恨言论相关联，符合仇恨/冒犯性词汇的定义。
252	天赋	Racism	0.9	7	7	0	4	在仇恨言论中，'天赋'一词常被用于贬低特定种族或地域群体，暗示其所谓的天赋是虚假、低劣或仅适用于特定领域，从而否定该群体的整体价值。	数据集样本中7条全部标注为仇恨，且明确用于贬低黑人和东北人，结合网络证据显示该词在特定语境下具有侮辱性，但本身并非仇恨词汇，需结合上下文判断。
257	中国男人的	Sexism	0.95	6	6	0	1	该短语用于贬低中国男性群体，将负面特质（如错误、祸害）归咎于所有中国男性，构成性别歧视和仇恨言论。	所有标注样本均为仇恨言论，且样本中明确将中国男性与负面评价关联（如“中国男人的错”、“中国男人应该灭绝”），结合网络证据中该短语在性别歧视语境中的高频使用，支持其作为仇恨/攻击性术语。
258	些女	Sexism	0.95	28	27	1	22	“些女”在仇恨语境中用于贬低女性群体，常与侮辱性描述（如物化、与疾病关联、贬低价值）结合，表达对女性的蔑视和攻击。	数据集显示27/28为仇恨样本，主要类别为性别歧视；网络证据支持其用于侮辱女性；样本内容明确包含性别歧视和仇恨。
259	中国男人配不上	Sexism	0.95	5	5	0	2	该短语用于贬低中国男性，暗示中国男性在外表、气质、能力等方面配不上中国女性，常被用作性别歧视和侮辱性言论。	数据集和网络证据均显示该短语几乎全部用于仇恨语境，主要针对中国男性进行性别歧视攻击，且常与地域和种族歧视结合。
260	男人配不上中国	Sexism	0.9	5	5	0	2	该短语用于贬低中国男性，暗示他们在外表、气质或能力上配不上中国女性，常伴随性别歧视和地域歧视。	数据集和网络证据均显示该短语在多个语境中被用于攻击中国男性，具有明确的性别歧视性质，且无非仇恨用法。
262	黑人白人	Racism	0.95	6	6	0	3	该短语在中文网络语境中常被用于表达对黑人和白人的种族歧视，通常与贬低、排斥、侮辱性言论相关联，如将黑人白人视为异类、攻击其体味、贬低其血统等。	数据集所有样本均为仇恨言论，主要类别为种族主义；网络证据显示该短语常出现在种族歧视内容中，且与侮辱性词汇关联。
264	txl	LGBTQ	0.95	52	47	5	56	txl是“同性恋”的拼音首字母缩写，在网络语境中常被用于指代同性恋群体，且大量样本显示其被用于仇恨言论，如“txl必死”、“感到txl恶心”等，表达对同性恋群体的歧视、攻击或负面刻板印象。	数据集显示该词在52个样本中有47个被标注为仇恨，且上下文包含明显歧视性内容；网络证据确认其为同性恋的缩写，并广泛用于仇恨言论。
265	西安人	Region	0.95	5	5	0	5	该术语在仇恨言论中用于指代西安人，常伴随地域歧视、贬低和攻击性言论，如诅咒、嘲讽其优越感等。	数据集和网络证据均显示该术语在样本中频繁用于地域仇恨言论，如'西安人死绝'、'西安人优越感可太高了'等，且所有标注样本均为仇恨类别，无非仇恨样本。
266	自古以来	Region	0.9	7	7	0	1	该短语在仇恨言论中被用作修辞工具，通过声称某群体或领土‘自古以来’属于某一方，来构建排外、歧视或领土主张的论述，例如否定种族歧视的存在或排斥特定群体。	数据集和网络证据均显示该短语在多个样本中被用于支持种族歧视、地域歧视和恐同言论，如‘中国自古以来就没有黑人’、‘自古以来就存在’（同性恋）等，具有明确的仇恨用途。
267	剩女	Sexism	0.95	6	6	0	6	用于贬低和侮辱大龄未婚女性的歧视性称呼，暗示她们是“被剩下的”、不受欢迎的，常与负面刻板印象关联。	数据集6个样本全部标注为仇恨且属于性别歧视类别，网络证据显示该词被广泛用于侮辱和歧视大龄未婚女性，符合仇恨/冒犯性术语标准。
268	横行	Sexism	0.9	7	7	0	6	用于描述女权、女拳或特定种族（如黑人）的负面行为，带有贬低和攻击性，暗示其泛滥成灾、不受控制。	所有标注样本均为仇恨类别，且与性别歧视、种族歧视等关联紧密，网络证据支持其作为攻击性词汇的用法。
269	黑皮	Racism	0.95	18	17	1	18	指代黑皮肤人群的贬义称呼，常与“白皮”并列使用，表达对非黄种人的排斥和侮辱，具有强烈的种族歧视色彩。	数据集显示该词在18个样本中有17个被标注为仇恨言论，主要涉及种族歧视；网络证据表明该词被视为负面性指代，类似英文中的'nigger'。
270	黑狗	Racism	0.9	4	4	0	4	在中文网络语境中，“黑狗”被用作对黑人的种族歧视称呼，将黑人与动物类比，带有侮辱性。	数据集所有样本均为仇恨言论，主要类别为种族主义；网络证据显示该词常被用于种族歧视，且维基百科列出类似用法。尽管存在非仇恨含义，但作为仇恨用语的使用频率高。
271	媚外女	Sexism	0.95	6	6	0	7	用于贬低和攻击被认为偏好外国男性的中国女性，常与性侮辱（如“丽春院”）和种族歧视（如“黑男人”）结合，构成性别歧视和种族歧视的仇恨言论。	该术语在数据集和网络证据中均明确用于贬低和攻击偏好外国男性的中国女性，常与性侮辱和种族歧视关联，属于仇恨/攻击性群体指称词汇。
272	布林	Racism	0.9	7	7	0	7	“布林”是“哥布林”的简称，在中文网络语境中常被用作侮辱性词汇，指代特定群体（如非自愿单身男性、被歧视的少数族裔等），带有种族主义和性别歧视色彩。	数据集显示7条样本全部标注为仇恨，且类别主要为种族主义和性别歧视；网络证据证实“布林”作为“哥布林”的简称，被用于污名化特定群体，具有攻击性。
273	黑黄	Racism	0.95	7	7	0	7	指黑人与黄种人的混血后代，在中文网络语境中常被用作贬义称呼，带有强烈的种族歧视和厌恶情绪。	所有样本均被标注为仇恨言论，且上下文明确显示该词用于贬低和歧视黑黄混血人群，涉及种族和性别歧视。
275	有性别焦虑问题	LGBTQ	0.95	4	4	0	3	该短语在上下文中被用作贬低跨性别者或性别焦虑者的侮辱性标签，常与'通讯录'（对同性恋的贬称）连用，暗示其性别认同是病态或可耻的。	数据集样本中该短语100%出现在仇恨语境中，与'通讯录'等贬称连用，且用于攻击性语句；网络证据显示其作为医学术语中性，但在样本中被用作歧视性标签。
276	性别焦虑问题的	LGBTQ	0.95	4	4	0	3	该短语在样本中用于贬低跨性别者，与'通讯录'（同性恋贬称）连用，暗示跨性别者'有问题'，构成对LGBTQ群体的攻击性言论。	所有标注均为仇恨言论，类别纯度为1.0，且网络证据显示该短语在语境中被用作侮辱性标签。
277	垃圾	Racism	0.86	51	44	7	43	用于贬低、侮辱特定种族或群体（如黑人、外国人）的词汇，常与“洋垃圾”等组合使用，表达歧视和仇恨。	数据集显示该词在44个仇恨样本中主要用于种族歧视（61次）和性别歧视（47次），网络证据也证实其作为侮辱性词汇常用于仇恨言论。非仇恨用法较少且不针对群体。
278	某省	Region	0.95	6	6	0	5	该术语在中文网络语境中常被用作地域歧视性用语，用于指代特定省份，并带有贬低、嘲讽、污名化等负面含义，如将某省人与‘作风彪悍’、‘卖惨’、‘背黑锅’等负面刻板印象关联，构成对特定地域群体的攻击。	数据集样本中所有标注均为仇恨类别，且全部与地域歧视相关，样本内容明确显示该词用于攻击特定省份群体，如‘东边某省逃荒过来的后裔’、‘南方某省卖惨’等。网络证据虽未直接定义该词为歧视语，但样本和搜索结果均表明其常用于地域攻击。综合判断，该词在仇恨言论中具有明确的地域歧视含义。
279	深柜	LGBTQ	0.95	6	6	0	5	用于指代未公开性取向的同性恋者，常带有贬低、嘲讽或攻击性含义，如'恐同皆深柜实锤'、'深柜竟是反同头子本人'等，属于针对LGBTQ群体的仇恨言论。	该术语在数据集和网络证据中均被用于仇恨语境，常与'恐同即深柜'等侮辱性表述关联，用于攻击或贬低他人，且所有标注样本均为仇恨类别，证据充分。
282	同恋	LGBTQ	0.95	16	15	1	15	该术语在仇恨语境中用于指代同性恋群体，常出现在反同言论中，带有歧视性和攻击性。	数据集显示该词在16个样本中有15个被标注为仇恨，且常出现在反同言论中，如'反同恋吧'、'同恋太丢中国的脸'等。网络证据也表明该词常被用作歧视性用语。
283	昆虫纲	Racism	0.95	5	5	0	4	将特定族群非人化，比喻为低等昆虫或寄生虫，表达种族歧视和仇恨。	所有样本均用于仇恨语境，将特定群体贬低为低等昆虫，属于种族歧视性非人化用语。网络证据显示'昆虫纲'与'清虫'等歧视性词汇关联，进一步支持其作为仇恨术语。
284	白左	Racism	0.95	7	7	0	8	用于贬低和攻击持有自由派或左翼政治立场的白人群体，常与虚伪、无知、道德优越感等负面标签关联，并常出现在种族主义、排外等仇恨言论中。	数据集显示该词在7个样本中全部标注为仇恨，且常与种族歧视言论结合；网络证据表明该词被广泛用作贬义词，用于嘲讽和攻击特定群体，符合仇恨/攻击性术语标准。
286	找黑人的	Racism	0.95	15	14	1	11	该短语用于贬低和污名化与黑人男性交往的女性，常与种族歧视和性别歧视言论一同出现，暗示这种行为是‘污染’、‘丑陋’或‘可耻’的。	数据集显示该短语在15个样本中有14个被标注为仇恨言论，主要涉及种族歧视和性别歧视；网络证据也表明其与种族歧视词汇‘黑鬼’相关联，常用于侮辱性语境。
287	能接受	Racism	0.85	25	23	2	19	该短语在特定语境中用于表达对特定种族（如黑人）、性别或性取向群体的排斥或歧视性态度，常带有负面预设和刻板印象。	数据集显示该短语在23/25的样本中用于仇恨语境，主要针对种族（黑人）和性取向群体，且上下文明确表达排斥或歧视。网络证据虽未显示其为固定侮辱性词汇，但结合数据集高比例仇恨使用，决定纳入。
290	非我族类	Racism	0.95	5	5	0	2	该短语源自《左传》，原意为不是同族的人其心必异，但在仇恨言论中被用来表达对外族（尤其是黑人和白人）的排斥、敌视和歧视，煽动种族仇恨。	数据集所有样本均用于种族主义仇恨言论，网络证据显示该短语在仇恨语境中频繁使用，支持其作为种族主义编码词汇。
292	河南人在	Region	0.95	5	5	0	2	该短语用于指代河南人，常出现在带有负面刻板印象和歧视性言论的语境中，如指责河南人名声差、爱骗人、抢金骗金等，构成地域歧视性仇恨言论。	所有标注样本均为仇恨言论，且网络证据显示'河南人'常被用作歧视性词汇，该短语符合仇恨/攻击性/编码群体指称词汇的定义。
293	人配不上	Sexism	0.9	6	6	0	3	该短语用于贬低中国男性，表达‘中国男人配不上中国女人’的性别歧视观点，常与地域和种族言论结合，构成仇恨言论。	数据集显示该短语100%用于仇恨语境，主要针对性别歧视，并涉及地域和种族攻击；网络证据虽未直接定义该短语为黑话，但支持其用于歧视性语境。综合决定纳入。
294	体味	Racism	0.9	7	7	0	6	在仇恨言论中，“体味”被用来贬低特定种族或地区群体（如印巴人、印度人、黑人、白人），暗示其身体气味令人不适，从而将其污名化，构成种族或地域歧视。	数据集和网络证据均显示“体味”在样本中频繁用于贬低特定族群，与种族主义和地域歧视高度相关，且所有标注样本均为仇恨言论。
295	碰瓷	Region	0.85	7	7	0	6	在仇恨言论中，'碰瓷'被用来指责某个群体（如地域、性别、性取向等）故意制造事端或攀附更优越的群体，以贬低对方并抬高自己，带有强烈的攻击性和歧视性。	数据集显示该词在7个样本中全部被标注为仇恨言论，涉及地域、性别、种族、性取向等多个类别，且上下文明确用于贬低特定群体。网络证据表明其核心含义并非仇恨用语，但在特定语境下被借用来表达攻击性。综合判断，该词在仇恨言论中具有明确的歧视性用法，应纳入研究词典。
298	昆虫	Racism	0.95	6	6	0	4	在仇恨言论中，将特定群体非人化，比喻为低等生物（如昆虫纲卵体寄生虫），以表达种族歧视和仇恨。	数据集样本中该词全部用于仇恨语境，将目标群体贬低为昆虫纲卵体寄生虫，具有强烈的种族主义侮辱性；网络证据也显示类似用法在中文仇恨言论中常见。
300	最歧视	Region	0.95	5	5	0	5	用于表达对特定地区群体的歧视性态度，常与负面刻板印象和贬低性言论结合，如针对安徽人、北方人、东北人、湖南湖北及成都女性等。	该短语在数据集和网络证据中均被用于表达对地区群体的歧视，所有标注样本均为仇恨言论，且网络搜索未发现非歧视性用法。
302	梅事	others	0.95	7	7	0	6	该词是中文网络黑话，利用谐音将性病（梅毒）伪装成日常用语，用于侮辱、贬低他人，尤其在涉及性行为或性病的语境中。常与种族、性别歧视言论结合使用。	数据集显示所有标注样本均为仇恨言论，且与种族、性别歧视结合；网络证据证实其为谐音黑话，用于侮辱性攻击。
305	女权们	Sexism	0.95	5	5	0	3	该词用于贬低、嘲讽或攻击女性主义者，表达对女权运动的敌意和性别歧视。	所有数据集样本均为仇恨标签，且网络证据显示该词常被用于性别歧视性攻击。
306	黑江浙	Region	0.95	5	5	0	3	该术语用于指代对江浙地区（江苏、浙江、上海）的地域歧视性攻击，常出现在负面语境中，如“黑江浙”、“骂江浙人”等，构成仇恨言论。	数据集样本全部为仇恨标签，且网络证据支持其作为地域歧视用语，结合两者判断该词具有明确的仇恨/攻击性含义。
307	比男人	Sexism	0.95	5	5	0	4	用于将女性与男性进行比较，并暗示女性在生理、智力或道德上劣于男性，从而贬低女性群体。	所有数据集样本均用于仇恨语境，贬低女性；网络证据虽未直接定义该短语为黑话，但样本显示其作为对比结构强化对女性的负面刻板印象，符合仇恨言论特征。
308	举报三非	Racism	0.95	5	5	0	3	煽动举报所谓‘三非’（非法入境、非法居留、非法就业）外国人，尤其针对黑人群体，带有种族歧视和仇恨色彩。	该短语在样本中明确用于针对黑人群体，煽动举报行为，带有种族歧视和仇恨色彩，且所有标注样本均为仇恨言论。
310	乐色	Racism	0.95	6	6	0	9	该词是“垃圾”的谐音或方言变体，在网络语境中常被用作侮辱性词汇，尤其用于指代黑人群体（如“黑乐色”），带有种族歧视和贬低意味。	数据集显示所有标注均为仇恨言论，主要类别为种族歧视，样本中明确用于指代黑人群体并带有侮辱性；网络证据证实其为“垃圾”的变体，常用于贬低他人。
313	畜狌	Racism	0.9	10	9	1	9	用于指代特定种族群体的侮辱性称呼，将其非人化并描述为具有动物本能，构成种族歧视和仇恨言论。	数据集显示该词在90%的样本中用于仇恨语境，主要针对特定种族群体，且网络证据支持其作为种族歧视用语。
314	全世界都	Racism	0.85	6	6	0	3	该短语在仇恨言论中用于表达对特定群体的普遍排斥或负面刻板印象，常与种族、性别或性取向歧视结合，如'全世界都不欢迎黑'、'全世界都讨厌黑'、'全世界都压迫'、'全世界都是同性恋'等，具有攻击性和歧视性。	数据集证据显示该短语在6个样本中全部被标注为仇恨言论，涉及种族主义、性别歧视和LGBTQ歧视，且上下文明确表达对群体的排斥或贬低。尽管网络证据未显示其作为独立侮辱性词汇，但结合数据集高精度和一致性，该短语在特定语境下具有明确的仇恨用途。
316	xx	Region	0.95	8	8	0	1	用于指代特定地区群体，带有贬低和歧视性含义，属于地域歧视用语。	数据集样本中该词明确用于地域歧视，且上下文显示其具有侮辱性；网络证据虽未直接证实，但数据集证据充分。
317	吴施蒙	Sexism	0.95	7	7	0	5	该词指代成都黑帽门事件中的女性吴施蒙，被用于侮辱和歧视中国女性，尤其是与黑人发生关系的女性，带有强烈的性别歧视和种族歧视色彩。	数据集和网络证据均显示该词在仇恨言论中高频使用，用于攻击和贬低女性，且与种族歧视交织，符合纳入标准。
319	是外地人	Region	0.9	6	6	0	1	该术语在上下文中用于将负面行为（如犯罪、自私、欺骗）归因于非本地户籍的人，构成地域歧视和仇恨言论。	数据集显示所有标注样本均为仇恨言论，且类别以地域歧视为主；网络证据表明该词常被用于贬低外地人，与负面行为关联。
322	死光	Region	0.95	4	4	0	4	用于表达希望某个群体（如男性、江苏人、东北人）全部死亡，具有强烈的仇恨和歧视意味。	所有标注样本均为仇恨言论，且网络证据显示该词常与'全家死光'等侮辱性短语关联，用于攻击性言论。
323	猴子	Racism	0.95	7	7	0	7	用于贬低特定地域群体（如南方人、两广人、江浙人）、种族群体（如黑人）以及性少数群体的侮辱性称呼，暗示其低等、野蛮或动物化。	数据集7条样本全部标注为仇恨言论，涵盖地域、种族和性少数群体歧视；网络证据显示该词在中文语境中常被用作种族和地域歧视用语。
324	都是男的	Sexism	0.85	5	5	0	2	该短语在特定语境中用于贬低或质疑女性群体，暗示女性不值得被关注或参与，或认为女性行为是男性伪装的，具有性别歧视和攻击性。	数据集证据显示该短语在5个样本中均被标注为仇恨言论，主要涉及性别歧视，且上下文明确表现出对女性的贬低。虽然网络证据未直接支持其为固定黑话，但结合数据集的高一致性和上下文判断，该短语在特定语境中具有明确的仇恨含义。
325	骂男	Sexism	0.95	6	6	0	5	用于指代对男性进行辱骂或攻击的行为，常出现在性别对立语境中，带有性别歧视性质。	该术语在数据集和网络证据中均显示为高度仇恨性，主要用于攻击男性群体，属于性别歧视仇恨言论。
327	交往过黑人	Racism	0.95	5	5	0	5	该短语用于贬低和歧视与黑人有恋爱关系的人，暗示这种关系是污点或令人厌恶的，常与种族主义和性别歧视交织。	数据集和网络证据均一致表明该短语用于表达对与黑人交往的歧视和排斥，具有明确的种族主义和性别歧视含义。
328	黑人的女的	Racism	0.95	5	5	0	5	指与黑人男性有关系的女性，常被用于传播艾滋病、贬低等歧视性刻板印象，带有种族和性别双重侮辱。	该术语在数据集和网络证据中均被用于仇恨语境，与艾滋病、贬低等负面刻板印象强关联，且无中性或非仇恨用法，符合仇恨/冒犯性编码群体指称术语的定义。
329	cp	LGBTQ	0.9	7	7	0	2	在中文网络语境中，'cp'（配对）被用于贬低同性恋关系，常与'腐女'、'恶心'等词共现，表达对同性恋的厌恶和歧视。	数据集显示该词在7个样本中全部被标注为仇恨言论，主要针对LGBTQ群体，且与'恶心'、'ex'等侮辱性词汇共现。网络证据也表明该词在特定语境下被用于攻击同性恋。
331	打女	Sexism	0.85	6	6	0	4	在中文网络语境中，“打女”常作为“打女拳”的缩写，用于贬低和攻击女性或女权主义者，带有性别歧视和敌意。	数据集证据显示该词在多个样本中用于性别歧视语境，所有标注均为仇恨，且主要类别为性别歧视。尽管网络搜索未直接将其列为侮辱性词汇，但样本上下文明确显示其作为攻击性缩写的用法。综合判断，该词应纳入研究词典。
332	打女拳	Sexism	0.95	3	3	0	3	用于贬低或攻击支持女性权益的人，常与侮辱性词汇连用，构成性别歧视性仇恨言论。	数据集和网络证据均一致表明该词用于性别歧视性仇恨言论，样本中全部标注为仇恨，网络来源明确描述其为侮辱性绰号。
333	棉花	Racism	0.95	6	6	0	5	在中文网络语境中，“棉花”常被用作针对黑人的种族歧视性隐喻，与历史上美国南方种植园中黑人被迫摘棉花这一压迫性劳动相关联，用于贬低或侮辱黑人群体。	数据集样本中所有6条标注均为仇恨言论，且主要类别为种族歧视；网络证据显示“棉花”及“摘棉花”在中文和英文中均被用作种族侮辱性用语，与历史压迫相关。
335	上海歧视	Region	0.95	5	5	0	1	指对上海地区或上海人的歧视性态度或言论，通常表现为地域偏见、贬低或排斥。	该术语在数据集和网络证据中均明确用于表达对上海的地域歧视，所有标注样本均为仇恨类别，且类别纯度为1.0。网络搜索结果进一步证实其作为歧视性用语的普遍性。
336	黑人的女人	Racism	0.95	5	5	0	3	该短语用于贬低和歧视与黑人男性有关系的女性，暗示她们低人一等或做出错误选择，结合了种族主义和性别主义的偏见。	所有样本均为仇恨标签，且网络证据支持其作为种族主义和性别主义侮辱性用语，符合仇恨/冒犯性群体指代词汇的定义。
337	很多黑	Racism	0.9	6	6	0	3	指代黑人群体，并带有负面刻板印象或歧视性表述，如将黑人与性工作者关联、表达对黑人的厌恶等。	所有标注样本均为仇恨言论，主要针对黑人群体，伴随种族歧视和地域歧视内容；网络证据支持该短语在中文语境中常被用作对黑人的歧视性简称。
338	中国女人	Sexism	0.85	37	33	4	32	该术语在仇恨语境中用于贬低中国女性，常与种族主义和性别歧视结合，例如指责中国女性与外国男性（尤其是黑人）的关系，或将其污名化为背叛国家、道德败坏。	数据集显示89%的标注为仇恨，主要涉及性别歧视和种族主义；样本中常与贬低中国女性与黑人男性关系、指责背叛国家等语境关联。虽然该词本身中性，但在特定语境中已成为攻击性标签，且网络证据显示其被用于系统性污名化。
341	没有存在感	Region	0.9	4	4	0	4	用于贬低或轻视特定地区（如陕西、河北、甘肃、江西），暗示这些地区无关紧要、不被重视，属于地域歧视性用语。	数据集样本全部标注为仇恨，且均用于贬低中国省份，构成地域歧视；网络证据虽未直接定义该短语为仇恨用语，但样本显示其负面用法，且短语本身具有贬低含义。
343	的生存空间	Racism	0.95	5	5	0	3	该短语在仇恨言论中用于表达对特定种族或群体（如黑人、女权主义者）的排斥和歧视，暗示其存在会挤占‘我们’的生存空间，常与纳粹‘生存空间’概念关联，具有种族主义和性别歧视色彩。	数据集样本中所有5条均被标注为仇恨，且类别以种族主义为主；网络证据显示该短语与纳粹‘生存空间’理论及排斥性言论紧密相关。
344	黑黄混血	Racism	0.95	5	5	0	5	用于贬低和歧视黑人与黄种人（中国人）的混血后代，暗示其“不伦不类”、“恶心”，并常与种族灭绝焦虑和性别歧视（指责与黑人交往的女性）相关联。	该术语在全部5个样本中均用于表达对黑黄混血群体的歧视、厌恶或排斥，常与种族主义（如'不伦不类'、'恶心'）和性别歧视（如指责与黑人交往的女性）关联，属于仇恨言论。网络证据也表明类似词汇具有侮辱性。
346	滥交	others	0.9	7	7	0	6	该词在仇恨言论中用于污名化特定群体（如黑人、同性恋、女性），将其与滥交、艾滋等负面行为关联，构成歧视性、仇恨性或冒犯性语言。	数据集和网络证据均显示该词在上下文中常被用于攻击和贬低特定群体，具有明确的仇恨言论特征。
348	人黑	Region	0.88	26	24	2	13	用于地域歧视语境，表达对特定地域群体的负面评价或攻击，如“上海人黑安徽”、“黑河南人”等。	数据集显示“人黑”主要出现在地域歧视语境中，hate_count高达24，category_purity为0.81，主要类别为Region。网络证据也支持其用于种族歧视，但样本中更常见于地域攻击。综合判断应纳入研究词典。
349	凯乐	Racism	0.95	6	6	0	5	指代反犹太主义阴谋论中的'凯乐奇计划'，用于煽动对犹太人的仇恨和种族歧视，声称犹太人通过引入其他种族来灭绝中华民族。	该术语在提供的样本中明确指代反犹太主义阴谋论中的'凯乐奇计划'，所有标注为仇恨的样本均涉及种族主义，且无任何非仇恨用法。网络证据未直接支持该词为仇恨术语，但样本上下文强烈表明其作为种族主义编码词的使用。
350	地域黑	Region	0.95	120	104	16	90	指针对特定地域（如省份、城市、区域）的群体进行贬低、侮辱或传播刻板印象的言论，常包含偏见和歧视。	数据集显示该词在104个样本中被标注为仇恨言论，主要涉及地域歧视；网络证据也明确将其与地域歧视、侮辱性言论关联。
352	母拳	Sexism	0.95	3	3	0	4	用于贬低和攻击女性，特别是女权主义者的侮辱性词汇，是“女拳”的变体，带有性别歧视和仇恨色彩。	数据集样本全部标注为仇恨且类别为性别歧视，网络证据显示该词是“女拳”的变体，用于攻击女权主义者，属于性别歧视性黑话。
354	染艾	hate	0.95	18	17	1	15	指男同性恋者感染艾滋病，用于污名化、贬低LGBTQ群体，暗示同性恋与艾滋病直接关联。	该词在数据集中17/18为仇恨标注，且样本中明确用于攻击同性恋群体，将艾滋病与性取向挂钩，具有强烈侮辱性。
355	很脏	Sexism	0.9	4	4	0	4	用于贬低特定群体，如将河南人描述为不爱干净（地域歧视），将与男性或外国人发生过性关系的女性污名化为不洁（性别歧视），或贬低与外国人谈过恋爱的男性（种族歧视）。	所有样本均被标注为仇恨言论，且该词在多个语境中明确用于贬低地域、性别和种族群体，结合网络证据显示其常用于侮辱性语境，因此应纳入研究词典。
356	接盘	Sexism	0.9	52	47	5	34	在仇恨言论中，“接盘”指男性与有过感情经历或生育史的女性建立关系，暗示女性是“被抛弃的”或“贬值的”，同时侮辱男性是“接盘侠”，常与性别歧视和种族歧视关联。	数据集显示52个样本中47个为仇恨用例，主要涉及性别歧视和种族歧视；网络证据表明该词常用于贬低女性和侮辱男性，且多数样本为仇恨言论。
358	女人结婚	Sexism	0.9	5	5	0	2	该短语在仇恨言论语境中用于贬低女性，将女性结婚与金钱利益、性贬低、物化等负面刻板印象关联，或对女性提出不合理要求，表达性别歧视观点。	所有样本均被标注为仇恨言论，且语境一致体现性别歧视；网络证据显示该短语与侮辱性词汇相关，如“婚驴”，并用于物化女性。
361	别留在中国	hate	0.95	5	5	0	5	该短语用于要求特定群体（如女性、与外国人结婚者、非洲裔等）离开中国，表达排斥和歧视，带有仇恨色彩。	数据集和网络证据均显示该短语在多个上下文中被用于表达对特定群体的歧视和排斥，要求他们离开中国，具有明确的仇恨和歧视性。
364	女拳没	Sexism	0.95	3	3	0	2	该术语是'女拳'的变体，用于贬低和攻击女权主义者，常出现在性别对立语境中，表达对女权主义者的敌意和歧视。	数据集和网络证据均一致表明该词用于仇恨言论，属于性别歧视。
365	黑人搞过	Racism	0.95	5	5	0	5	该短语用于贬低和污名化与黑人发生性关系的女性，并暗示黑人是危险的、携带艾滋病的群体，构成种族歧视和性别歧视。	数据集和网络证据均一致表明该短语在上下文中被用于仇恨言论，具有明确的种族歧视和性别歧视含义，且无其他非仇恨用法。
367	后代虫混的	Racism	0.95	4	4	0	3	该术语用于贬低非白人群体，将其比作虫子，并强调其血统不纯，带有强烈的种族歧视和仇恨色彩。	所有样本均显示该词用于种族主义仇恨言论，且网络证据支持其侮辱性含义。
368	小作文	Sexism	0.9	5	5	0	2	在网络语境中，用于贬低或质疑女性撰写的维权、情感叙述或指控性文字，常暗示其内容虚假、煽动或不可信，从而攻击女性发声的可信度。	数据集显示该词在5个样本中全部被标注为仇恨言论，且主要关联性别歧视（Sexism）类别；网络证据也支持其作为攻击性用语，用于诋毁女性发声。
369	女人真	Sexism	0.9	6	6	0	1	该术语在上下文中用于贬低女性，暗示女性能力不足、无知或行为不当，构成性别歧视。	所有样本均显示该术语用于性别歧视语境，且网络证据支持其常出现在侮辱性言论中。
370	杂交	Racism	0.95	6	6	0	4	用于贬低跨种族关系或混血人群，常与动物杂交类比，表达种族歧视和仇恨。	该词在数据集和网络证据中几乎全部用于种族歧视语境，如将混血儿称为'杂交'，并伴有'人狗杂交'等极端侮辱性表述。网络证据也明确指出'杂种'用于人类时是极具侮辱性的骂语，隐含对他人血缘、出身的贬低和歧视。
372	娘炮	Sexism	0.95	6	6	0	7	用于贬低具有女性化特征的男性，暗示其软弱、缺乏男子气概，常与性别歧视、恐同及种族歧视关联。	数据集和网络证据均强烈支持该词为仇恨用语，主要用于性别歧视和恐同攻击。
374	坦克	Sexism	0.95	6	6	0	7	在中文网络语境中，“坦克”被用作对肥胖女性的侮辱性称呼，常出现在性别歧视和人身攻击的言论中。	数据集和网络证据均一致表明，“坦克”在中文网络中被广泛用作针对肥胖女性的侮辱性词汇，属于性别歧视性仇恨言论。
376	去死	hate	0.92	12	11	1	8	用于诅咒他人死亡，常针对特定群体（如LGBTQ、地域、性别、种族）表达仇恨和攻击性。	数据集显示该词在12个样本中有11个被标注为仇恨，主要针对LGBTQ、地域、性别和种族群体，且网络证据表明其作为侮辱性用语被广泛认知。
377	南满	Region	0.95	14	13	1	15	用于指代中国南方人，常与地域歧视和攻击性言论相关联，如“南满不是人，南满是满子”，带有贬低和仇恨色彩。	数据集显示该词在14个样本中有13个被标注为仇恨，且样本中明确用于地域攻击，如“黑河南、黑北方的都是南满”。网络证据虽未直接确认，但结合上下文，该词在当代网络语境中已成为地域歧视性黑话。
378	潜伏期	Racism	0.9	6	6	0	2	在仇恨言论中，该词被用来暗示黑人或特定群体携带艾滋病病毒，从而进行种族主义和性别歧视的污名化攻击。	数据集样本中该词全部用于仇恨语境，与种族主义和性别歧视高度关联；网络证据显示其被用作歧视性隐喻。
379	个南	Region	0.9	9	9	0	7	个南是用于贬低、攻击南方人的地域歧视性用语，常出现在地域攻击语境中，如“黑河南、黑北方的总部是广州”等。	数据集所有样本均为仇恨标签，且上下文明确指向地域歧视；网络证据虽未直接定义该词，但支持其用于地域攻击。
380	黄色	Racism	0.9	6	6	0	2	在仇恨言论中，“黄色”被用作针对黄种人的种族歧视标签，常与“黑色”等对比，暗示黄色人种是正宗或优越，而其他肤色是低劣或异种，或直接用于贬低黄种人。	数据集样本中“黄色”明确用于种族歧视语境，如将黑色人种称为垃圾材料、要求黑人染成黄色等；网络证据显示“黄色”在特定语境下具有侮辱性，如“Yellow Monkey”等蔑称。综合判断该词在仇恨言论中具有明确的种族歧视含义。
383	开地图炮	Region	0.95	4	4	0	4	指对某个地区或地域群体进行无差别攻击、贬低或歧视的言论行为，常以偏概全地否定整个群体。	数据集样本全部标注为仇恨，且网络证据一致表明该词用于地域歧视和攻击，符合仇恨言论特征。
384	纠正取向	LGBTQ	0.95	4	4	0	4	该短语用于表达对同性恋群体的歧视和仇恨，要求或强制其改变性取向，暗示同性恋是病态或不正常的，属于针对LGBTQ群体的仇恨言论。	数据集和网络证据均表明该短语在样本中用于表达对同性恋群体的歧视和强制改变性取向的恶意，属于针对LGBTQ群体的仇恨言论。
385	偷井盖的	Region	0.95	4	4	0	4	用于侮辱、贬低河南人的地域歧视性称呼，暗示河南人偷窃井盖，将河南人与偷盗行为不当关联。	该术语在数据集和网络证据中均明确用于地域歧视和仇恨言论，所有样本均为仇恨标签，且网络来源证实其作为歧视性用语的普遍性。
387	都去非洲	Racism	0.95	5	5	0	4	用于表达希望特定群体（如与黑人交往或结婚的女性、黑人等）离开中国去非洲，带有种族歧视和排外色彩，常与性别歧视结合。	所有样本均为仇恨标签，短语用于驱逐特定群体，结合种族和性别歧视，网络证据支持其侮辱性。
388	居心叵测	Racism	0.9	5	5	0	1	用于指责他人怀有险恶用心，常与种族或地域歧视性言论结合，攻击特定群体（如黑人、日本人等），构成仇恨言论。	数据集显示该词在5个样本中全部标注为仇恨，且与种族歧视（Racism）和地域歧视（Region）高度相关；网络证据也表明其常用于攻击性语境。
389	过黑人的	Racism	0.95	5	5	0	5	用于贬低与黑人男性有过关系的女性，暗示她们不洁、有疾病或低人一等，常与种族歧视和性别歧视言论关联。	数据集所有样本均为仇恨言论，且网络证据显示该短语在中文网络中被用作种族歧视和性别歧视的攻击性标签。
390	分裂势力	Sexism	0.95	5	5	0	5	该术语在仇恨言论中用于贬低和攻击特定群体（如中国女性、妇联、女权组织），将其污名化为‘分裂势力’，暗示其破坏国家统一或社会和谐，带有性别歧视和排斥意味。	数据集样本中该词全部用于仇恨语境，攻击对象包括中国女性、妇联、女权组织等，将其标签化为‘分裂势力’，具有明显的性别歧视和仇恨色彩。网络证据也显示该词在政治语境中常被用于攻击异见群体，具有侮辱性。综合判断应纳入研究词典。
391	比女人	Sexism	0.9	5	5	0	2	该短语用于将男性与女性进行比较，通常带有贬低意味，暗示男性具有女性特质是负面的，或通过对比来贬低某一性别，属于性别歧视言论。	数据集和网络证据均显示该短语在多个上下文中被用于性别歧视性攻击，例如将男性描述为比女性更轻松、更不挑、更积极等，符合仇恨言论模式。
393	让黑	Racism	0.95	6	6	0	2	该词在中文网络语境中作为种族歧视编码用语，用于指代黑人群体，常与侮辱性词汇连用，表达贬低、仇恨或攻击性态度。	所有标注样本均为仇恨言论，主要类别为种族主义，且网络证据支持该词为种族歧视用语。
394	人形畜狌	Racism	0.95	3	3	0	2	将人贬低为牲畜的种族歧视性侮辱用语，用于攻击特定种族群体，暗示其只有动物本能、缺乏人性。	该词在三个样本中均用于种族歧视语境，将人比作牲畜，具有强烈侮辱性，所有标注均为仇恨言论，且数据集证据充分。
395	中国女	Sexism	0.88	81	71	10	79	该术语常被用于针对中国女性的性别歧视言论，常与地域歧视和种族歧视交织，例如将中国女性与性开放、贬低等负面刻板印象关联。	数据集和网络证据均显示该词在仇恨言论中高频使用，主要涉及性别歧视和地域歧视，且样本中hate比例高达87.65%。
396	飞周	Region	0.95	6	6	0	7	该词用于贬低和歧视特定地区（飞周）的人群，常与贫穷、愚笨、懒惰、多病等负面刻板印象关联，并带有种族和性别歧视色彩。	数据集和网络证据均显示该词在全部样本中用于仇恨语境，主要针对特定地区进行贬低，涉及地域、种族和性别歧视，符合仇恨言论定义。
397	黑比	Racism	0.95	6	6	0	5	对黑人的种族歧视性称呼，相当于英语中的n-word，常与地域歧视结合使用。	所有标注样本均为仇恨言论，明确用于种族歧视和地域攻击，外部证据确认其为'黑鬼'的变体，是严重侮辱性称呼。
398	黑人女性	Racism	0.95	5	5	0	4	该术语在仇恨语境中用于指代黑人女性，常伴随种族主义和性别歧视的负面刻板印象，如将黑人女性比作野兽、质疑与黑人女性交往的正常性、以及基于种族和性别的贬低性比较。	数据集证据显示该术语在5个样本中全部被标注为仇恨言论，且涉及种族主义和性别歧视；网络证据也表明该词常被用于侮辱性语境。综合判断该术语在仇恨语境中具有明确的歧视性含义。
399	男舔	Sexism	0.95	5	5	0	7	用于贬低那些被认为过度讨好女性或支持女权主义的男性，带有歧视性和攻击性，属于性别歧视语言。	该术语在数据集和网络证据中均被用于贬低男性，指代对女性过度讨好、丧失尊严的男性，带有强烈的性别歧视和侮辱性。所有样本均被标注为仇恨言论，主要类别为性别歧视，且无任何非仇恨用法。
401	延续	Racism	0.9	6	6	0	2	在种族主义仇恨言论中，用于表达通过消灭其他种族来维持本种族或文明延续的极端观点，具有明显的种族歧视和仇恨色彩。	该词在多个样本中频繁出现在种族主义仇恨言论中，用于表达种族延续或文明延续的极端观点，具有明确的仇恨语境。
402	找过黑人	Racism	0.95	5	5	0	5	该短语用于贬低与黑人有过恋爱关系的人，暗示其低价值、不洁或患有疾病，常与艾滋病、背叛等负面标签关联，属于种族歧视和性别歧视的仇恨言论。	数据集样本全部标注为仇恨，且内容明确涉及种族和性别歧视；网络证据证实中文语境下针对黑人的仇恨言论普遍存在，且该短语的使用模式与歧视模式一致。
405	接受不了	hate	0.85	23	21	2	12	该短语在仇恨言论中用于表达对特定群体（如同性恋、黑人、女性）的排斥或贬低，常伴随歧视性言论。	数据集证据强烈支持该短语在仇恨语境中使用，尽管网络证据未显示其作为固定侮辱性词汇，但数据集中的高比例仇恨用法和明确样本表明其歧视性用途。
406	被黑的最惨	Region	0.95	11	10	1	9	该短语用于表达某个地区或群体受到最严重的负面评价或歧视，常与地域刻板印象和侮辱性言论结合，如针对河南、东北、上海等地的攻击。	数据集证据显示该短语在90%以上的样本中用于地域歧视性言论，且上下文明确包含对特定地区的负面刻板印象和攻击。尽管网络证据显示其有时用于非仇恨语境，但数据集的高精度和一致性表明其作为仇恨术语的强烈信号。
409	寄声	Racism	0.95	5	5	0	5	在中文网络仇恨言论中，'寄声'被用作针对黑人群体的种族歧视性代称，常与'黑蛆'、'人形畜狌'等侮辱性词汇并列，暗示该群体低劣、寄生。	所有5个样本均标注为仇恨言论，且全部属于种族歧视类别；'寄声'与'黑蛆'等明确种族侮辱词共同出现，指代黑人群体；网络搜索虽未直接找到该词作为歧视语的广泛记录，但样本证据充分且一致。
410	黑人睡	Racism	0.95	5	5	0	5	该短语用于贬低和污名化与黑人发生性关系的女性，暗示这种行为肮脏、恶心，并带有种族歧视和性别歧视色彩。	所有5个标注样本均为仇恨言论，主要类别为种族歧视，且短语在上下文中明确用于表达对黑人和相关女性的厌恶与贬低。
411	过黑	Racism	0.96	25	24	1	23	指与黑人发生性关系或交往，用于贬低、侮辱与黑人有关系的人，尤其是女性，暗示其低人一等、不洁或携带疾病，属于种族歧视和性别歧视的仇恨用语。	该词在数据集中几乎全部用于仇恨语境，24/25条标注为仇恨，主要针对与黑人有关系的人，尤其是女性，带有强烈的种族歧视和性别歧视色彩。样本中明确将女性贬低为‘跟动物有啥区别’、‘十个有九个都有艾滋’，且类别纯度较高（Racism 57, Sexism 46）。网络证据虽未直接定义该词，但结合样本和搜索结果显示其用于种族歧视语境。
412	黑人结婚	Racism	0.95	5	5	0	3	该短语在仇恨言论中用于贬低和攻击与黑人结婚的行为，常与种族歧视和性别歧视言论结合，如将跨种族婚姻描述为‘玷污血统’、‘杂种’、‘艾滋’等，煽动对黑人的仇恨和排斥。	所有数据集样本均为仇恨言论，且网络证据显示该短语常被用于种族歧视语境，结合上下文判断其具有明确的仇恨含义。
413	为舔狗	Sexism	0.95	3	3	0	1	用于贬低男性，暗示其无尊严地讨好女性，常与性别歧视关联，带有侮辱性。	数据集样本全部标注为仇恨，且类别纯度为Sexism；网络证据显示该词为贬义用语，常用于性别歧视语境。
414	个舔狗	Sexism	0.95	3	3	0	1	用于贬低男性，暗示其卑微、无尊严地讨好女性，带有性别歧视和侮辱性。	数据集样本全部标注为仇恨言论且类别为性别歧视，网络证据也显示该词常用于性别歧视性侮辱，因此决定纳入。
415	颜值	Region	0.85	7	7	0	4	该词在仇恨言论中用于贬低特定地区（如广西、广东）或种族（如印度低种姓）人群的外貌，并常与性别歧视结合，攻击中国女性外貌。	数据集显示该词在7个样本中全部标注为仇恨，涉及地域、种族和性别歧视；网络证据虽表明其日常中性用法，但数据集证据强烈支持其作为仇恨用语。
416	是地域黑	Region	0.95	7	7	0	0	指针对特定地域或地域群体的歧视性、贬低性言论，通常以刻板印象或负面标签攻击某一地区的人。	该术语在数据集中全部7个样本均被标注为仇恨言论，且类别均为地域；网络证据也一致表明其用于地域歧视。
417	当狗	Sexism	0.9	3	3	0	2	用于贬低男性，将其描述为女性的奴仆或低贱角色，构成性别歧视和侮辱性语言。	数据集证据显示该词在三个样本中均用于仇恨语境，且被标注为性别歧视；网络证据支持'狗'作为侮辱性词汇的普遍认知，结合样本中'给女的当狗活该'等用法，确认其仇恨/冒犯性。
418	又臭	Racism	0.9	3	3	0	2	用于描述黑人群体，常与“黑”、“丑”等词组合，表达对黑人的贬低和歧视，暗示其肮脏、令人厌恶。	数据集样本中该词明确用于攻击黑人群体，结合网络证据显示“臭”常作为侮辱性词汇，且与种族歧视相关，符合仇恨言论特征。
420	反同战士	LGBTQ	0.95	4	4	0	3	指代反对同性恋的群体，常与仇恨言论和歧视性标语相关联，用于贬低LGBTQ群体。	该术语在数据集和网络证据中均明确用于仇恨语境，伴随消灭同性恋等极端言论，属于针对LGBTQ群体的仇恨用语。
422	黑上海的	Region	0.95	4	4	0	3	指对上海地区进行恶意攻击、抹黑或歧视的言论，属于地域黑范畴。	该术语在数据集和网络证据中均明确用于表达对上海的地域歧视和仇恨，所有标注样本均为仇恨类别，且上下文显示其作为攻击性短语使用。
423	骂东北人	Region	0.95	4	4	0	3	指针对东北地区人群的侮辱、贬低或攻击性言论，常出现在地域歧视语境中。	该短语在数据集和网络证据中均明确用于地域攻击，所有标注样本均为仇恨言论，且类别一致为地域歧视。
424	歧视安徽	Region	0.95	4	4	0	3	该短语用于表达对安徽人或安徽省的歧视性态度，常伴随负面刻板印象，如将安徽人与乞丐、素质低等负面标签关联，属于地域歧视用语。	数据集样本全部标注为仇恨，且网络证据显示该短语广泛用于地域歧视，如与'白完'等歧视性称呼关联，符合仇恨言论特征。
426	灵长类	Racism	0.95	4	4	0	5	将黑人等少数族裔非人化地称为灵长类动物，是一种种族歧视和仇恨言论，旨在否定其人性。	数据集所有样本均为仇恨言论，且网络证据显示该词被广泛用于种族歧视语境，如Facebook将黑人标注为灵长类动物引发争议。
430	鼓吹	Racism	0.85	7	7	0	3	在仇恨言论中，用于描述推动多元文化、跨种族婚姻、消费主义或混血优越论等观点，常伴随种族主义或性别歧视内容，成为表达歧视性观点的工具。	该词在数据集样本中100%出现在仇恨语境中，常与种族主义、性别歧视等仇恨内容结合，虽非直接侮辱性词汇，但作为仇恨言论的载体具有高度关联性。
431	男的都	Sexism	0.95	8	8	0	0	该短语用于对男性群体进行负面概括和攻击，常出现在性别歧视语境中，表达对男性的仇恨或贬低。	所有样本均被标注为仇恨言论，且全部属于性别歧视类别；网络证据也显示该短语常用于表达对男性的负面刻板印象或仇恨。
432	男的不	Sexism	0.9	5	5	0	4	该短语用于对男性群体进行负面概括和攻击，常出现在性别歧视语境中，如贬低男性外貌、智力或行为。	数据集和网络证据均显示该短语几乎全部用于仇恨语境，主要针对男性进行性别歧视性攻击，符合仇恨/攻击性群体指代词汇的定义。
434	值得同情	Sexism	0.9	5	5	0	3	该短语在仇恨言论中用于否定对特定群体（如女性、东北人、艾滋病患者等）的同情，常与侮辱性词汇连用，表达歧视或攻击态度。	数据集显示该短语在5个样本中全部被标注为仇恨，涉及性别、地域和种族歧视；网络证据也支持其被用于歧视性语境。尽管存在非仇恨用法，但在研究语料中高度集中于仇恨表达。
435	黑妞	Racism	0.95	6	6	0	7	用于贬低黑人女性，常与艾滋病、肮脏、不光彩等负面刻板印象关联，结合性别歧视，构成种族和性别双重歧视。	数据集所有样本均为仇恨言论，且网络证据显示该词与种族歧视词汇（如“黑鬼”）相关，具有明显的侮辱性和种族歧视含义。
436	低龄心理变态人群	LGBTQ	1.0	3	3	0	3	用于贬低同性恋群体，称其为自私、低能、只会无脑谩骂的低龄心理变态人群，具有强烈的侮辱性和仇恨色彩。	该术语在三个样本中均用于攻击同性恋群体，将其描述为心理变态，属于针对LGBTQ群体的仇恨言论。数据集证据充分，网络证据虽未直接匹配但支持其歧视性用法。
437	一个同	LGBTQ	0.95	5	5	0	1	该术语用于指代同性恋者，常出现在贬低、厌恶或歧视性语境中，如将同性恋者描述为“恶心”、“头皮发麻”或“自甘堕落”，构成对LGBTQ群体的攻击。	数据集所有样本均标注为仇恨言论，主要针对LGBTQ群体，且网络证据支持其作为歧视性用语。
438	女权还	Sexism	0.9	5	5	0	1	该术语用于贬低女权主义，将其与极端行为或负面刻板印象关联，构成性别歧视性仇恨言论。	数据集显示所有样本均为仇恨标签，且网络证据表明该词常被用作侮辱性标签，与性别歧视相关。
439	女拳都	Sexism	0.95	4	4	0	0	对女权主义者的侮辱性称呼，泛指所有女权主义者，常与极端、自私、低劣等负面标签关联，用于贬低和攻击女性群体。	该术语在数据集和网络证据中均被用于仇恨言论，针对女性群体进行贬低和攻击，属于性别歧视性仇恨语言。
440	凯乐奇计划	Racism	0.95	5	5	0	4	指一个虚构的阴谋论，声称由犹太人策划，旨在通过引入其他种族（尤其是黑人）来混血、取代并灭绝中华民族和中华文化。该术语被用于煽动种族仇恨和歧视。	该术语在数据集和网络证据中均明确用于传播种族主义阴谋论，所有样本均被标注为仇恨言论，且类别为种族主义。网络证据进一步证实其与白人种族灭绝阴谋论相关，用于煽动对特定群体的敌意。
441	歧视中的小丑	LGBTQ	0.95	3	3	0	0	用于贬低同性恋群体，将其描述为‘小丑’，暗示其行为可笑、自私、低能，并因遭受歧视而显得可悲，是一种侮辱性称呼。	该术语在三个仇恨样本中均用于攻击同性恋群体，将其称为‘歧视中的小丑’，结合‘小丑’的侮辱性含义，构成明确的仇恨言论。网络证据虽未直接定义该短语，但支持‘小丑’作为侮辱性用语的普遍认知。
442	畜狌只有本能	Racism	0.95	3	3	0	0	将特定群体非人化为‘畜狌’（畜生），并声称其只有本能，用于贬低和煽动仇恨。	该短语在多个样本中用于贬低特定群体，将其非人化为只有本能的动物，并伴随暴力言论，构成种族主义仇恨言论。
445	ex	LGBTQ	0.9	6	6	0	5	在中文网络语境中，'ex'作为'恶心'的拼音缩写，用于表达对特定群体（如同性恋、女性、黑人）的厌恶、歧视和侮辱。	数据集样本中所有6条标注均为仇恨言论，且主要针对LGBTQ群体（14次），也涉及性别歧视和种族歧视。网络证据显示'ex'与'恶心'拼音相关，常作为贬义网络用语。结合高仇恨精度（1.0）和上下文判断，该词在样本中明确用于攻击性表达。
446	北方人	Region	0.88	20	18	2	9	指代中国北方地区的人群，常被用于表达地域歧视、负面刻板印象或贬低，例如将北方人描述为粗鲁、沙文主义或歧视南方人。	数据集显示90%的标注为仇恨，样本中明确用于地域歧视语境；网络证据显示该词在维基百科歧视语列表中，且常被用作贬义称呼。
448	白人也	Racism	0.9	5	5	0	1	在中文语境中，“白人也”常被用于种族歧视性言论中，将白人群体与负面行为或特征关联，或作为对比对象以贬低其他种族，表达对白人的敌意或优越感。	所有样本均标注为仇恨言论，类别主要为种族主义，且网络证据显示该词在中文网络中被用于针对白人的歧视性表达。
449	爱丁堡	Region	0.95	4	4	0	4	爱丁堡是上海的网络黑称，源于2022年上海疫情期间医院优先救治外籍人士的事件，被广泛用于地域歧视和嘲讽上海人。	数据集所有样本均为仇恨言论，且web证据显示该词已成为针对上海的地域歧视黑称，符合仇恨言论标准。
450	素质差	Region	0.95	4	4	0	4	用于贬低特定地域（如东北、安徽、贵州、河南等）人群，暗示其缺乏教养、道德低下，构成地域歧视。	数据集样本全部标注为仇恨，且明确针对地域群体；网络证据显示该词常用于地域歧视。
452	鄙视	Sexism	0.94	17	16	1	13	用于表达对特定群体（如女性、地域、种族）的贬低和歧视，常出现在性别歧视、地域歧视和种族歧视的语境中。	数据集显示该词在17个样本中有16个被标注为仇恨言论，主要涉及性别歧视、地域歧视和种族歧视，且网络证据表明其常与歧视性言论关联。
454	丢脸	LGBTQ	0.85	6	6	0	4	用于贬低特定群体（如同性恋、黑人、女性），指责其行为给所属群体带来耻辱，从而强化对该群体的负面刻板印象和歧视。	尽管该词本身是通用贬义词，但在数据集样本中，它被一致用于攻击LGBTQ、种族和性别群体，且所有标注均为仇恨言论，表明其在特定语境下具有明确的仇恨编码。结合数据集证据的高一致性和网络证据的通用性，决定纳入词典，但需注意其语境依赖性。
455	癌症	Racism	0.9	6	6	0	4	在仇恨言论中，“癌症”被用作比喻，将特定群体（如黑人、LGBTQ群体、女性）贬低为一种需要被清除的疾病或毒瘤，暗示其对社会有害。	数据集和网络证据均显示“癌症”在仇恨语境中被用作比喻，针对多个群体，且所有标注样本均为仇恨内容，网络证据也支持其作为侮辱性标签的用法。
457	黑帽	Sexism	0.9	6	6	0	5	在中文网络语境中，“黑帽”常作为“黑帽门”的简称，指代涉及中国女性与黑人男性的性丑闻事件，用于羞辱女性并贬低黑人群体，带有性别歧视和种族歧视色彩。	数据集所有样本均标注为仇恨言论，且涉及性别歧视和种族歧视；网络证据显示该词在特定事件中用于侮辱女性和黑人，但需注意其在不同语境下的中性含义。综合判断，该词在仇恨语境下使用频繁，应纳入词典。
458	黑帽门	Sexism	0.95	5	5	0	4	指代涉及中国女性和黑人的性丑闻事件，用于贬低和侮辱中国女性，并带有种族歧视色彩。	该术语在多个样本中明确用于贬低和侮辱中国女性，并与种族歧视（针对黑人）和性别歧视相关联，证据显示其作为仇恨/攻击性编码群体指称术语使用。
459	黑人生	Racism	0.95	5	5	0	3	该术语用于贬低和歧视黑人群体，常与性别歧视结合，表达对黑人与中国人结合后代的负面评价，具有明显的种族歧视和仇恨言论特征。	所有样本均用于仇恨语境，且网络证据支持其作为种族歧视用语。
460	看看她们	Sexism	0.9	5	5	0	1	用于贬低、嘲讽或物化女性，常与性别歧视言论结合，如嘲笑女性生育、贬低女性智力或物化女性。	所有样本均显示该短语用于仇恨语境，且网络证据支持其作为性别歧视用语。
461	自己是同	LGBTQ	0.9	4	4	0	2	该短语在上下文中用于指代同性恋身份，常伴随贬低、质疑或负面评价，如“高人一等”、“恶心”、“丢人”等，构成对LGBTQ群体的歧视性攻击。	所有标注样本均为仇恨言论，类别为LGBTQ，且上下文包含明显的贬低和攻击性语言。网络证据显示该短语常用于歧视性语境，但本身并非固定黑话，而是描述性表达。综合判断应纳入研究词典。
462	南方人是	Region	0.9	4	4	0	2	用于指代南方人，常带有贬低、对立或刻板印象，如称南方人为'野蛮人'或描述群体间互黑，构成地域歧视。	数据集样本全部标注为仇恨，且上下文明确显示该短语用于地域攻击和贬低；网络证据也支持其作为侮辱性术语使用。
463	运动天赋	Racism	0.95	4	4	0	2	该词在上下文中被用于贬低黑人群体，暗示其运动能力是低劣或仅适用于特定领域，构成种族歧视性言论。	数据集样本中该词全部用于种族歧视语境，且网络证据显示其与种族主义刻板印象相关。
464	河南人骂	Region	0.95	4	4	0	2	该短语用于指代河南人并进行辱骂，煽动地域对立和歧视，属于仇恨言论。	数据集和网络证据均显示该短语在语境中明确用于针对河南人的地域攻击和仇恨言论，符合仇恨/攻击性词汇的定义。
465	个同性恋	LGBTQ	0.95	4	4	0	2	该词在中文语境中常被用作对同性恋群体的贬义称呼，带有歧视和侮辱性，用于表达厌恶、恐惧或贬低。	数据集所有样本均为仇恨标签，且网络证据显示该词常被用作侮辱性称呼，符合仇恨言论特征。
466	回非洲去	Racism	1.0	4	4	0	2	用于命令或建议黑人离开所在国家或地区，返回非洲，表达排斥、驱逐的种族歧视意图。	数据集所有样本均为仇恨标签，且网络证据显示该短语广泛用于针对黑人的种族歧视和排斥言论，符合仇恨/冒犯性编码群体指称词汇的定义。
467	狗都	LGBTQ	0.85	4	4	0	1	用于贬低同性恋、女性或特定种族群体，将其比作狗，暗示其低贱或令人厌恶。	数据集和网络证据均显示该词在上下文中用于攻击性贬低，且无中性用法。
468	智商	hate	0.9	49	44	5	40	在仇恨言论中，“智商”被用来贬低特定群体（如女性、黑人、同性恋者）的智力，暗示其低人一等，常与性别、种族等歧视结合，构成攻击性语言。	数据集显示该词在44/49个样本中用于仇恨语境，主要针对性别、种族和性取向群体；网络证据表明其常与侮辱性短语关联，并用于攻击少数族裔。
469	懒惰	hate	0.9	6	6	0	5	用于贬低特定群体（如黑人、某地区人群、女性等），将其负面特质（如懒惰）归因于群体固有属性，构成歧视性刻板印象。	数据集和网络证据均显示该词在仇恨言论中高频使用，针对多个群体进行负面刻板印象攻击，符合纳入标准。
471	基蛆	LGBTQ	1.0	3	3	0	3	对同性恋者的侮辱性称呼，将同性恋者比作蛆虫，表达厌恶和歧视。	该词在三个样本中均用于攻击同性恋群体，结合'基佬'等词，构成歧视性仇恨言论。网络证据显示'蛆'作为后缀常用于贬低特定群体，如'蓝蛆''绿蛆'等。
473	感染	others	0.85	26	24	2	16	在仇恨言论中，“感染”常与艾滋病等疾病关联，用于污名化和贬低特定群体（如男同性恋、非洲人、性工作者），暗示其具有传染性、不洁或道德败坏，从而煽动歧视和仇恨。	数据集显示“感染”在24/26的样本中被标注为仇恨言论，主要针对性少数、地域和种族群体，具有高度歧视性。尽管网络证据未明确将其列为黑话，但数据集证据充分，且该词在上下文中常与艾滋病污名化关联，符合纳入标准。
476	破烂	Region	0.9	3	3	0	1	用于贬低特定地域（如安徽、江苏）的人群，暗示其贫穷、落后或低贱，常与“捡破烂”等词语连用，构成地域歧视。	数据集样本中该词均用于地域歧视，且百度百科显示“破烂货”为詈词，具有侮辱性；结合上下文，该词在仇恨言论中用于贬低特定地域人群。
477	拳来	Sexism	0.95	3	3	0	1	在中文网络语境中，“拳来”是“打拳”的变体，指代性别对立中的攻击性行为，常与“男拳”、“女拳”连用，用于攻击或贬低特定性别群体，具有强烈的性别歧视和仇恨性质。	数据集和网络证据均显示该词在性别歧视语境中使用，样本中100%为仇恨标签，且网络证据证实其为性别对立攻击术语。
478	嫁给	Sexism	0.85	42	38	4	24	在仇恨言论中，“嫁给”常被用于贬低和攻击中国女性与外国人（尤其是黑人）的跨种族婚姻，表达种族主义和性别歧视观点，暗示此类婚姻是耻辱或背叛。	数据集显示该词在38/42次出现中与仇恨言论相关，主要涉及性别歧视和种族歧视；尽管网络证据表明该词本身中性，但在特定语境中已成为攻击性用语。
480	接黑人	Racism	0.95	4	4	0	3	该短语用于表达拒绝为黑人提供服务或与黑人接触，带有明显的种族歧视和排斥意味，常出现在仇恨言论中。	数据集和网络证据均一致表明该短语在上下文中用于表达对黑人的歧视和排斥，所有标注均为仇恨言论，且类别为种族主义。
481	东北最	Region	0.95	4	4	0	3	该术语用于表达对东北地区的负面评价或刻板印象，常出现在地域攻击语境中，如'东北最大的不幸'、'黑东北最起劲'等，具有地域歧视性。	数据集显示该术语全部用于仇恨语境，且网络证据表明其常用于地域歧视，结合高精度和高纯度，决定纳入。
483	奴才	Racism	0.9	3	3	0	3	用于贬低和攻击特定种族群体（如黑人），指称其为卑劣、受人驱使的奴仆，表达种族歧视和仇恨。	数据集样本中该词均用于种族歧视语境，指向黑人群体，且词典定义明确其为骂人鄙贱之词，结合网络证据，确认其仇恨言论属性。
484	基因顽强	Racism	0.95	4	4	0	3	该短语被用于贬低黑人，暗示黑人的基因具有侵略性、污染性，能够“染黑”其他种族，是一种种族主义仇恨言论。	数据集和网络证据均显示该短语在多个样本中用于表达对黑人的种族歧视，暗示黑人基因的劣等性和污染性，属于明确的仇恨言论。
485	安妇	Sexism	0.95	5	5	0	4	该词是'慰安妇'的缩写，在中文网络语境中被用作侮辱性黑话，用于贬低或攻击女性，暗示其性行为不检点或与性剥削历史关联，构成性别歧视和仇恨言论。	数据集样本全部标注为仇恨言论，且主要归类为性别歧视；网络证据显示该词作为侮辱性黑话使用，带有性暴力历史意涵；结合两者，该词应纳入研究词典。
486	女的也	Sexism	0.95	5	5	0	1	该短语在上下文中用于贬低、歧视或物化女性，常出现在性别歧视言论中，如'这女的也太肤浅了'、'底层女的也被挤压'等，表现出对女性的负面刻板印象和敌意。	数据集证据显示该短语在5个样本中全部被标注为仇恨言论，且主要类别为性别歧视（Sexism），精确度为1.0；网络证据也支持其常用于性别歧视语境。综合判断应纳入研究词典。
488	国际鬼子虫类及其它们后代	Racism	1.0	2	2	0	2	该短语将特定群体贬低为“鬼子”和“虫类”，并否定其人类属性，用于种族主义攻击和仇恨言论。	数据集和网络证据均明确显示该术语用于种族主义仇恨言论，样本中将其非人化并否定人类属性，符合种族歧视特征。
491	回不来	Region	0.9	5	5	0	3	该术语在仇恨语境中用于暗示特定地区（如非洲）的女性或人口出国后无法返回，并带有贬低和歧视性含义，如将无法返回视为好事或与疾病传播关联，属于针对地域和性别的仇恨言论。	数据集样本中该词全部用于仇恨语境，指代出国女性‘回不来’并带有贬低和歧视；网络证据虽未直接指向该词，但结合上下文确认其仇恨用法。
492	微博女	Sexism	0.95	5	5	0	3	用于贬低、嘲讽或攻击微博平台上的女性用户，常与“女权”、“女拳”等组合使用，带有性别歧视和污名化意味。	数据集全部5条样本均为仇恨标签，且全部标注为性别歧视；网络证据显示该词常与侮辱性词汇连用，用于攻击女性群体。
493	广州的整个东南	Region	0.85	3	3	0	3	该短语在仇恨语境中用于指代中国东南沿海地区，特别是广州，暗示该区域是负面行为（如“黑河南、黑北方”）的总部或核心地带，具有地域歧视和仇恨性质。	数据集证据显示该短语在3个样本中全部被标注为仇恨，且与地域歧视相关；网络证据虽未发现该短语作为固定仇恨用语的广泛使用，但样本语境明确显示其用于攻击性表述，结合高精度和纯度，决定纳入。
494	的整个东南沿海	Region	0.95	3	3	0	3	该短语在仇恨语境中被用来指代一个被指控为‘黑河南、黑北方’总部的地区，带有地域歧视和攻击性，属于针对东南沿海地区的地域仇恨言论。	数据集显示该短语在3个样本中全部被标注为仇恨，且上下文明确用于地域攻击；虽然网络证据未显示其作为独立歧视用语广泛使用，但结合数据集的高精度和一致性，决定纳入。
495	的低龄心理变态	LGBTQ	1.0	3	3	0	3	用于贬低同性恋群体，将其描述为'低龄心理变态人群'，暗示同性恋是心理疾病且低龄化，构成对LGBTQ群体的歧视和侮辱。	该术语在三个样本中均明确用于攻击同性恋群体，将其称为'低龄心理变态人群'，具有强烈的侮辱性和歧视性，且所有样本均被标注为仇恨言论，数据集和网络证据均支持其仇恨性质。
496	不过又只会无脑	LGBTQ	0.95	3	3	0	3	用于贬低同性恋群体，指责其‘说理说不过又只会无脑的谩骂’，暗示该群体缺乏理性、只会无理攻击，构成仇恨言论。	该短语在三个样本中均用于针对同性恋群体的仇恨言论，上下文明确显示其侮辱性，且数据集证据和网络证据均支持纳入。
498	赖在	Racism	0.9	6	6	0	4	用于表达对外国人（尤其是黑人和嫁外籍人士的女性）留在中国的不满和排斥，暗示他们不受欢迎、不应享有权利，具有种族歧视和地域歧视色彩。	数据集和网络证据均显示该词在上下文中用于表达对外来群体的排斥和贬低，常与'别赖在'、'赖在中国'等搭配，具有明显的歧视性和攻击性。
499	外族	Racism	0.95	6	6	0	4	用于指代非本民族的群体，常带有排斥、贬低和敌视的意味，暗示外族是低劣的、具有威胁性的，并煽动对本民族的忠诚和对其他民族的歧视。	数据集和网络证据均显示该词在仇恨语境中高频使用，用于表达种族主义、排外和歧视，符合纳入标准。
500	嫁狗随狗	Racism	0.9	4	4	0	0	该短语在仇恨语境中用于强制要求女性服从嫁给黑人的命运，并暗示应离开中国，结合了性别歧视和种族歧视，主要针对黑人群体。	数据集样本全部为仇恨言论，结合网络证据显示该短语在网络语境中常被用于种族歧视和性别歧视，主要针对嫁给黑人的女性，要求其离开中国。
502	炼铜	LGBTQ	0.95	6	6	0	6	该词是'恋童'的谐音变体，在中文网络语境中常被用作对LGBTQ群体（尤其是男同性恋）的侮辱性标签，暗示其与恋童癖相关，构成仇恨言论。	数据集样本中6条全部标注为仇恨，且明确将'炼铜'与同性恋关联（如'基佬炼铜'、'炼铜txl'），网络证据也证实该词作为歧视性黑话广泛使用。
504	远离	Racism	0.85	25	23	2	14	在仇恨言论中，'远离'被用作一种指令，要求他人与特定种族或群体保持距离，通常与对该群体的负面刻板印象（如疾病、道德低下）相关联，从而煽动排斥和歧视。	数据集显示高仇恨比例（92%），主要关联种族歧视；样本中明确用于煽动对黑人群体的排斥；网络证据虽未显示该词本身为黑话，但结合上下文其仇恨用法明确。
507	离开中国	Racism	0.95	5	5	0	1	该短语在仇恨语境中用于表达对特定群体（如与外国人交往的女性、黑人等）的排斥和驱逐，暗示他们应离开中国，带有种族歧视和性别歧视色彩。	数据集样本全部标注为仇恨，且上下文明确显示用于种族和性别歧视；网络证据虽未直接匹配，但结合样本判断该短语在特定语境下具有仇恨含义。
508	女人找	Sexism	0.95	7	7	0	1	该短语用于贬低中国女性，尤其是与黑人男性交往的女性，暗示她们不要彩礼、主动照顾黑人等，常与种族歧视和性别歧视结合，构成仇恨言论。	数据集和网络证据均显示该短语几乎全部用于仇恨语境，结合性别歧视和种族歧视，具有高度冒犯性。
509	迫害	LGBTQ	0.9	5	5	0	4	在仇恨言论中，'迫害'被用来诬蔑LGBTQ群体或特定地域人群（如东北人）对'正常人'进行压迫或歧视，暗示该群体具有攻击性或妄想症，从而贬低和污名化该群体。	数据集显示所有5个样本均为仇恨言论，主要针对LGBTQ群体（11次）和地域群体（2次），且hate_precision为1.0。网络证据也支持该词在仇恨语境中的使用。
510	北最	Region	0.9	8	8	0	4	该术语用于贬低特定地区（如东北、苏北、河北），表达负面刻板印象或攻击性言论，属于地域歧视性语言。	数据集所有标注样本均为仇恨言论，且上下文明确指向地域歧视；网络证据显示该词常与地域贬低关联，但未发现固定黑话用法。综合判断，该词在仇恨语境中具有明确的地域攻击性，应纳入研究词典。
511	还是黑	Racism	0.9	5	5	0	3	该短语在上下文中用于指代黑人群体，并带有贬低、歧视或刻板印象，例如将黑人与低俗、负面政治形象关联，或暗示对黑人血统的负面态度。	所有5个样本均被标注为仇恨言论，主要类别为种族主义，且网络证据支持该短语在中文语境中常被用于贬低黑人群体。
512	私生子	Racism	0.95	5	5	0	4	该词用于贬低非婚生子女，常与种族、性别歧视结合，攻击特定群体（如中国男性与非洲女性所生的孩子），带有侮辱性。	数据集所有样本均为仇恨标签，且网络证据明确标注为歧视性用语，结合上下文用于攻击特定种族和性别群体。
513	黑人男朋友的	Racism	0.95	4	4	0	4	该术语用于指代与黑人男性有恋爱关系的女性，常与艾滋病、不洁、不值得尊重等负面刻板印象关联，带有种族歧视和性别歧视的仇恨色彩。	所有标注样本均为仇恨言论，且网络证据支持其作为种族歧视和性别歧视的编码术语。
514	拳之	Sexism	0.95	3	3	0	2	该词是'女拳'的变体，用于贬低和攻击女权主义者，暗示其行为极端、无理取闹，常与性别对立和侮辱性言论相关联。	数据集所有样本均为仇恨言论，标注为性别歧视；网络证据显示该词用于贬低女权主义者，具有侮辱性。
515	佬们	LGBTQ	0.95	8	8	0	7	该词在中文网络语境中常作为“基佬们”或“直佬们”的简称，用于指代LGBTQ群体，带有轻蔑、歧视或攻击性，常出现在仇恨言论中。	数据集显示该词100%用于仇恨语境，主要针对LGBTQ群体，且网络证据表明“佬”字常带有轻蔑意味，结合上下文构成歧视性称呼。
516	过黑人男	Racism	0.95	7	7	0	8	该短语用于指代与黑人男性有过关系的女性，并常伴随种族歧视和性别歧视言论，如贬低、污名化、暗示背叛集体等。	所有样本均用于仇恨语境，且结合网络证据表明该短语在中文网络中被用于攻击和贬低特定群体，属于种族主义和性别主义的仇恨言论。
518	器大活好	Racism	0.9	4	4	0	4	该短语在仇恨语境中用于贬低黑人男性，将其性能力与动物性、原始冲动关联，构成种族歧视；同时涉及对女性性偏好的刻板印象，包含性别歧视。	数据集所有样本均标注为仇恨，且上下文明确指向种族和性别歧视；网络证据显示该词常用于贬低黑人男性，强化种族刻板印象。
521	高高在上	Region	0.88	4	4	0	2	用于描述某些群体（如长三角媒体、江北人、LGBTQ群体）以傲慢、优越的姿态对待他人，构成对特定地域或性取向群体的歧视性刻板印象。	数据集样本全部标注为仇恨，且涵盖地域和性取向歧视；网络证据显示该词常用于表达侮辱性优越感，符合仇恨言论特征。
523	嘴脸	Racism	0.85	6	6	0	3	用于贬低特定群体（如种族、性别、地域等）的负面标签，暗示其面目可憎、品行恶劣。	数据集样本中全部用于仇恨语境，贬低出国者、黑人、女性、南宋人等群体；网络证据显示常与侮辱性表达关联，如“丑陋嘴脸”、“共产党嘴脸”。
524	带走	Racism	0.85	6	6	0	3	在仇恨言论中，“带走”常被用于描述对特定群体（如非洲部落、女权主义者、特定地域人群或种族）的贬低、攻击或暴力行为，暗示剥夺、消灭或驱逐。	数据集显示6个样本全部标注为仇恨，涵盖种族主义、性别歧视和地域歧视，且上下文明确具有攻击性。网络搜索未发现固定黑话用法，但数据集证据充分。
525	老实人接盘	Sexism	0.95	4	4	0	4	该术语用于贬低女性，暗示与多名男性（尤其黑人）发生过关系的女性是‘不洁’的，并嘲讽‘老实人’被迫接受这样的女性，同时包含性别歧视和种族歧视。	数据集样本全部标注为仇恨，且结合网络证据，该词在百度百科和知乎中被明确描述为侮辱性用语，用于贬低女性和‘老实人’，并常与种族歧视关联。
526	搞臭	Sexism	0.9	3	3	0	3	用于贬低女性群体，将女性与负面环境（如“搞臭名声”）关联，构成性别歧视性仇恨言论。	数据集样本中全部用于仇恨语境，主要针对女性群体（如“慕刃”、“某些女人”），且网络证据显示其常用于侮辱性语境，无中性用法。
527	能死	Sexism	0.95	3	3	0	3	用于诅咒特定群体（如黑人、男性、舔狗）去死，表达极端的恶意和歧视。	该短语在多个样本中明确用于攻击特定群体（如黑人、男性、舔狗），表达希望对方死亡的恶意，具有强烈的歧视性和攻击性，属于仇恨言论。
533	黑人的女生	Racism	0.95	4	4	0	4	该短语用于贬低和污名化与黑人男性交往的中国女性，暗示其行为污染华夏血液、隐瞒关系等，构成种族歧视和性别歧视。	数据集和网络证据均显示该短语在上下文中明确用于仇恨言论，带有种族主义和性别歧视色彩。
534	现在女性	Sexism	0.9	4	4	0	1	该短语在仇恨言论中用于指代现代女性，常伴随贬低其能力、道德或社会贡献的负面刻板印象，如指责女性要求权利却不承担责任、择偶标准苛刻等。	数据集所有样本均标注为仇恨且属于性别歧视类别，网络证据显示该短语在厌女语境中频繁使用，用于贬低现代女性。
535	我们男性	Sexism	0.9	4	4	0	1	该短语在上下文中用于表达男性群体对女性的敌意、贬低或攻击，常伴随性别歧视言论，如将女性称为“女犬”或抱怨社会偏向女性。	所有样本均显示该短语用于性别歧视言论，且网络证据支持其作为仇恨言论的用法。
536	现在女的	Sexism	0.9	4	4	0	1	该短语用于贬低当代女性群体，表达对女性的负面刻板印象和歧视性言论，如认为女性娇贵、无理取闹等。	数据集所有样本均标注为仇恨，且上下文明确显示性别歧视；网络证据支持该短语在特定语境中用于厌女表达。
537	河南的是	Region	0.95	4	4	0	1	该短语用于表达对河南人群的负面刻板印象和地域歧视，常出现在针对河南人的仇恨言论中。	所有标注样本均为仇恨言论，且类别均为地域歧视。网络证据显示该短语常用于地域歧视语境。
538	歧视他	Racism	0.9	5	5	0	3	用于表达对特定群体（如种族、性取向、地域等）的歧视态度，通常伴随贬低、排斥或仇恨情绪。	所有标注样本均为仇恨言论，明确表达对特定群体的歧视，且网络证据支持其作为歧视性用语。
540	算地域	Region	0.9	4	4	0	2	用于指代地域歧视或地域黑行为，通常以'算地域黑'、'算地域白'等形式出现，表达对特定地域人群的贬低或攻击。	所有标注样本均为仇恨言论，类别为Region，且网络证据支持该词用于地域歧视语境。
541	远点	Racism	0.9	6	6	0	2	用于表达对特定群体（如黑人、地域群体、女性）的排斥和歧视，建议远离这些群体，具有明显的仇恨和歧视含义。	数据集和网络证据均显示该词在仇恨言论中用于表达对特定群体的排斥和歧视，具有明确的歧视性含义。
542	讨好	Sexism	0.85	5	5	0	4	在仇恨言论中用于描述对特定群体（如男性、黑人）的迎合行为，带有贬低和歧视性色彩，暗示对方通过讨好获取利益或认可。	数据集显示该词在5个样本中全部用于仇恨语境，主要涉及性别歧视（8次）和种族歧视（2次），且上下文明确指向对男性或黑人的贬低性描述。网络证据虽显示其非仇恨用法普遍，但数据集证据强烈支持其作为仇恨用语。
544	劣等	Sexism	0.95	5	5	0	3	用于贬低女性或同性恋群体，暗示其低人一等或具有负面特质。	所有标注样本均为仇恨言论，且网络证据显示该词常用于性别歧视和种族主义语境，符合仇恨/攻击性词汇定义。
545	娘娘腔	Region	0.95	4	4	0	4	用于贬低具有女性化气质或行为的男性，常与地域歧视（如上海、江浙男性）结合，强化性别刻板印象，构成仇恨言论。	数据集所有样本均为仇恨标注，且结合地域歧视；维基百科、汉典等权威来源明确列为歧视语；样本上下文显示用于贬低特定地域男性，构成地域和性别歧视。
546	会被女	Sexism	0.9	4	4	0	3	该短语在上下文中用于表达对女性的负面预期和攻击性言论，暗示女性会群体性地攻击或控制男性，属于性别歧视性语言。	数据集和网络证据均支持该短语在仇恨语境中使用，所有样本均标注为仇恨，且网络证据显示其与厌女和性别歧视相关。
547	直男	LGBTQ	0.88	44	39	5	34	用于贬低或攻击异性恋男性，常与'癌'连用构成'直男癌'，暗示其具有大男子主义、不懂女性、固执等负面特质，带有性别歧视和侮辱性。	数据集和网络证据均显示该词在大量语境中被用于攻击异性恋男性，常与性别歧视和LGBTQ相关贬低关联，具有明确的仇恨言论特征。
548	得男	Sexism	0.95	9	9	0	5	用于贬低或攻击男性的侮辱性用语，常出现在性别歧视、种族歧视、LGBTQ+歧视和地域歧视的语境中，表达对男性的仇恨或贬低。	该术语在数据集中全部出现在仇恨语境中，主要涉及性别歧视，同时涵盖种族、LGBTQ和地域歧视。样本中常与贬低男性或特定群体（如黑人）的言论关联，具有明显的攻击性和歧视性。尽管网络搜索未找到直接定义，但数据集证据充分，且术语在多个仇恨类别中出现，表明其作为仇恨用语的稳定性。
550	其他种族	Racism	0.9	4	4	0	4	用于指代非本族群体，常带有贬低、排斥或煽动种族仇恨的意味，例如将引入其他种族描述为灭绝中华民族的计划，或与其他种族比较犯罪率以贬低特定族群。	数据集样本全部标注为仇恨言论，且上下文明确用于种族歧视和煽动仇恨；网络证据虽未直接定义该词为侮辱性，但相关讨论涉及种族歧视用语，且样本均具有明显仇恨色彩。
552	人艾滋病	Racism	0.95	5	5	0	1	将艾滋病与特定种族或地域群体（如黑人、非洲人）关联，暗示该群体是艾滋病高发群体，构成种族歧视和污名化。	数据集样本全部为仇恨言论，将艾滋病与黑人、非洲人关联，用于贬低和攻击；网络证据表明此类用语构成歧视和污名化。
554	东北人来骂河南人	Region	0.9	3	3	0	1	该短语用于描述煽动东北地区与河南地区之间对立和仇恨的行为，属于地域歧视性语言。	所有标注样本均为仇恨类别，且短语明确用于挑拨地域对立，具有煽动仇恨的意图。网络证据也显示地域歧视现象普遍，但短语本身并非固定黑话，而是描述性表达。综合数据集和网络证据，决定纳入。
556	慰安妇	Sexism	0.95	4	4	0	3	该词原指二战期间被迫为日军提供性服务的女性，但在网络语境中被用作侮辱性词汇，贬低和性化女性，常将女大学生等群体与性奴役联系起来，构成性别歧视和种族歧视。	数据集样本全部为仇恨标签，且网络证据显示该词被用作侮辱性词汇，符合仇恨/攻击性/编码群体指称词典术语的标准。
558	热衷于勾心斗角	Sexism	0.9	3	3	0	2	用于贬低女性，将女性刻板印象化为敏感多疑、热衷于勾心斗角，属于性别歧视性语言。	数据集和网络证据均显示该短语在上下文中被用于性别歧视性攻击，且无其他非仇恨用法。
559	和黑人在一起	Racism	0.9	4	4	0	2	该短语用于贬低和歧视与黑人男性交往的中国女性，暗示这种关系是负面、危险或低人一等的，常与种族主义和性别主义侮辱结合。	数据集样本全部为仇恨言论，结合网络证据，该短语在中文网络中被系统性地用于种族歧视和性别歧视，符合仇恨/冒犯性编码群体指称的特征。
560	嫁给外国人	Sexism	0.95	4	4	0	4	该短语用于贬低嫁给外国人的中国女性，暗示她们背叛国家、失去民族身份或道德沦丧，常与性别歧视和种族歧视结合。	数据集和网络证据均显示该短语在仇恨语境中高频使用，用于攻击和污名化中国女性，符合纳入标准。
561	女真	Sexism	0.9	6	6	0	2	在中文网络语境中，“女真”常作为“女的真”的缩写，用于构成“普信女真”、“妈宝女真”等短语，表达对女性的贬低和歧视，属于性别歧视用语。同时，也有用于地域歧视的用法，如“建州女真歧视野人女真”。	数据集所有标注均为仇恨言论，且无中性用法；网络证据显示“女真”在历史上曾具有贬义，但当前网络语境中更常见的是作为性别歧视编码词。综合判断，该词在样本中主要用于性别歧视，应纳入研究词典。
563	黑人和中国	Racism	0.95	4	4	0	2	该短语用于表达对黑人与中国人（尤其是中国女性）之间关系的负面刻板印象和歧视，常出现在禁止通婚、侮辱性描述等仇恨言论中，包含种族主义和性别歧视内容。	数据集所有样本均为仇恨类别，且网络证据显示该短语常用于仇视黑人的语境，符合仇恨/攻击性/编码群体指称词汇的定义。
565	阿娜	Sexism	0.85	12	11	1	16	在中文网络语境中，“阿娜”被用作对女性的贬称，常出现在侮辱性言论中，暗示女性愚蠢、低贱或具有负面特质，属于性别歧视用语。	数据集显示该词在12个样本中有11个被标注为仇恨言论，且主要类别为性别歧视，精度高达0.9167。尽管网络搜索未发现系统性仇恨用法，但数据集证据强烈表明其在特定社区中被用作性别歧视用语。
570	说理说不过又	LGBTQ	0.95	3	3	0	3	用于描述同性恋群体在争论中无法理性辩论而只会谩骂，强化了该群体自私、低能、无脑的负面刻板印象，属于歧视性语言。	该短语在三个样本中均用于攻击LGBTQ群体，与侮辱性表述连用，构成仇恨言论；数据集证据充分，网络证据支持其歧视性用法。
572	又只会无脑的	LGBTQ	0.95	3	3	0	3	用于贬低同性恋群体，指责其缺乏理性思考能力，只会进行无脑谩骂，是一种侮辱性描述。	该短语在多个样本中均用于攻击同性恋群体，与'低能'、'谩骂'等词连用，构成对LGBTQ群体的侮辱性攻击，且数据集和网络证据均支持其仇恨属性。
576	妓院	Sexism	0.9	5	5	0	5	用于贬低学校、机构等为道德败坏、从事性交易的场所，常带有性别歧视和种族歧视色彩。	数据集所有样本均为仇恨言论，且常与性别歧视和种族歧视关联；网络证据显示该词常用于侮辱性语境。
577	女拳都是	Sexism	0.95	3	3	0	0	该术语是'女权'的谐音贬称，用于污名化女权主义者，常与仇恨言论和性别歧视关联，将女性群体整体贬低为智商低劣、自私或极端。	数据集样本全部为仇恨言论，且网络证据一致表明该词是侮辱性绰号，用于攻击女权主义者和女性群体，符合仇恨/冒犯性术语标准。
578	看黑	Racism	0.95	10	10	0	3	指代黑人群体并带有贬低、歧视或仇恨的用语，常出现在种族歧视或地域歧视的语境中。	所有标注样本均为仇恨标签，且出现在种族歧视（如'看片都不看黑人'）和地域歧视（如'你看黑吉辽那一亿人'）语境中，结合网络证据中关于仇视黑人言论的讨论，该词具有明确的冒犯性。
580	埃塞俄比亚	Region	0.9	4	4	0	4	该术语在中文网络语境中常被用于贬低埃塞俄比亚人或非洲黑人，例如将埃塞俄比亚人与‘黑犬’类比、提及‘买卖埃塞俄比亚新娘’、以及将埃塞俄比亚人描述为‘黑’和‘繁殖力强’等，带有种族歧视和地域歧视色彩。	数据集样本中该词全部用于仇恨言论，且网络证据显示该词在中文语境中常被用于贬低埃塞俄比亚人或非洲黑人，带有种族歧视和地域歧视色彩。
582	女的都	Sexism	0.9	14	13	1	3	该短语用于对女性群体进行整体性的负面概括和攻击，常与欺骗、不洁、极端女权等刻板印象关联，属于性别歧视性仇恨言论。	数据集显示该短语在14个样本中有13个被标注为仇恨，主要类别为性别歧视；网络证据也支持其常用于侮辱和歧视女性。综合判断应纳入研究词典。
583	黑和	Region	0.9	6	6	0	4	该术语在中文网络语境中常被用作对特定群体（如地域、种族、性取向等）的贬低和攻击性称呼，例如“地域黑”指针对某地区的歧视，“黑和同”指对黑人和同性恋者的侮辱性合并称呼，具有强烈的仇恨和歧视色彩。	数据集样本中该词全部用于仇恨言论，涉及地域歧视、种族歧视、性取向歧视等；网络证据显示其与英文种族歧视词'Nigger'相关，具有侮辱性含义。综合判断该词为仇恨用语。
589	肮脏	LGBTQ	0.9	3	3	0	1	用于贬低LGBTQ群体或女性，暗示其道德败坏、令人厌恶，常与性行为或身体部位关联，具有强烈的侮辱性和歧视性。	数据集和网络证据均显示该词在仇恨语境中用于攻击LGBTQ群体和女性，具有明确的歧视性，且无足够非仇恨使用证据。
590	饿死不种地	Racism	0.9	2	2	0	2	该短语用于贬低黑人群体，暗示其懒惰、不愿劳动，属于种族歧视性言论。	数据集样本明确用于种族歧视，且网络证据间接支持其作为仇恨用语。
594	男友的女	Sexism	0.95	5	5	0	5	用于贬低和歧视与黑人男性交往的女性，暗示她们‘恨国’、‘没有道德’、‘不可接受’等负面刻板印象。	数据集和网络证据均显示该术语在上下文中用于性别歧视和种族歧视，所有标注样本均为仇恨言论，且网络搜索支持其侮辱性用法。
596	一起的女	Sexism	0.95	4	4	0	4	该短语用于贬损与黑人男性发生关系的中国女性，暗示其道德低下或背叛民族，常与种族歧视和性别歧视结合使用。	所有样本均为仇恨言论，明确针对与黑人男性交往的女性，同时包含性别歧视和种族歧视。
598	说排外	Region	0.9	4	4	0	1	用于指责或描述某地区（如上海）居民对外地人的排斥态度，带有负面刻板印象和地域歧视色彩。	数据集样本中该术语均用于表达地域歧视性言论，且网络证据显示其与排外、歧视相关，符合仇恨/攻击性言论特征。
599	极个别	Racism	0.9	4	4	0	1	在种族歧视语境中，用于贬低非黄种人群体，暗示其丑陋、低劣或具有威胁性，常与种族混合的负面后果相关联。	数据集样本中该词全部用于种族歧视语境，贬低特定种族群体，且网络证据支持其作为歧视性用语。
600	艾就一个	Racism	0.95	4	4	0	1	该术语是'艾滋就一个'的变体，用于将艾滋病与黑人群体恶意关联，散布种族歧视性言论，如声称黑人携带艾滋病比例高，属于种族主义仇恨言论。	数据集样本全部标注为仇恨，且明确针对黑人群体进行种族歧视攻击；网络证据虽未直接解释该词，但样本内容充分证实其仇恨用途。
602	种族歧视	Racism	0.9	52	44	8	25	指基于种族、肤色或民族出身对他人进行贬低、排斥或攻击的言论或行为，常包含仇恨、歧视或煽动性内容。	该术语在数据集中高度集中于仇恨言论（44/52），主要归类为种族主义，且网络证据显示其广泛用于种族歧视和仇恨表达。
604	欢黑	Racism	0.94	33	31	2	25	用于表达对黑人群体的厌恶、歧视或负面刻板印象，常出现在种族主义言论中。	数据集显示该词几乎全部用于种族歧视语境，如'不喜欢黑人'、'懒惰'等，且网络证据支持其与种族歧视相关。
605	男接盘	Sexism	0.95	4	4	0	3	用于贬低中国男性，暗示他们被迫接受与外国男性或非处女性有过关系的女性，常与种族歧视和性别歧视结合，侮辱男性为‘接盘侠’。	数据集和网络证据均显示该词在上下文中用于性别歧视和种族歧视，侮辱中国男性，符合仇恨言论标准。
606	天性	Racism	0.85	6	6	0	3	在仇恨言论中，“天性”被用来将负面行为或特征归因于特定群体（如种族、性别、性取向等），暗示这些群体天生具有不良特质，从而进行贬低和歧视。	尽管“天性”本身是中性词，但在提供的样本中，它被系统性地用于仇恨语境，将负面特质归因于特定群体，构成歧视性语言。数据集证据显示高仇恨比例和多种类别，且上下文判断支持纳入。
608	死绝	Region	0.95	3	3	0	3	用于诅咒特定群体全部死亡，表达极端仇恨和歧视。	所有标注样本均为仇恨言论，用于攻击特定地区（西安）或群体（舔狗龟男），且网络证据显示该词常被用作侮辱性诅咒。
610	有优越感	Region	0.85	4	4	0	3	用于指责特定地区（如广东、江浙）的人表现出傲慢自大的态度，带有地域歧视和贬低意味。	数据集样本中该短语全部用于仇恨语境，主要针对地区群体进行贬低，且网络证据支持其常用于歧视性表达。
611	嘿枸	Racism	0.95	4	4	0	6	对黑人的种族歧视性侮辱称呼，常与暴力、清洗等仇恨言论关联使用。	该词在多个样本中明确用于指代黑人群体，并伴随暴力、贬低和种族清洗的言论，如“桖洗嘿枸”、“低劣程度的气息”，所有标注均为仇恨类别，且类别纯度为1.0，证据充分。
612	谈过恋爱	Sexism	0.9	4	4	0	4	该短语在特定语境中用于贬低与特定种族（如黑人）或外国人恋爱过的女性或男性，暗示其‘不洁’或‘威胁种族纯洁’，构成性别歧视和种族歧视。	数据集样本中该短语100%用于仇恨言论，结合性别歧视和种族歧视；网络搜索未发现其作为广泛认可的仇恨黑话，但样本证据充分。
614	但是黑	Racism	0.95	5	5	0	1	该短语在上下文中用于表达对黑人群体的歧视、排斥或负面刻板印象，常与种族主义言论结合，如“但是黑人……接受不了”、“但是黑人不是中国的一部分”等。	所有样本均用于仇恨语境，主要针对黑人群体进行种族歧视，结合网络证据确认其侮辱性。
615	伪装成	hate	0.9	5	5	0	1	用于描述特定群体（如黑人、同性恋者、女权主义者）假装成某种正面或中立形象，暗示其本质是虚假、欺骗或有害的，从而贬低和污名化该群体。	所有样本中“伪装成”均用于将目标群体描述为虚假或欺骗性，带有明显的贬低和污名化意图，符合仇恨/攻击性用语特征。
616	制造新的种族	Racism	0.95	3	3	0	2	该短语用于宣扬一种种族主义阴谋论，声称通过引入其他种族来创造新种族，以灭绝中华民族，具有强烈的仇恨和歧视含义。	数据集样本全部标注为仇恨，且内容明确涉及种族歧视阴谋论；网络证据虽未直接定义该短语，但相关搜索结果均指向种族歧视和仇恨言论，间接支持其作为仇恨用语。
617	不接受同性恋	LGBTQ	0.95	3	3	0	2	用于表达对同性恋群体的排斥和歧视，常出现在反同语境中，具有侮辱性和攻击性。	该短语在数据集和网络证据中均被用于表达对同性恋群体的排斥和歧视，所有样本均被标注为仇恨言论，且网络证据显示其常被用于反同语境，具有侮辱性和攻击性。
618	地域黑最严重	Region	0.95	3	3	0	2	指针对特定地区或地域群体的歧视性、攻击性言论，通常基于刻板印象进行负面评价或侮辱。	该短语在数据集和网络证据中均明确用于描述地域歧视行为，所有样本均标注为仇恨言论，且网络来源一致将其定义为歧视性言论，符合仇恨/攻击性言论标准。
621	国女	Sexism	0.88	141	124	17	147	该词在中文网络语境中常被用作对中国女性的贬低性称呼，常与性别歧视、种族歧视和地域歧视相关联，用于表达对中国女性的负面刻板印象、攻击或仇恨。	数据集显示该词在141条样本中有124条被标注为仇恨，占比高达87.9%，且常与性别歧视、种族歧视和地域歧视类别关联。样本上下文明确显示其用于贬低中国女性，如'普信男国女'、'口区女权'等。网络证据也支持其作为歧视用语。
623	也接受不了	Racism	0.85	4	4	0	2	该短语在上下文中用于表达对特定种族（尤其是黑人）或跨种族关系的排斥和歧视，常与种族主义言论结合使用。	尽管短语本身非侮辱性，但在数据集样本中全部用于仇恨语境，表达种族或性别歧视，且上下文明确指向对黑人或跨种族关系的排斥。网络证据未显示其作为固定仇恨用语，但数据集证据强烈支持其仇恨用途。
624	下头	Sexism	0.88	12	11	1	11	用于贬低特定性别群体（如“普信男”、“妈宝女”、“直男癌”等），表达厌恶、反感，构成性别歧视性仇恨言论。	数据集显示11/12为仇恨样本，全部标注为性别歧视；网络证据确认该词常用于性别歧视语境；但该词也有中性用法，故综合判断为仇恨用语。
626	拳成	Sexism	0.95	3	3	0	1	“拳成”是“女拳”的变体，用于贬低女性主义者或女性群体，暗示其极端、无理取闹，带有性别歧视和仇恨色彩。	所有样本均标注为仇恨，且与性别歧视相关；网络证据显示该词与“女拳”同义，用于攻击女性主义者。
627	狗日	Region	0.95	3	3	0	2	狗日是一个中文侮辱性词语，字面意为‘狗娘养的’，用于极端贬低和侮辱他人。在仇恨言论中，常被用来攻击特定群体，如同性恋者（如‘同狗’）、日本人（如‘倭狗’）或特定地区的人（如成都人）。	数据集和网络证据均一致表明‘狗日’在提供的样本中全部用于仇恨言论，攻击LGBTQ、地域等群体，且无中性用法。网络证据进一步确认其为常见侮辱性脏话，常用于歧视性语境。
631	反感同性恋	LGBTQ	0.95	4	4	0	1	表达对同性恋群体的厌恶、反感或歧视，属于反LGBTQ的仇恨言论。	该短语在数据集样本中均用于表达对同性恋群体的负面态度，被标注为仇恨言论，且网络证据表明反LGBT标语常被视为仇恨言论。
633	从地球上	Racism	0.95	4	4	0	2	用于表达希望某个群体（如特定种族、国籍或地区的人）被消灭或消失的仇恨性短语，常与'抹掉'、'消失'等词连用，具有种族灭绝意味。	该短语在多个样本中用于表达极端仇恨，如'从地球上抹掉'，针对特定群体（如美国人、黑人），具有种族灭绝意味，符合仇恨言论特征。数据集和网络证据均支持其仇恨性质。
634	这个基佬	LGBTQ	1.0	5	5	0	2	对男同性恋者的侮辱性称呼，常与负面刻板印象关联，用于贬低和攻击。	所有数据集样本均为仇恨言论，网络证据确认其为歧视性用语，且无非仇恨使用案例。
636	强奸	Sexism	0.95	5	5	0	4	该词在仇恨言论中用于攻击或贬低特定群体，如将女性与强奸关联进行性别歧视，或与黑人关联进行种族歧视。	所有标注样本均为仇恨言论，且结合网络证据，该词在攻击性语境中频繁使用，构成性别歧视和种族歧视。
637	黑人老公	Racism	0.95	4	4	0	3	该术语在中文互联网中常被用于贬低和污名化与黑人男性结婚的中国女性，并暗示黑人男性具有负面特征（如艾滋病风险、遣返、性工作者等），构成种族主义和性别歧视的仇恨言论。	数据集显示该词100%用于仇恨语境，结合网络证据，该词在中文互联网中常被用于攻击和贬低黑人群体及与其相关的中国女性，符合仇恨/攻击性/编码群体指称词汇的定义。
641	没有正常人	LGBTQ	1.0	3	3	0	3	该短语用于贬低同性恋群体，声称同性恋者‘没有正常人’，将其污名化为心理疾病、自私低能等，构成对LGBTQ群体的仇恨言论。	三个样本均明确用于攻击同性恋群体，将同性恋者排除在‘正常人’之外，并附加负面标签，符合仇恨言论标准。
642	黄种人的	Racism	0.95	4	4	0	1	该术语用于指代亚洲人种，常出现在种族歧视语境中，用于贬低、攻击或宣扬种族优劣论。	数据集样本中该词全部用于仇恨语境，且网络证据显示其具有种族歧视历史，符合纳入标准。
643	引进	Racism	0.85	21	19	2	10	在中文网络语境中，“引进”常与“劣质”、“大猩猩”、“劣种”等贬义词搭配，用于指代非华裔群体（尤其是黑人和外国人），表达种族歧视和排外情绪，暗示这些群体的进入会污染或破坏社会。	数据集显示“引进”在21个样本中有19个被标注为仇恨言论，主要与种族主义相关（28次出现），且常与贬义词搭配攻击非华裔群体。网络证据虽未直接显示其为独立侮辱性术语，但结合上下文，该词在特定语境中已成为种族歧视的载体。
644	白完	Region	0.95	4	4	0	5	白完是“皖”字的拆分，用于指代安徽人，带有强烈的贬低和歧视色彩，常被用作地域攻击的蔑称。	该词在数据集和网络证据中均被明确认定为针对安徽人的地域歧视性蔑称，所有样本均用于仇恨语境，且无任何非仇恨用法。
645	慕勾	Sexism	0.95	4	4	0	5	用于贬低女性的侮辱性称呼，常出现在性别歧视语境中，暗示女性低贱或可随意对待。	所有样本均用于仇恨语境，且全部标注为性别歧视，结合上下文如'防止接盘'、'正常人谁和蝈蝈结婚'，确认该词为针对女性的侮辱性黑话。
647	吴语区	Region	0.95	5	5	0	3	指代吴语区（包括上海、苏南、浙北等地）时，用于表达地域歧视、排斥或贬低其他地区人群，常与‘江北人’等歧视性用语关联，暗示吴语区优越或外地人低劣。	数据集样本中所有5条均被标注为仇恨，且内容涉及地域歧视和排斥；网络证据显示该词常与歧视性用语关联。综合判断应纳入。
648	男人死	Sexism	0.9	3	3	0	0	用于诅咒或贬低男性群体，表达对男性的仇恨或歧视，如“中国男人死光了”。	所有样本均被标注为仇恨言论，类别为性别歧视，且网络证据支持其作为侮辱性用语。
649	传播艾滋病	LGBTQ	0.95	4	4	0	2	该短语用于将艾滋病传播与特定群体（如同性恋者、黑人）进行负面关联，构成污名化和仇恨言论。	数据集和网络证据均显示该短语在仇恨言论中高频使用，主要用于贬低LGBTQ群体，缺乏非仇恨性使用。
651	就这样了	LGBTQ	0.85	4	4	0	1	在仇恨语境中，“就这样了”作为句末总结语，用于贬低同性恋群体和女性，暗示其无可救药、注定失败，表达歧视性否定。	数据集证据显示该短语在多个样本中用于贬低同性恋和女性，且所有标注均为仇恨；网络证据虽未显示其为固定黑话，但结合上下文，其仇恨用法明确。
654	中国就行	Racism	0.9	4	4	0	3	该短语在仇恨言论中用于表达对外来群体（如黑人、非洲人、默克尔等）的排斥，要求他们离开或不要留在中国，带有种族歧视和地域歧视色彩。	数据集和网络证据均支持该短语用于仇恨言论，表达对外来群体的排斥，带有种族歧视和地域歧视色彩。
655	娶黑人	Racism	0.95	4	4	0	4	该短语用于表达对与黑人结婚的歧视性态度，常带有种族优越感和贬低黑人群体的含义。	数据集和网络证据均显示该短语几乎全部用于仇恨言论，表达对跨种族婚姻的歧视，主要涉及种族歧视，部分涉及性别歧视。
657	过的女	Sexism	0.92	12	11	1	12	该短语用于贬低与特定群体（如黑人、男性）发生过性关系的女性，暗示其“肮脏”或“低贱”，属于性别歧视和种族歧视的交叉仇恨言论。	数据集显示该短语在12个样本中有11个被标注为仇恨，主要涉及性别歧视和种族歧视；网络证据进一步证实其用于污名化女性性行为。
659	得男人	Sexism	0.85	4	4	0	3	用于指代男性群体，常出现在贬低男性、要求男性承担经济责任或物化男性的语境中，带有性别歧视色彩。	数据集证据显示该术语在多个样本中用于性别歧视语境，且所有标注均为仇恨类别，主要类别为性别歧视。尽管网络搜索未直接支持其为常见侮辱性词汇，但样本语境明确显示其攻击性用法。
662	乞丐	Region	0.9	5	5	0	5	该词在仇恨言论中用于贬低特定地区（如河南、安徽、广西）或种族（如黑人、白人）的人群，暗示其贫穷、低贱或依赖施舍，带有歧视性和侮辱性。	数据集显示所有标注均为仇恨言论，主要针对地域和种族进行贬低；网络证据表明该词常被用作侮辱性用语，与地域歧视、种族歧视关联。综合判断应纳入研究词典。
663	跪族	Sexism	0.95	5	5	0	5	用于贬低那些被认为盲目崇拜西方或黑人、缺乏民族自信的群体，常与性别歧视结合，如'跪族篮孩'，具有强烈的侮辱性和攻击性。	数据集所有样本均为仇恨标签，结合网络证据显示该词常用于歧视性语境，百度百科也定义其为批判性词汇，证据充分。
664	留在	Racism	0.85	29	26	3	24	在中文网络语境中，“留在”常与“中国”或“国内”连用，表达对外国人（尤其是黑人）或与外国人交往的女性的排斥，要求他们离开中国，带有种族歧视和性别歧视色彩。	数据集显示该词在29个样本中有26个被标注为仇恨言论，主要涉及种族主义和性别歧视，且上下文明确表达排斥和歧视。尽管网络搜索未发现其独立贬义，但结合数据集证据，该词在特定语境中具有稳定的仇恨含义。
665	不值得同情	Sexism	0.95	4	4	0	3	用于否定特定群体的同情价值，常与性别、地域、种族等歧视性标签结合，构成仇恨言论。	数据集显示该短语100%用于仇恨语境，涉及性别、地域、种族歧视；网络证据证实其常用于侮辱性语境，与歧视性用语相关。
666	生殖隔离	Racism	0.95	4	4	0	1	该术语在仇恨言论中被用来暗示不同种族之间存在生殖隔离，从而将特定种族贬低为低等或非人类，表达种族歧视和仇恨。	数据集和网络证据均显示该术语被用于种族主义仇恨言论，暗示不同种族之间存在生殖隔离，将黑人等群体非人化。
667	释放	Racism	0.85	5	5	0	2	在仇恨言论中，“释放”常被用于描述对特定种族或性别群体的负面刻板印象，如“释放本性”、“释放性需求”、“释放运动天赋”等，带有贬低和歧视意味。	尽管该词在通用语境中多为中性，但在提供的样本中，它被系统性地用于表达对种族和性别群体的歧视性刻板印象，且所有样本均被标注为仇恨言论，表明其在特定语境下具有稳定的仇恨用法。
668	野生动物	Racism	0.9	10	9	1	6	在仇恨言论中，“野生动物”被用来将特定种族或族群（如黑人、非裔）贬低为非人类、未开化的动物，暗示其低等、野蛮、具有动物性，从而合理化歧视和排斥。	数据集显示该词在90%的样本中用于种族主义仇恨言论，将目标群体比作野生动物、寄生虫等，具有明确的贬低和歧视意图。网络证据也支持其侮辱性用法。
670	鬼母阿娜	Sexism	0.95	2	2	0	2	该词用于侮辱女性，常与贬低性描述（如“二年级辍学的屑”）连用，构成性别歧视和人身攻击。	数据集样本中该词全部用于仇恨语境，标注为性别歧视，且上下文明确显示侮辱女性；网络证据虽未直接定义，但样本上下文充分支持其仇恨用法。
671	又丑又臭	Racism	0.9	2	2	0	2	用于贬低黑人群体，形容其外貌丑陋、体味难闻，具有种族歧视性质。	数据集样本明确用于种族歧视语境，如'又黑又丑又臭还不负责的嘿人'；网络证据显示该短语在侮辱性语境中使用，并被列为公然侮辱罪判例。
672	网络女拳	Sexism	0.95	2	2	0	2	用于贬低和攻击女性主义或女性权益倡导者的网络用语，常与制造性别对立、极端言论相关联，带有侮辱性和攻击性。	数据集和网络证据均显示该词用于攻击女性群体，属于性别歧视性仇恨言论。
673	异类	hate	0.95	5	5	0	4	用于贬低、排斥非主流群体（如非中华民族、同性恋者），将其标记为不正常、低劣或应被排斥的对象。	所有数据集样本均用于仇恨言论，针对种族和性取向群体，且网络证据支持其作为歧视用语。
675	希望他们	Racism	0.85	4	4	0	2	在仇恨言论中，“希望他们”用于表达对特定群体（如嫁给外国人的中国女性及其子女）的歧视性愿望，常伴随种族主义和性别歧视的恶意内容。	数据集样本中该短语100%用于仇恨语境，且明确指向种族和性别歧视；虽然短语本身中性，但在研究语料中已成为仇恨言论的固定搭配，具有高区分度。
676	黑大	Racism	0.95	5	5	0	6	该术语在中文网络语境中用于指代黑人群体，常带有贬低、歧视和仇恨色彩，类似于英文中的种族歧视词汇“nigger”或“negro”。	数据集显示该词在5个样本中全部被标注为仇恨，涉及种族歧视和地域歧视；网络证据进一步证实其作为种族歧视用语的使用，与英文n-word对应。
677	歧视中国	Racism	0.95	4	4	0	3	用于表达对中国或中国人的歧视、贬低或仇恨的言论，常与种族主义、性别歧视和地域偏见相关联。	该术语在数据集和网络证据中均明确用于表达对中国人的歧视，所有标注样本均为仇恨言论，且与种族歧视高度相关。
680	让女权	Sexism	0.9	4	4	0	1	该短语在仇恨言论中用于煽动对女权主义者的敌意，将女权视为需要对抗或利用的负面力量，常出现在攻击女性权益的语境中。	数据集样本全部为仇恨言论，且类别纯度高达0.875，主要类别为性别歧视；网络证据显示该短语常被用于贬低女权主义，结合上下文判断其具有明确的仇恨含义。
681	戴绿帽	Sexism	0.95	4	4	0	3	用于羞辱男性，暗示其伴侣出轨，带有性别歧视和侮辱性。	数据集样本全部标注为仇恨，且网络证据一致表明该词具有强烈的侮辱性和性别歧视色彩，常用于攻击男性。
682	黑女	Racism	0.9	35	31	4	37	用于贬低和歧视黑人女性的侮辱性称呼，常与种族主义和性别歧视关联，表达厌恶、排斥或物化。	该词在数据集和网络证据中均被广泛用于仇恨言论，样本中88.6%为仇恨标签，主要涉及种族主义和性别歧视，且网络证据显示其常被用于贬低和歧视黑人女性。
683	白男	Racism	0.9	5	5	0	6	用于贬低白人男性的种族歧视用语，常与性歧视结合，暗示白人男性对亚洲女性有‘炼铜’、‘猎奇’等不良动机。	数据集样本全部标注为仇恨，且结合网络证据显示该词常被用作贬义词，涉及种族和性别歧视。
686	普信女	Sexism	0.9	10	9	1	9	用于贬低普通但自信的女性，常伴随攻击性语言，构成性别歧视和仇恨言论。	该术语在数据集和网络证据中均被广泛用于贬低女性，90%的标注为仇恨言论，主要归类为性别歧视，且常伴随攻击性语言。
688	外来物种	Racism	0.95	3	3	0	4	将特定种族或民族群体非人化地称为“外来物种”，暗示其不属于本地、应被排斥或驱逐，具有强烈的种族歧视和仇恨色彩。	数据集样本中该词明确用于指代黑人等群体，并带有贬低、排斥和驱逐的仇恨言论；网络证据也显示该词在仇恨语境中被用于非人化描述。结合高精度、高纯度及上下文判断，该词符合仇恨/攻击性术语特征。
689	你们基佬	LGBTQ	0.95	3	3	0	4	对男同性恋群体的蔑称，常带有贬低、嘲讽或指责的意味，用于仇恨言论中攻击或侮辱该群体。	数据集所有样本均标注为仇恨，且网络证据确认'基佬'为对男同性恋的蔑称，'你们基佬'用于指代群体并带有贬义，符合仇恨言论特征。
690	黑奴	Racism	0.95	8	7	1	7	该词在中文网络语境中常被用作对黑人的侮辱性称呼，与英文‘nigger’对应，带有强烈的种族歧视和贬低意味，常与‘媚黑奴’、‘小黑奴’等变体一起使用，表达对黑人群体的仇恨和蔑视。	数据集显示该词在8个样本中有7个被标注为仇恨言论，主要涉及种族歧视；网络证据表明该词与英文‘nigger’对应，具有强烈的冒犯性。尽管存在一个非仇恨的历史讨论样本，但整体上该词在当代中文网络中被广泛用作种族歧视用语。
691	凌迟	Sexism	0.95	4	4	0	4	该词原指中国古代一种残酷的死刑，但在网络语境中被用作针对女性的极端暴力威胁和仇恨言论，表达对女性的恶意攻击和侮辱。	数据集和网络证据均显示，该词在样本中明确用于表达对女性的极端仇恨和暴力威胁，如'幕刃欠凌迟'、'粿籹凌迟就完事'等，均指向性别歧视和暴力煽动，符合仇恨言论特征。
692	皖北	Region	0.9	4	4	0	4	指安徽北部地区，在网络语境中常被用于表达对皖北人群的歧视、排斥或贬低，例如“我们最排斥的是皖北地区”、“什么都是皖北的锅”。	数据集和网络证据均显示“皖北”在上下文中被用作地域歧视性用语，样本中明确表达排斥和贬低，且维基百科等来源将其列为歧视语。
693	回非洲	Racism	0.95	11	10	1	9	用于要求或建议黑人离开中国、返回非洲的歧视性短语，常伴随种族仇恨和排斥情绪。	该短语在数据集中10/11为仇恨样本，主要表达将黑人驱逐出中国的种族主义意图，网络证据也显示其作为歧视用语广泛使用。
694	非洲女人	Sexism	0.85	4	4	0	3	该词在样本中被用于物化、刻板印象和贬低非洲女性，常与性暗示、身材评价或负面行为关联，构成性别歧视和种族/地域歧视。	数据集证据显示所有样本均为仇恨言论，主要类别为性别歧视，且结合种族和地域歧视；网络证据虽未明确将该词列为固定仇恨用语，但支持其歧视性使用。综合判断，该词在特定语境下具有高度仇恨性，应纳入研究词典。
696	破事	Sexism	0.85	5	5	0	3	用于贬低女性，将女性相关事务或言论轻蔑地称为“破事”，暗示其琐碎、无价值，常与性别歧视言论结合。	数据集样本中所有5条标注为仇恨，且主要与性别歧视相关（4条涉及女性贬低），同时有地域歧视用例。网络证据虽未直接支持，但数据集证据充分。
697	狐臭	Racism	0.85	9	8	1	6	用于贬低特定种族（如黑人）或地区群体（如非江浙沪地区的人），暗示其有体味，从而表达歧视和排斥。	该词在样本中频繁用于贬低特定群体（如黑人、韩国人），并与种族歧视、地域歧视相关联，具有明确的侮辱性和歧视色彩。网络证据也表明其具有歧视性含义。
698	敢歧视	Region	0.9	4	4	0	2	用于表达对特定地区群体的歧视性态度，常以反问或讽刺形式出现，暗示对某地区人群的贬低或排斥。	数据集和网络证据均显示该短语在上下文中用于地域歧视，样本中明确针对山东、贵州、山西、上海等地区，且所有标注均为仇恨类别。
699	什么男	Sexism	0.85	4	4	0	2	用于贬低或攻击男性群体的表达，常出现在性别歧视或性取向歧视的语境中，暗示对男性的负面评价或嘲讽。	数据集证据强烈支持该术语在样本中全部用于仇恨言论，涉及性别歧视和LGBTQ歧视，且上下文判断确认其攻击性。网络证据虽未直接定义该短语，但相关讨论涉及性别歧视词汇，且样本语境一致。综合决定纳入。
702	人生孩子	Sexism	0.9	5	5	0	3	该短语在仇恨语境中用于贬低与外国（尤其是黑人）生育的中国女性，暗示其背叛民族、污染血统，同时将女性物化为生育工具，包含性别歧视和种族主义内容。	数据集样本全部标注为仇恨，且同时涉及性别歧视和种族主义；网络证据显示生育相关用语常被用作侮辱性工具，支持其仇恨属性。
705	这些女人	Sexism	0.95	5	5	0	4	用于指代女性群体，常出现在贬低、歧视或攻击性语境中，表达对女性的蔑视、物化或仇恨。	所有标注样本均为仇恨言论，主要类别为性别歧视，且网络证据支持其作为厌女用语。
710	吸血	hate	0.9	5	5	0	4	在仇恨言论中，“吸血”被用作比喻，指责特定群体（如女性或同性恋者）像吸血鬼一样剥削、利用他人，带有强烈的贬低和歧视意味。	数据集样本中所有5条标注均为仇恨，且上下文明确针对女性和同性恋群体进行侮辱性比喻；网络证据也显示该词在仇恨语境中被使用。
711	的外国人	Racism	0.9	6	6	0	1	该短语在中文网络语境中常被用于表达对外国人群体的负面刻板印象和歧视性言论，例如将外国人与艾滋病、垃圾渣滓、劣质等负面标签关联，并针对特定种族（如黑人）进行攻击。	数据集样本中所有6条记录均标注为仇恨言论，且与种族歧视和性别歧视高度相关；网络证据也显示该短语常被用于歧视性语境。
712	外来	Racism	0.89	14	13	1	11	用于指代外来务工人员、外来物种等，带有贬低、排斥和歧视意味，常与种族主义和地域歧视关联。	数据集显示13/14为仇恨样本，主要涉及种族和地域歧视；样本中明确用于贬低外来务工人员、外来物种等；网络证据虽未直接定义，但结合上下文支持其作为歧视用语。
713	炎黄子孙	Racism	0.9	4	4	0	1	该词在仇恨言论中被用来排斥非汉族群，尤其是黑人，强调血统纯洁性，暗示只有纯正汉族血统才属于中华民族，表达种族歧视和排外情绪。	数据集样本显示该词被用于种族歧视语境，排斥非汉族群；网络证据表明该词在历史上曾被用于区分汉族与其他民族，且官方已建议慎用。综合判断其具有仇恨言论特征。
714	自己是同性恋	LGBTQ	0.95	3	3	0	1	该短语在上下文中用于贬低或攻击同性恋群体，暗示同性恋者自视高人一等或给家庭带来耻辱，属于歧视性语言。	数据集样本全部为仇恨言论，且网络证据显示该短语常被用于侮辱同性恋群体，结合高精度和高纯度，应纳入词典。
715	同性恋很恶心	LGBTQ	0.95	3	3	0	1	该短语用于表达对同性恋群体的厌恶和歧视，属于仇恨言论。	该短语在三个样本中均被标注为仇恨，且网络证据显示其被广泛用于歧视性语境。
716	从地球上抹掉	Racism	0.95	3	3	0	1	用于表达对特定种族或群体进行彻底消灭的极端仇恨言论，常与侮辱性称呼连用，煽动暴力灭绝。	数据集所有样本均为仇恨言论，标注为种族主义，且网络证据支持其作为歧视用语。短语在上下文中明确表达对特定群体的灭绝意图，具有高度仇恨特征。
717	同性恋不正常	LGBTQ	0.95	3	3	0	1	该短语用于贬低同性恋群体，声称其性取向‘不正常’，构成歧视性仇恨言论。	数据集和网络证据均一致表明该短语被用于仇恨言论，针对LGBTQ群体，且无其他非仇恨用法。
718	把河南人骂	Region	0.95	3	3	0	2	该短语用于描述对河南人进行辱骂的行为，是地域歧视性语言，常出现在网络争吵或地域攻击中。	数据集和网络证据均显示该短语几乎只用于仇恨语境，且无其他非仇恨用法，符合纳入标准。
726	海歧视	Region	0.95	6	6	0	2	指基于地域的歧视，通常用于描述上海等地对其他地方（如北京、苏北、安徽、四川等）的歧视行为或言论。	该术语在多个样本中明确用于描述地域歧视，所有标注均为仇恨言论，类别纯度为1.0，且网络证据支持其作为歧视用语。
728	爱黑	Racism	0.95	5	5	0	5	用于表达对黑人群体的负面刻板印象或歧视，常与性别歧视结合攻击女性，或用于地域攻击。	所有样本均被标注为仇恨言论，且无任何非仇恨用法。该词在上下文中明确用于种族歧视、性别歧视和地域攻击。
729	人丑	Region	0.9	3	3	0	2	用于贬低特定地区、种族或性别群体的外貌，具有歧视性和攻击性。	该术语在样本中明确用于贬低特定群体（如黑人、中国人），结合上下文具有歧视性，且网络证据显示其常被用作侮辱性用语。
731	重口味	Sexism	0.95	4	4	0	3	用于贬低特定地区人群（如印度、泰国、非洲）或女性，暗示其令人不适或低劣，具有歧视性和攻击性。	数据集样本中该词全部用于仇恨言论，贬低地区人群和女性；网络证据显示其常与负面评价关联，且被用于歧视性语境。
732	是不正常	LGBTQ	0.95	4	4	0	1	用于将同性恋群体描述为异常、不正常的歧视性表述，暗示其违背自然或社会规范；也用于贬低黑人群体，暗示其行为反常。	数据集样本中该短语明确用于贬低同性恋群体（如“同性恋是不正常的”）和黑人群体（如“有做好事的新闻才是不正常”），构成仇恨言论。网络搜索未发现该短语作为独立仇恨用语被广泛记录，但样本证据充分。
733	张口闭口	Sexism	0.8	4	4	0	1	用于引出对特定群体的负面评价或攻击，常与性别、地域、性取向等歧视性内容结合，构成仇恨言论。	数据集样本中该短语全部用于仇恨语境，且覆盖多个歧视类别；网络证据显示其常与网络烂梗和歧视性表达关联，但短语本身非专用黑话。综合判断应纳入研究词典。
735	犯罪	Racism	0.85	47	41	6	41	在仇恨言论中，“犯罪”常被用来污名化特定种族或地域群体，暗示该群体天生具有犯罪倾向，例如“黑人犯罪”、“河南人偷井盖”等表述，构成对群体的歧视和攻击。	数据集显示“犯罪”在41个标注样本中有36个被标记为仇恨，且常与种族、地域歧视结合；虽然网络证据显示其通用含义，但结合上下文，该词在仇恨语境中具有明确的歧视性用法。
740	你们同性恋的	LGBTQ	0.95	3	3	0	2	该短语用于指代同性恋群体，常伴随贬低、污名化（如与艾滋病关联）和否定其关系价值的言论，构成歧视性仇恨言论。	数据集样本中该短语全部用于仇恨语境，明确指向同性恋群体并伴随贬低和污名化；网络证据也显示类似表达常被用作侮辱性词汇。
744	有过黑人	Racism	0.95	5	5	0	5	用于指代与黑人有过恋爱关系的女性，并表达歧视、贬低或污名化，属于种族主义和性别主义的仇恨言论。	该短语在数据集和网络证据中均被用于仇恨语境，全部样本标注为仇恨，且结合网络证据中关于种族歧视词汇的讨论，该短语具有强烈的种族歧视和性别歧视色彩，属于仇恨/攻击性/编码群体指称词汇。
745	国内的女拳	Sexism	0.95	2	2	0	2	该术语是对中国女权主义者的贬称，用于嘲讽、攻击和污名化那些主张性别平等的女性，常将其描绘为极端、无理取闹或制造性别对立。	数据集样本显示该词在上下文中明确用于攻击女权主义者，网络证据也证实其作为侮辱性黑话的广泛使用，具有强烈的性别歧视和仇恨色彩。
749	黑河南人	Region	0.95	3	3	0	3	用于贬低、侮辱河南人群体的地域歧视性用语，常与负面刻板印象（如偷井盖、骗子等）关联。	数据集和网络证据均一致表明该术语用于针对河南人的仇恨/攻击性言论，属于地域歧视。
750	又当又立	Sexism	0.95	3	3	0	3	用于指责女性或女权主义者虚伪、表里不一，暗示其既想获得利益又不愿承担相应责任，常带有性别歧视和侮辱性。	数据集样本中该词均用于攻击女权或女性群体，具有明确的性别歧视指向；网络证据显示其源自侮辱性短语，常用于贬低他人虚伪，结合上下文确认其仇恨性。
751	犯罪分子	Racism	0.9	3	3	0	3	该词在样本中被用于指代黑人群体，将黑人与犯罪分子直接等同，构成种族歧视和仇恨言论。	数据集样本显示该词在种族主义语境中用于污名化黑人群体，且网络证据表明该词可能被用作歧视性标签。
752	黑人的人	Racism	0.95	3	3	0	3	该短语用于指代黑人群体，常出现在种族歧视性言论中，将黑人描述为‘黑色种子’、‘洪水猛兽’，暗示其‘人种侵入’和‘共妻习惯’，表达对黑人的排斥和贬低。	数据集和网络证据均显示该短语在中文语境中用于仇恨言论，三个样本全部标注为仇恨，且网络搜索确认其与种族歧视关联。
753	小仙女的	Sexism	0.9	3	3	0	3	该短语在中文网络语境中常被用于贬低女性，暗示女性事务琐碎、不应被干涉，或讽刺女性具有‘公主病’、‘应得心态’，构成性别歧视性语言。	数据集样本全部标注为仇恨且类别为性别歧视，网络证据显示该词已演变为贬义，常用于攻击女性，符合仇恨/攻击性词汇标准。
754	歧视北方	Region	0.9	3	3	0	3	用于表达对北方人的地域歧视，常与贬义词汇如“北佬”“北姑”等关联，属于仇恨/攻击性言论。	数据集三个样本均用于表达对北方人的歧视，且网络证据显示该短语常与地域歧视关联，符合仇恨言论特征。
755	除了寄声	Racism	0.95	3	3	0	3	该短语用于贬低特定群体，将其非人化，暗示其只有本能行为，如发出声音和性侵犯，具有强烈的种族歧视和仇恨色彩。	数据集和网络证据均显示该短语出现在针对特定群体的仇恨言论中，与侮辱性词汇连用，用于非人化贬低，符合种族歧视用语特征。
756	黑乐色	Racism	0.95	3	3	0	5	该词是对黑人群体的侮辱性称呼，字面意为'黑垃圾'，用于贬低和攻击黑人，表达种族歧视和仇恨。	数据集和网络证据均一致表明该词用于指代黑人群体并带有强烈侮辱性，所有样本均为仇恨言论，且网络搜索确认其与'黑鬼'等种族歧视用语相关。
758	鸡肋	Racism	0.9	4	4	0	3	在仇恨语境中，用于贬低黑人群体，暗示其能力或特质毫无价值、多余，如同鸡肋一般。	数据集样本中该词全部用于贬低黑人运动能力，构成种族歧视；网络证据显示其常见含义为非仇恨，但在仇恨语境中用作贬低。
759	头男	Sexism	0.95	4	4	0	3	用于贬低男性的侮辱性词汇，常与“下头”等词连用，表达对男性的歧视和厌恶。	数据集和网络证据均显示该词在上下文中用于性别歧视性侮辱，且所有标注样本均为仇恨言论。
760	搞基	LGBTQ	0.95	4	4	0	3	指男同性恋间的爱慕及性行为，常被用作对男同性恋的贬称，带有歧视和嘲讽意味。	该术语在数据集所有样本中均用于仇恨言论，且网络证据显示其被列为歧视语，符合纳入标准。
761	贞操	Sexism	0.9	4	4	0	3	在仇恨言论中，'贞操'被用来对女性进行性道德评判，强化性别双重标准，常与侮辱性语境结合，如'戴贞操带'、'没贞操'等，贬低女性性自主权。	数据集样本全部标注为仇恨，且类别为性别歧视；网络证据显示该词常被用于侮辱和歧视女性，符合仇恨/攻击性词汇特征。
762	拳有	Sexism	0.95	3	3	0	0	该术语是'女拳'的变体，用于贬低和攻击女性群体，特指被认定为极端或激进的女权主义者，常与性行为不端、滥交等负面标签关联，属于性别歧视的仇恨言论。	数据集和网络证据均一致表明该词用于性别歧视的仇恨语境，所有样本均标注为仇恨，且网络来源明确解释其贬义用法。
763	拳自	Sexism	0.95	3	3	0	0	该词是'女拳'的变体，用于贬低或攻击女权主义者，常出现在性别对立语境中，具有侮辱性。	数据集三个样本均标注为仇恨，且全部属于性别歧视类别；网络证据显示该词是'女拳'的变体，用于攻击女权主义者，挑起性别对立。
764	为狗	Sexism	0.9	3	3	0	0	在中文网络语境中，“为狗”常作为性别歧视性侮辱，将女性贬低为狗，暗示其低贱、顺从或物化，用于攻击或贬低女性。	数据集三个样本均标注为仇恨且类别为性别歧视，内容明确将女性与狗类比进行贬低；网络证据显示“狗”在中文中常作为侮辱性词汇，且样本中用于攻击女性。综合判断该词在仇恨语境中用于性别歧视。
765	拳还	Sexism	0.9	3	3	0	0	该术语是'女拳'的变体，用于指代极端女权主义者，常伴随性别对立和侮辱性内容，属于性别歧视性仇恨言论。	数据集和网络证据均显示该术语用于攻击性指代极端女权主义者，煽动性别对立，符合仇恨言论标准。
766	中国男人在	Sexism	0.9	4	4	0	1	该短语在上下文中用于贬低中国男性，将其描绘为在非洲和亚洲地区不负责任、性滥交的形象，同时隐含对其他种族的歧视，属于性别歧视和种族歧视的仇恨言论。	数据集样本全部标注为仇恨，且结合网络证据显示该短语常与种族歧视和性别歧视关联，用于攻击中国男性。
767	挺恶心的	LGBTQ	0.85	4	4	0	2	用于表达对特定群体（如同性恋、阴阳人、跨性别者等）的厌恶和贬低，具有明显的歧视性和攻击性。	数据集样本中该短语全部用于仇恨语境，主要针对LGBTQ群体，且类别纯度较高；网络证据虽显示其通用性，但数据集证据强烈支持其作为仇恨用语。
768	一刀	Sexism	0.85	5	5	0	4	在仇恨语境中，“一刀”被用作暴力威胁或贬低性表达，常与种族、地域或性别歧视结合，例如“一刀劈S这个嘿蛆”（种族歧视）、“老乡见老乡·背后捅一刀”（地域歧视）、“把这小表砸一刀一刀宰了”（性别歧视）。	数据集显示5个样本全部标注为仇恨，涉及种族、地域和性别歧视，且上下文明确使用“一刀”进行暴力威胁或贬低。网络证据虽未直接支持其为固定歧视术语，但数据集证据充分，且该词在特定语境下具有明确的仇恨用法。
769	说舔狗	Sexism	0.9	3	3	0	0	用于贬低那些对女性过度讨好、无条件付出的男性，常与性别歧视言论结合，具有侮辱性和性别歧视含义。	数据集样本中该词全部用于仇恨语境，且与性别歧视高度相关；网络证据也表明其常被用作性别歧视侮辱。
772	生下来的	Racism	0.95	5	5	0	1	该短语在仇恨言论中用于贬低跨种族婚姻的后代，暗示其基因低劣或具有污染性，常与种族主义言论如'黄疽病'、'黑种人基因顽强'等共现。	数据集和网络证据均显示该短语几乎全部用于种族歧视语境，如贬低混血儿、宣扬种族基因决定论，且与歧视性词汇共现，表明其作为种族歧视的对比性短语使用。
773	什么狗屁	Sexism	0.9	3	3	0	0	该短语用于表达对某种观点或行为的强烈否定和贬低，常与性别歧视或种族歧视内容结合，作为情绪化表达的一部分，本身不直接指代群体，但强化了歧视性语境。	该短语在样本中100%用于仇恨语境，结合上下文具有明确的歧视性含义，且网络证据显示其作为侮辱性用语广泛使用。
775	是黑色的	Racism	0.9	4	4	0	1	该短语在上下文中被用于贬低黑种人，暗示其基因导致地球变黑，或用于歧视山西人，带有种族主义和地域歧视的仇恨色彩。	数据集样本中该短语全部用于仇恨语境，结合网络证据显示其与种族歧视词汇关联，且无中性使用案例。
781	赖在中国	Racism	0.95	4	4	0	2	用于表达对外国人（尤其是黑人和跨种族婚姻者）的排斥，暗示其不应留在中国，带有种族歧视和地域歧视色彩。	数据集和网络证据均显示该短语在多个上下文中被用于表达对外籍人士的排斥和歧视，常与种族主义和性别歧视言论结合，具有明确的仇恨/攻击性含义。
782	些地域	Region	0.95	6	6	0	3	指代地域歧视言论或行为，用于贬低、攻击特定地域的人群，常与'地域黑'等词连用，表达对某地区人的负面刻板印象或仇恨。	该术语在数据集和网络证据中均明确用于地域歧视语境，所有标注样本均为仇恨类别，且与'地域黑'等常见歧视表达高度相关，具有明确的攻击性和贬损含义。
783	仇男	Sexism	0.95	4	4	0	5	指对男性的仇恨、敌意或强烈偏见，常被用作攻击性标签，贬低所有男性。	该术语在数据集和网络证据中均明确用于表达对男性的仇恨或贬低，所有标注样本均为仇恨言论，且主要归类为性别歧视。
785	艾滋	others	0.88	145	127	18	142	该词在仇恨言论中用于污名化艾滋病患者，常与滥交、犯罪等负面标签关联，攻击特定群体或个人。	数据集显示该词在127/145条样本中用于仇恨语境，常与歧视性言论关联；网络证据表明其被用于污名化艾滋病患者，符合仇恨/攻击性词汇特征。
786	死守	LGBTQ	0.85	3	3	0	1	在仇恨言论中，“死守”用于描述对特定群体（如东北人、LGBTQ群体、女性）的顽固坚持或攻击性行为，带有贬低和歧视意味。	数据集样本显示“死守”在三个不同语境中均用于攻击性描述（地区歧视、LGBTQ仇恨、性别歧视），且标注为仇恨；网络证据未发现其作为歧视用语的普遍使用，但数据集证据充分。
787	自甘堕落	hate	0.95	4	4	0	3	用于贬低特定群体（如同性恋者、黑人或女性），指责其行为低下、堕落，暗示其自愿陷入不道德或低贱状态，构成歧视性语言。	该术语在多个样本中明确用于攻击LGBTQ群体、种族和性别群体，如'自甘堕落变成一只大叔控zero'、'与其为伍就是自甘堕落'等，具有强烈的侮辱性和歧视性，符合仇恨/攻击性语言标准。
788	女拳挑拨	Sexism	0.95	2	2	0	1	用于贬低和攻击女权主义者，指责其挑拨家庭关系、制造性别对立，带有性别歧视和仇恨色彩。	该术语在数据集和网络证据中均明确用于攻击女权主义者，指控其挑拨家庭关系，带有性别歧视和仇恨色彩，符合仇恨/攻击性词汇标准。
789	石砸狗叫	Sexism	0.95	2	2	0	1	该短语用于贬低对性别歧视言论提出异议的女性，将其反应比喻为狗叫，构成性别歧视和仇恨言论。	数据集和网络证据均显示该短语被用于攻击女性或女权主义者，将对方比作狗，具有侮辱性和性别歧视，符合仇恨/攻击性用语特征。
790	不得好死	Sexism	0.95	2	2	0	1	诅咒他人不得好死，用于攻击特定群体（如舔狗、慕勾），带有性别歧视和恶意诅咒性质，属于仇恨言论。	该术语在样本中用于攻击特定群体（舔狗、慕勾），且法院认定其为侮辱性用语，具有贬损人格和诅咒性质，符合仇恨言论特征。
791	妖魔鬼怪	Region	0.9	2	2	0	1	用于贬低特定地区（如广东、上海、北京）的人群，将其比喻为妖魔鬼怪，暗示其邪恶、低劣，具有地域歧视性。	数据集样本中该词明确用于贬低特定地区人群，且所有标注均为仇恨言论；网络证据显示该词在历史和政治语境中也被用于贬低对立群体，符合仇恨/攻击性词汇特征。
792	舔狗太多	Sexism	0.9	2	2	0	1	用于贬低男性，暗示其过度讨好女性、丧失尊严，并以此攻击女性群体，属于性别歧视性仇恨言论。	数据集样本显示该短语100%用于仇恨语境，且网络证据表明其常被用于性别歧视攻击。
793	女拳消失	Sexism	0.95	2	2	0	1	该术语用于表达希望女性主义群体消失的仇恨言论，其中“女拳”是对女权主义者的侮辱性称呼，“消失”则表达了消除该群体的意图。	数据集和网络证据均显示该术语用于贬低和攻击女性主义群体，属于性别歧视性仇恨言论。
794	一个舔狗	Sexism	0.95	2	2	0	1	用于贬低对女性过度殷勤、讨好或单方面付出的男性，暗示其卑微、无尊严，属于性别歧视性侮辱。	数据集和网络证据均一致表明该术语在样本中用于性别歧视性侮辱，且无非仇恨用法。
795	只有中国	Region	0.9	4	4	0	2	该短语在仇恨语境中用于表达排外和性别歧视观点，暗示只有中国男性才配得上中国女性或只有中国男性才能评论中国女性，带有地域歧视和性别歧视。	数据集和网络证据均支持该短语在样本中用于仇恨言论，表达排外和性别歧视观点，且所有标注样本均为仇恨类别。
796	成舔狗	Sexism	0.95	2	2	0	2	该词用于贬低男性，暗示其在追求异性时毫无尊严、卑微讨好，强化了性别刻板印象，属于性别歧视性语言。	数据集样本中该词均用于贬低男性，且网络证据显示其常被用作侮辱性词汇，结合高精度和纯度，应纳入。
797	吃女拳	Sexism	0.95	2	2	0	2	用于贬低那些被认为利用女权主义话题谋取个人利益（如流量、金钱）的人，带有性别歧视和攻击性，属于对女权主义者的污名化。	数据集样本显示该词100%用于仇恨语境，且网络证据表明其常用于性别歧视攻击，符合仇恨言论特征。
798	么多拳	Sexism	0.95	2	2	0	2	该术语是“女拳”的变体，用于贬低和攻击女权主义者或女性，暗示她们好斗、无理取闹，属于性别歧视性仇恨言论。	数据集证据显示该术语在上下文中明确用于攻击女权主义者，带有贬义和敌意，且所有标注均为仇恨类别，精确度为1.0。尽管网络搜索未直接找到该术语，但数据集样本和上下文判断提供了充分证据。
799	当婊子	Sexism	0.95	2	2	0	2	该术语用于贬低女性，暗示女性通过性行为获取利益，并带有虚伪的指责，属于性别歧视和仇恨言论。	数据集和网络证据均一致表明该词用于仇恨言论，所有样本均为仇恨标注，网络来源确认其侮辱性和性别歧视性质。
800	南蛮之	Region	0.95	2	2	0	2	该词源自历史地域歧视用语'南蛮子'，在样本语境中用于贬低南方人，如'广东南蛮之夷'和'南蛮之地'，带有明显的歧视性和侮辱性，属于地域仇恨言论。	数据集样本明确显示该词用于贬低南方人，如'广东南蛮之夷'和'南蛮之地'，且百度百科等网络证据确认其为地域歧视性语言，属于仇恨言论。
801	渴死不	Racism	0.95	2	2	0	2	该术语用于贬低黑人群体，暗示其懒惰、不愿劳动，如'饿死不种地渴死不挖井'，属于种族歧视性仇恨言论。	数据集和网络证据均一致表明该术语用于种族歧视，且无其他非冒犯性用法。
802	蛮之地	Region	0.95	2	2	0	2	该词用于贬低南方地区，将南方人称为‘野蛮人’，带有地域歧视性仇恨含义。	数据集样本显示该词明确用于地域歧视，结合网络证据中历史文献和现代讨论均确认其侮辱性，且无其他非仇恨用法。
804	嫁给默	Sexism	0.95	4	4	0	3	该术语用于贬低嫁给非洲裔男性的中国女性，常与种族歧视和性别歧视结合，表达对这些女性的侮辱和对非洲男性的负面刻板印象。	所有样本均显示该词用于仇恨语境，结合性别歧视和种族歧视，且无中性或正面用法。
805	茶壶	Sexism	0.95	4	4	0	4	在中文网络语境中，“茶壶”常与“茶壶嘴”连用，作为对男性的侮辱性称呼，暗指男性生殖器，用于贬低中国男性。	数据集样本中“茶壶”全部标注为仇恨，且与“xdz”、“金针菇”等侮辱性词汇并列，用于攻击中国男性；网络证据虽未直接定义，但样本内容明确显示其仇恨用法。
806	牲口	Sexism	0.95	4	4	0	4	将人比作牲畜，用于贬低、侮辱他人，暗示其低等、非人化。	数据集所有样本均标注为仇恨言论，用于贬低女性和种族群体；网络证据也显示其作为侮辱性用语使用。
807	低龄	LGBTQ	0.9	4	4	0	4	在仇恨言论中用于贬低LGBTQ群体，暗示其不成熟、心理变态，如“低龄心理变态人群”。	数据集样本中“低龄”与“非主流”结合，反复用于攻击LGBTQ群体，构成歧视性言论；网络证据显示该词常用于侮辱性语境。
809	幕刃真	Sexism	0.95	5	5	0	0	幕刃真是对女性的侮辱性称呼，源自“幕刃”谐音“母人”，用于贬低、攻击女性，常出现在仇恨语境中。	所有5个样本均被标注为仇恨言论，类别为性别歧视，且网络证据明确显示“幕刃”是对女性的侮辱性称呼。候选词“幕刃真”在样本中均用于贬低女性，如“幕刃真的该死”，因此应纳入研究词典。
810	哗众取宠的小丑	LGBTQ	0.95	2	2	0	2	用于贬低同性恋群体、女性及种族群体，将其比作通过夸张行为博取关注的‘小丑’，暗示其行为低劣、可笑且不道德。	数据集样本显示该短语明确用于攻击同性恋群体（如‘同性恋就是哗众取宠的小丑’）和女性（如‘她自己不也是一个哗众取宠的小丑’），并带有种族歧视色彩；网络证据进一步证实其作为侮辱性标签的使用。
811	诅咒	hate	0.85	5	5	0	5	用于表达对特定群体（如同性恋者、特定地区人群、种族、性别）的恶意诅咒或攻击性言论，意图造成伤害或歧视。	数据集样本中该词全部用于仇恨语境，针对多个群体；网络证据显示其常作为侮辱性词汇，但缺乏特定群体指向性；综合判断应纳入词典。
814	三观不正	Racism	0.9	4	4	0	2	用于指责他人价值观、世界观、人生观存在偏差，常被用来攻击特定群体（如黑人、难民、男同等），表达歧视性评价。	数据集样本中该词全部用于仇恨言论，针对黑人、难民、男同等群体；网络证据显示其常被用作泛化贬义，但在样本中明确用于攻击特定群体，具有歧视性。
817	基佬都	LGBTQ	0.95	6	6	0	0	对男同性恋群体的蔑称，常与贬低、侮辱性内容关联，如暗示其心理异常、需要纠正或具有负面特质。	数据集全部6个样本均为仇恨标签，且网络证据确认'基佬'为男同性恋蔑称，'基佬都'在上下文中强化负面刻板印象，符合仇恨/冒犯性群体指称词标准。
818	个黑妹	Racism	0.95	4	4	0	2	用于贬低和物化黑人女性的种族歧视和性别歧视用语，常与负面联想（如“生黑娃”）结合，暗示其不受欢迎或低人一等。	数据集所有标注均为仇恨言论，且结合网络证据，该词在中文语境中常用于种族歧视和性别歧视，贬低黑人女性。
819	又当	Sexism	0.95	4	4	0	3	用于指责女性虚伪、表里不一，常与“又立”连用，构成“又当又立”，源自“又当婊子又立牌坊”，具有强烈的性别歧视和侮辱性。	数据集和网络证据均支持该词在样本中用于攻击女性群体，具有明确的性别歧视含义，符合仇恨/攻击性/编码群体指称词条标准。
823	反同	LGBTQ	0.9	83	70	13	64	用于贬低、攻击或歧视同性恋、双性恋、跨性别等LGBTQ群体的言论或行为，常出现在仇恨言论中，表达对性少数群体的敌视。	该术语在数据集中有70条仇恨标注，占84.3%，且主要出现在攻击性语境中，如'消灭同性恋'；网络证据显示其常作为侮辱性标语使用。
825	女狗	Sexism	0.95	2	2	0	3	将女性贬低为狗，是一种侮辱性称呼，常用于性别歧视语境，表达对女性的不尊重和仇恨。	数据集和网络证据均强烈支持该词为仇恨/攻击性词汇，用于性别歧视，且无已知非仇恨用法。
826	喃蛮	Region	0.95	2	2	0	3	用于贬低特定地区人群的侮辱性称呼，源自历史蔑称'南蛮'，暗示对方是未开化的野蛮人。	数据集和网络证据均显示该词在上下文中明确用于地域歧视和仇恨攻击，如'黑河南、黑北方的都是喃蛮'，且历史来源为蔑称。
829	看看黑	Racism	0.95	4	4	0	2	该短语用于贬低和歧视黑人群体，常与犯罪率、行为恶劣等负面刻板印象关联，具有种族歧视性质。	所有样本均为仇恨言论，明确指向黑人群体并带有歧视性描述，结合网络证据显示其与种族歧视相关。
831	高高在上的	Region	0.95	3	3	0	1	用于描述某人或某群体以傲慢、优越的姿态对待他人，常带有地域歧视或阶级贬低意味，暗示对方低人一等。	数据集三个样本均用于地域歧视语境，描述长三角媒体、江北思想等对外省人的傲慢态度；网络证据显示该词常用于侮辱性、歧视性表达，如‘高高在上歧视黑人’、‘高高在上的贵族老爷’等，且与地域仇恨言论相关。综合判断为仇恨言论。
833	不尊重女性	Sexism	0.9	3	3	0	1	用于指责或贬低女性，暗示女性不值得尊重，常作为攻击女权主义者或为性别歧视言论辩护的标签。	该短语在数据集和网络证据中均明确用于性别歧视语境，表达对女性的贬低和敌意，符合仇恨/攻击性词汇特征。
837	反婚反育	Sexism	0.9	3	3	0	2	该术语用于贬低和攻击女性，特别是与女权相关的群体，暗示她们虚伪、自私，并试图破坏婚姻制度。常与'婚驴'等侮辱性词汇关联，用于污名化女性。	数据集所有样本均为仇恨标注，类别为性别歧视；网络证据显示该词常用于攻击女权主义者，与侮辱性词汇关联。综合判断为仇恨用语。
838	极端男权	Sexism	0.95	3	3	0	2	指代持有极端性别主义立场的男性群体，常伴随对女性的歧视、敌意和攻击性言论，如主张男性至上、贬低女性、支持性别对立等。	该术语在数据集和网络证据中均被用于指代极端性别主义群体，并伴随攻击性、歧视性言论，如样本中与家暴、网暴等行为关联，且被归类为仇恨言论。
839	外地人的	Region	0.9	3	3	0	2	用于指代非本地人，常带有地域歧视和排斥意味，暗示外来者低人一等或不受欢迎。	该术语在数据集和网络证据中均被用于表达地域歧视，所有标注样本均为仇恨类别，且网络文章也承认其可能被用作歧视性标签。
840	东北的人	Region	0.9	3	3	0	2	指代东北地区人群，常被用于地域歧视性言论中，带有负面刻板印象，如懒惰、粗俗、好斗等。	数据集所有样本均为仇恨标注，且网络证据显示该词常被用于地域歧视，结合高置信度判断应纳入。
843	搞地域黑	Region	0.95	3	3	0	2	指针对特定地区或地域的人群进行贬低、歧视或侮辱的言行，通常带有刻板印象和偏见。	该术语在数据集和网络证据中均明确用于指代地域歧视行为，所有样本均标注为仇恨，且无任何非仇恨用法。
844	黑的地方	Region	0.9	3	3	0	2	指代遭受地域歧视的地区，常与“地域黑”连用，用于贬低或歧视特定地域。	该短语在数据集和网络证据中均明确用于指代遭受地域歧视的地区，具有明确的贬义和歧视性，符合仇恨/攻击性/编码群体指代词汇的定义。
845	广东人长	Region	0.95	3	3	0	2	该术语用于贬低广东人的外貌，属于地域歧视性言论。	数据集样本显示该词用于负面评价广东人长相，如'不觉得广东人长得好看'，且网络证据表明存在针对广东人的地域歧视和侮辱性言论，符合仇恨/攻击性词汇特征。
846	井盖都是	Region	0.95	3	3	0	2	该短语用于强化对河南人的负面刻板印象，暗示河南人偷窃井盖，是一种地域歧视性表达。	数据集样本全部为仇恨言论，且网络证据充分表明该短语用于对河南人的地域歧视。
847	只有河南	Region	0.9	3	3	0	2	用于在语境中强调河南是负面行为的唯一实施者，或突出河南遭受歧视最严重，从而强化对河南人的地域歧视和负面刻板印象。	数据集样本中该短语均出现在地域歧视语境，用于贬低河南人；网络证据显示河南地域歧视普遍存在，且该短语在样本中用于强调负面行为与河南的关联。
848	歧视女性	Sexism	0.95	3	3	0	2	用于指责或暗示性别歧视行为，如质疑女性话语权、贬低女性智商，属于歧视性语言。	数据集所有样本均标注为仇恨言论，且类别纯度为1.0；网络证据显示该短语与性别歧视、厌女等概念紧密相关，符合仇恨/攻击性词汇定义。
850	桖洗嘿枸	Racism	0.95	3	3	0	2	该词组用于煽动对特定群体的暴力清洗，具有强烈的种族仇恨色彩。	数据集和网络证据均一致显示该词组仅用于仇恨语境，表达种族清洗意图，无任何非仇恨用法。
851	黑江浙沪	Region	0.95	3	3	0	2	用于表达对江浙沪地区的负面评价、攻击或歧视，常与'黑'（抹黑、攻击）连用，如'黑江浙沪'，带有地域仇恨性质。	数据集所有样本均为仇恨类别，标注为地域歧视；网络证据显示该词用于地域黑，与歧视语相关。
852	黑人小孩	Racism	0.9	3	3	0	2	该词在仇恨言论中用于贬低和歧视黑人儿童，常与负面刻板印象（如滥交、艾滋、暴力、低素质）关联，暗示其社会威胁或劣等性。	数据集样本全部为仇恨言论，且网络证据显示该词在中文语境中常被用于种族歧视性攻击，结合两者支持纳入。
853	男权主义	Sexism	0.9	3	3	0	2	用于贬低和攻击持有极端男权观点的人，常出现在性别对立语境中，带有侮辱性和攻击性。	数据集样本中该词均用于负面攻击，且网络证据显示其常被用作侮辱性标签，尽管维基百科定义中性，但实际使用中已高度污名化。
854	存在感	Region	0.85	30	25	5	26	在仇恨言论中，用于贬低或轻视特定地区（如省份），暗示该地区不重要、容易被忽视，从而表达地域歧视。	数据集显示该词在25个样本中被标注为仇恨，主要针对地域歧视，且上下文明确用于贬低省份存在感。虽然网络证据未直接支持其为固定黑话，但数据集证据充分，且语境判断支持纳入。
855	炎黄	Racism	0.9	5	5	0	3	在仇恨言论中，“炎黄”被用来指代汉族或中华民族，常与种族主义、排外和地域歧视结合，例如声称与黑人通婚会导致“炎黄子孙灭绝”，或用于贬低其他地区的人。	所有5个样本均为仇恨言论，涵盖种族主义、地域歧视和性别歧视，且网络证据显示该词在特定语境下被用于歧视性表达。尽管其本义中性，但在研究语料中明确用于攻击性语境。
859	与黑人	Racism	0.95	4	4	0	2	该短语在中文语境中常被用于表达对黑人群体的歧视、贬低或仇恨，例如反对跨种族婚姻、指责与黑人结合污染基因、贬低黑人外貌等，属于种族主义仇恨言论。	数据集所有样本均为仇恨标注，且网络证据显示该短语常出现在仇视黑人的言论中，与种族歧视高度相关。
861	愿意和	Sexism	0.85	4	4	0	3	该短语在仇恨语境中用于表达对特定群体（如与非洲男性恋爱的中国女性、西部省份）的贬低和排斥，暗示这些群体低人一等或不受欢迎。	数据集显示该短语在4个样本中全部用于仇恨语境，涉及性别歧视、种族歧视和地域歧视，且上下文判断支持其作为仇恨用语。尽管网络证据未显示其独立侮辱性，但数据集证据充分。
864	low	others	0.85	5	5	0	3	在中文网络语境中，“low”被用作贬低他人素质、品味、身份或行为的侮辱性词汇，常与特定群体关联，如地域、性别、种族等，构成攻击性言论。	数据集和网络证据均显示“low”在中文语境中常被用作贬低特定群体的侮辱性词汇，样本中明确用于攻击地域、性别等群体，符合仇恨/攻击性言论特征。
865	黑的人	Racism	0.9	5	5	0	4	该术语用于指代黑人群体，常与贬义词汇如“媚黑”、“舔黑”等连用，表达种族歧视和仇恨态度。	数据集和网络证据均显示该术语在仇恨言论中用于指代黑人，带有明显的种族歧视色彩。所有样本均被标注为仇恨，且网络搜索确认其与种族歧视关联。
868	pua	Sexism	0.92	12	11	1	10	在中文网络语境中，'pua' 已从原意'搭讪艺术家'演变为指代情感操控、精神打压、贬低对方等负面行为，常被用于性别歧视言论中，攻击或侮辱特定性别群体（如男性或女性），也出现在种族歧视语境中。	数据集显示该词在12个样本中有11个被标注为仇恨言论，主要涉及性别歧视（Sexism）和种族歧视（Racism），非仇恨用法仅1例。网络证据也表明该词在中文语境中已普遍用于贬低和攻击特定群体，具有明显的侮辱性和歧视性。
869	越南人	Region	0.9	4	4	0	3	该词在仇恨言论中用于贬低越南人，常与负面刻板印象（如贪婪、政治阴谋、性开放）关联，或作为异类排斥。	数据集样本全部为仇恨标签，且网络证据显示该词常用于反越情绪和歧视性语境。
871	直男也	LGBTQ	0.9	4	4	0	1	用于贬低或嘲讽直男，暗示其被同性恋者视为性对象，或对直男进行刻板印象攻击，常与'直男癌'等歧视性用语关联。	数据集全部4个样本均为仇恨标签，主要涉及LGBTQ和性别歧视；网络证据显示该词常被用作贬义或歧视性用语，如'直男癌'等。
875	歧视北	Region	0.9	5	5	0	5	用于表达对北方地区人群的歧视或贬低，常出现在地域攻击语境中。	该术语在数据集和网络证据中均明确用于地域歧视，所有标注均为仇恨言论，且类别一致。
877	个默	Racism	0.95	7	7	0	4	该词是中文网络中对黑人的侮辱性称呼，常与负面刻板印象（如艾滋病、犯罪、吸毒）关联，用于贬低和攻击黑人群体。	数据集所有样本均为仇恨言论，主要类别为种族主义，且网络证据支持其为贬义称呼。
879	田园女拳	Sexism	0.95	2	2	0	2	该词是对所谓‘极端女权主义者’的贬义称呼，用于攻击和侮辱女性，暗示她们只享受权利而不承担义务，态度极端、言辞暴戾，带有明显的性别歧视和仇恨色彩。	数据集样本全部标注为仇恨言论，且网络证据显示该词常用于贬低和攻击女性，具有明确的性别歧视和仇恨性质。
880	极端男拳	Sexism	0.9	2	2	0	2	用于指代持有极端性别对立观点的男性群体，常伴随侮辱性、贬低性语境，如‘社会毒瘤’、‘辱骂黄色侮辱’等，属于性别歧视性仇恨言论。	数据集和网络证据均显示该词用于攻击和贬低特定性别群体，符合仇恨言论定义。
881	打男	Sexism	0.9	4	4	0	3	用于描述女性对男性施暴时受到不同对待的现象，暗示性别双重标准，并带有对女权主义的贬义，属于性别歧视性语言。	该术语在多个样本中用于描述女性对男性施暴时受到不同对待的现象，暗示性别双重标准，并带有对女权主义的贬义，属于性别歧视性语言。网络证据也支持其作为歧视性用语。
883	东北人是	Region	0.95	5	5	0	0	该术语用于对东北人进行地域歧视和负面刻板印象，如懒惰、粗俗、好斗、拉帮结派等，属于仇恨言论。	所有样本均被标注为仇恨言论，且网络证据显示该短语常用于地域歧视和负面刻板印象，符合仇恨/攻击性词汇定义。
884	下头男	Sexism	0.9	3	3	0	3	用于贬低、侮辱男性，指责其行为令人扫兴或反感，常带有性别歧视和攻击性。	数据集全部标注为仇恨言论，且主要归类为性别歧视；网络证据显示该词常用于贬低男性，具有侮辱性。
885	说安徽	Region	0.9	3	3	0	3	用于贬低或歧视安徽人，常与负面刻板印象（如贫穷、小偷）关联，构成地域攻击。	数据集样本全部标注为仇恨，且语境明确涉及地域歧视（如“安徽人都是小偷”）；网络证据显示“说安徽”常与歧视性用语“白完”关联，用于贬低安徽人。
886	仙女们	Sexism	0.9	3	3	0	3	用于贬低年轻女性，暗示其拜金、矫情、具有应得心态，常与性别歧视和嘲讽相关。	数据集所有样本均标注为仇恨言论，且类别为性别歧视；网络证据显示该词已演变为对女性的贬义称呼，与英语中'fairy'的侮辱性用法相关。
887	智力还	LGBTQ	0.95	3	3	0	3	该术语在上下文中用于贬低同性恋群体，将其智力与儿童或发育不全者相提并论，暗示其智力低下，构成对LGBTQ群体的歧视性攻击。	数据集样本中所有3个实例均被标注为仇恨，且100%属于LGBTQ类别，用于贬低同性恋者的智力。网络证据支持类似表述（如‘智力迟钝’）作为歧视性用语。综合判断应纳入研究词典。
889	不知道自己	Sexism	0.85	4	4	0	1	用于贬低他人，暗示其缺乏自知之明，常与性别、种族或性取向歧视结合，如'不知道自己几斤几两的地下头男'、'黑人不知道自己是凯乐奇计划的棋子'等。	数据集样本中该短语全部用于仇恨语境，涵盖性别歧视、种族歧视和LGBTQ歧视，且上下文判断支持。网络证据虽未显示其为固定侮辱词，但样本证据充分。
890	民族主义者	Racism	0.9	3	3	0	4	用于贬低或攻击特定民族或种族群体，常与排外、歧视性言论相关联，如“逆向民族主义者”等变体。	数据集显示该词在3个样本中均用于仇恨言论，且与种族主义高度相关；网络证据表明其常出现在歧视性语境中。
896	说男人	Sexism	0.85	4	4	0	1	在中文网络语境中，'说男人'常被用作性别歧视言论的开头或组成部分，用于贬低、攻击整个男性群体，例如将男性整体描述为'垃圾'或与负面行为关联。	数据集证据显示该短语在4个样本中全部标注为仇恨言论，主要类别为性别歧视，且上下文明确包含对男性的整体贬低。网络证据虽未将其列为固定黑话，但支持其出现在性别歧视语境中。综合判断，该短语在特定语境下具有仇恨含义，应纳入研究词典。
898	又黑	Racism	0.95	5	5	0	1	在中文互联网语境中，“又黑”常被用作对黑人群体的贬低性描述，与“又丑”、“又臭”等负面词汇连用，表达种族歧视和仇恨。	数据集样本中5条全部标注为仇恨，且明确针对黑人群体进行贬低；网络证据显示该词在中文互联网中常用于仇黑言论。
899	变成烂裤	Sexism	0.95	2	2	0	2	该词是'烂裤裆'的变体，用于侮辱女性性行为不检点，属于性别歧视用语；在上下文中也涉及种族歧视。	数据集样本和网络证据均显示该词用于仇恨/冒犯性语境，侮辱女性性行为不检点，属于性别歧视；部分样本涉及种族歧视。
900	入寝	Racism	0.95	4	4	0	3	用于指代特定族群（如“国际鬼子虫类及其后代虫混”）侵入社会或寄生，带有强烈的种族歧视和仇恨色彩。	所有样本均为仇恨言论，主要归类为种族主义，且网络证据支持其作为种族歧视用语。
902	找黑人的女生	Racism	0.95	3	3	0	3	该短语用于贬低和攻击与黑人男性交往的中国女性，暗示其行为污染血统、扰乱社会，常与种族歧视和性别歧视结合，将中国女性视为资源，污名化其选择。	数据集和网络证据均显示该短语在中文网络中被用作仇恨言论，具有明确的侮辱性和排外含义，且所有标注样本均为仇恨内容。
904	接受同性恋	LGBTQ	0.88	9	8	1	4	该短语常以反问或否定形式出现，表达对同性恋群体的排斥、反感或贬低，属于歧视性语言。	数据集显示高仇恨比例（8/9），样本中多为反问或否定表达排斥；网络证据表明该短语常被用于微歧视或隐性歧视。
905	白色	Racism	0.85	4	4	0	2	在中文网络语境中，“白色”常被用于种族歧视性对比，将白色皮肤与智力、审美等正面特质关联，同时贬低其他肤色（如黑色、棕色），暗示肤色等级。	数据集样本显示“白色”在种族歧视语境中高频出现，用于对比并贬低其他肤色，符合种族歧视特征。网络证据虽未直接支持“白色”本身为歧视词，但样本中的用法明确构成歧视。
906	还生	Racism	0.9	5	5	0	2	用于贬低和歧视跨种族生育，尤其是针对黑人与中国人结合所生子女的侮辱性用语，常与种族歧视和性别歧视相关联。	数据集和网络证据均显示该词在仇恨言论中高频出现，用于攻击黑人和跨种族关系，具有明确的种族歧视和性别歧视色彩。
909	爆杀	Sexism	0.9	4	4	0	4	在网络语境中，'爆杀'被用作攻击性动词，常与针对女性的侮辱性称呼（如'小仙女'、'母钩'、'畒'）连用，表达对女性的仇恨和暴力倾向，属于性别歧视仇恨言论。	数据集样本全部标注为仇恨言论，且主要针对女性群体，结合网络证据显示该词常用于侮辱性语境，因此纳入研究词典。
910	抵制男同	LGBTQ	0.9	4	4	0	1	用于表达对男同性恋群体的抵制和敌意，属于针对LGBTQ群体的仇恨言论。	数据集样本全部标注为仇恨，且网络证据显示该短语与反LGBT标语和歧视相关，支持其作为仇恨/攻击性用语。
911	艾滋病	others	0.85	93	78	15	88	该术语在仇恨言论中用于污名化艾滋病患者，暗示其具有道德缺陷或危险性，常与性行为、疾病传播等负面语境关联，构成歧视性攻击。	数据集显示该词在78%的标注样本中用于仇恨语境，常与性行为、歧视性言论关联；网络证据表明该词被用于污名化艾滋病患者，维基百科和百度百科均指出对艾滋病患者的歧视和污名化现象。
913	妄想	Racism	0.85	5	5	0	2	用于贬低特定群体（如东北人、黑人、通讯录、女性），暗示其有非理性的妄想，构成歧视性标签。	该词在样本中用于贬低多个群体，且网络证据显示其作为歧视用语（如'电波系'）和仇恨言论中的常见元素。
916	个拳师	Sexism	0.95	2	2	0	1	用于贬低和攻击女权主义者，尤其是极端或激进的女权主义者，常带有侮辱性和性别歧视色彩。	数据集和网络证据均显示该词在上下文中明确用于贬低和侮辱女性，尤其是女权主义者，属于性别歧视性黑话，且常与'坦克'等侮辱性词汇并列。
917	个拳法	Sexism	0.95	2	2	0	1	用于贬低和嘲讽女性争取权益的行为，将女性合理诉求污名化为极端、无理取闹的“拳法”，属于性别歧视性黑话。	数据集样本全部标注为仇恨，且上下文明确用于攻击女性；网络证据显示该词是性别对立黑话，常用于贬低女性权益主张。
918	女拳拿	Sexism	0.95	2	2	0	1	该术语是'女拳'的变体，用于贬低和攻击女权主义者，将其与极端、无理取闹等负面刻板印象关联，属于性别歧视性仇恨言论。	数据集样本中该词均用于贬低女权主义者，结合网络证据确认其为侮辱性称呼，属于性别歧视。
919	女拳和	Sexism	0.95	2	2	0	1	该词是'女拳'的变体，用于贬低和攻击女权主义者，常出现在性别对立语境中，具有侮辱性。	数据集样本显示该词用于仇恨言论，网络证据也证实其为侮辱性称呼，属于性别歧视。
920	女拳最	Sexism	0.95	2	2	0	1	该术语是'女拳'的变体，用于贬低和攻击女权主义者，常出现在仇恨言论中，将女性描述为极端、情绪化、不学无术等，构成性别歧视。	数据集样本显示该词用于仇恨言论，且网络证据表明'女拳'是侮辱性称呼，用于攻击女权主义者。
921	么女拳	Sexism	0.95	2	2	0	1	该词是'女拳'的变体，用于贬低女性或女权主义者，暗示其无理取闹、挑起性别对立，属于性别歧视性仇恨言论。	数据集样本中该词均用于仇恨语境，标注为性别歧视；网络证据显示'女拳'及其变体被广泛用作侮辱性称呼，攻击女权主义群体。
922	捡破烂	Region	0.9	2	2	0	1	在特定语境下，用于贬低特定地域（如安徽）的人，将其与乞丐、穷苦农民工等负面刻板印象关联，构成地域歧视。	数据集样本显示该词在语境中明确用于地域歧视，且web证据表明其本身中性但可被用作侮辱性标签。
923	为肮脏	LGBTQ	0.9	2	2	0	1	该词在上下文中用于贬低同性恋行为，将同性恋与肮脏、淫秽、疾病等负面概念关联，构成对LGBTQ群体的歧视性语言。	数据集和网络证据均显示该词在上下文中明确用于贬低LGBTQ群体，将同性恋行为描述为“肮脏淫秽”，具有强烈的侮辱性和歧视性。
925	反同战	LGBTQ	0.95	5	5	0	4	指代反对同性恋的群体，常带有攻击性和歧视性，用于贬低和攻击LGBTQ群体。	该术语在数据集和网络证据中均明确用于仇恨言论，所有样本均为仇恨标注，且网络证据显示其属于反LGBTQ标语，被广泛视为仇恨言论。
926	骂死	Sexism	0.85	2	2	0	2	在中文网络语境中，“骂死”常用于表达对特定群体（尤其是女性）的强烈敌意和攻击性言论，意图通过辱骂来压制或贬低该群体。	数据集证据显示“骂死”在样本中均用于性别歧视语境，表达对女性的敌意；网络证据虽未直接定义其为仇恨用语，但结合样本语境，其作为攻击性表达具有明确的歧视性。
927	拳師	Sexism	0.95	2	2	0	2	在中文网络语境中，“拳師”是“女拳师”的简称，用于贬低和攻击持有激进女权观点的女性，暗示她们无理取闹、挑起性别对立，具有性别歧视和侮辱性。	数据集样本显示该词用于性别歧视性仇恨言论，网络证据证实其作为侮辱性标签广泛使用，且无显著非仇恨用法。
928	脏掉	Sexism	0.85	2	2	0	2	用于贬低女性，暗示女性不洁或道德败坏，尤其用于形容女性所生的孩子，带有性别歧视色彩。	数据集证据显示该词在性别歧视语境中使用，且被标注为仇恨言论；网络证据虽未广泛支持，但数据集样本明确显示其攻击性用法。
929	丑女	Sexism	0.95	2	2	0	2	用于贬低女性外貌，常与性别歧视言论结合，攻击女性群体。	数据集和网络证据均显示该词在上下文中明确用于贬低女性外貌，构成性别歧视和仇恨言论。
930	钕拳	Sexism	0.95	2	2	0	2	该词是“女拳”的变体，用于贬低和侮辱女权主义者，暗示其行为极端、无理取闹，常出现在性别对立言论中，具有明显的性别歧视色彩。	数据集样本中该词均用于仇恨语境，标注为性别歧视；网络证据显示该词是“女拳”的变体，广泛用于贬低女权主义者，具有侮辱性和歧视性。
931	拳把	Sexism	0.9	2	2	0	2	用于贬低和攻击女性或女权主义者的侮辱性词汇，常与'女拳'关联，指代极端女权主义者并带有性别歧视和敌意。	数据集和网络证据均显示'拳把'在上下文中用于攻击女性（如与'母猪'连用）和贬低女权运动，符合性别歧视仇恨用语特征。
933	黑人来	Racism	0.95	4	4	0	1	该术语用于表达对黑人群体的歧视、排斥或负面刻板印象，常与犯罪、低素质、不受欢迎等负面概念关联，构成种族歧视和性别歧视的仇恨言论。	数据集和网络证据均显示该词在上下文中几乎全部用于仇恨语境，且与种族歧视和侮辱性含义强相关。
936	传染给	Racism	0.9	4	4	0	2	在仇恨言论中，该词用于描述将艾滋病等疾病传染给他人，常与特定种族或群体关联，暗示该群体是疾病传播者，构成污名化和歧视。	数据集样本中该词全部用于仇恨语境，结合网络证据显示其常用于种族主义和性别歧视言论，污名化特定群体。
937	个媚	Sexism	0.9	4	4	0	3	用于贬低女性，指女性讨好男性或特定种族群体，常与“媚男”、“媚黑”等组合使用，带有性别歧视和种族歧视色彩。	所有标注样本均为仇恨言论，且结合网络证据，该词在上下文中明确用于贬低女性，符合性别歧视和种族歧视特征。
939	同性恋的人	LGBTQ	0.9	3	3	0	3	该短语在上下文中用于表达对同性恋者的厌恶、反对或歧视，常与负面评价（如“恶心”）或指责（如“到处宣传”）结合，构成仇恨言论。	数据集三个样本均为仇恨标签，且web证据显示该短语在中文语境中常被用于歧视性表达，结合高hate_precision和log_odds，确认其仇恨属性。
941	媚黑的女人	Racism	0.95	3	3	0	4	用于贬低和侮辱偏好或与黑人交往的中国女性，常与种族歧视和性别歧视结合，暗示其道德败坏或低贱。	数据集和网络证据均显示该词在多个语境中用于攻击和贬低特定群体，结合种族和性别歧视，属于仇恨言论。
944	黑北京的	Region	0.9	3	3	0	3	用于贬低、攻击北京地区及其居民的歧视性用语，属于地域仇恨言论。	该术语在数据集样本中明确用于贬低北京地区，属于地域歧视性仇恨言论，且所有标注样本均为仇恨类别，无非仇恨使用。网络证据虽未直接定义该词，但样本显示其用于负面攻击，且维基百科等来源确认地域歧视属于仇恨言论。
945	某些媒体	Region	0.9	3	3	0	3	该短语用于指责特定地区的媒体散布地域歧视内容，煽动对特定地区群体的仇恨。	所有标注样本均为仇恨标签，且短语在上下文中明确用于攻击特定地区媒体，煽动地域歧视。
950	天龙人	Region	0.95	4	4	0	3	天龙人原为日本漫画《海贼王》中的虚构特权阶级，在中文网络中被用作贬义词，指代自认为优越、歧视他人的特定地域群体（如上海人、台北人）或权贵阶层，带有地域歧视和阶级歧视色彩。	数据集样本中该词全部用于仇恨语境，明确指向地域歧视和种族歧视；网络证据显示其作为贬义称呼广泛用于攻击特定群体，符合仇恨言论特征。
957	拉低	Racism	0.92	13	12	1	10	用于贬低特定群体（如种族、性别、地域）的智商、地位或素质，暗示该群体拉低了整体水平，构成歧视性攻击。	数据集显示12/13为仇恨样本，主要关联种族、性别、地域歧视；网络证据支持其侮辱性用法。
958	黑色的是垃圾	Racism	0.95	2	2	0	0	该短语将黑色与垃圾材料直接关联，在上下文中被用作对黑人群体的侮辱性隐喻，暗示黑人低劣、像垃圾一样，属于种族歧视性仇恨言论。	数据集样本中该短语明确用于贬低黑色物品，结合网络证据显示其被广泛用作针对黑人的种族歧视用语，因此应纳入研究词典。
960	蛆是人类未来	Racism	0.95	2	2	0	0	该短语将黑人群体贬低为“蛆”，并声称其是“人类未来”，是一种非人化的种族主义侮辱，表达极端仇恨和歧视。	数据集样本中该短语与“黑蛆”连用，明确针对黑人群体，表达极端仇恨和歧视；网络证据显示“蛆”在中文网络中被用作侮辱性称呼，且该短语常与种族歧视关联。
961	人形畜狌只有	Racism	0.95	2	2	0	0	该短语用于将人贬低为只有本能的动物，暗示其行为如同畜生，具有强烈的种族歧视和侮辱性。	数据集和网络证据均显示该短语在上下文中用于贬低特定群体，将其描述为只有本能、寄声和寝犯的动物，属于种族歧视性仇恨言论。
966	现在女	Sexism	0.9	10	9	1	3	用于贬低当代女性，暗示她们娇贵、无理、激进或具有负面特质，常与性别歧视言论结合使用。	数据集证据显示该词在10个样本中有9个被标注为仇恨，且全部属于性别歧视类别；网络证据虽未直接定义该词，但提供了针对女性的侮辱性词汇背景，支持其作为仇恨用语。
