record_id,protocol_id,task,condition,candidate_id,labels,ordinal,answer_mean,answer_sum,eos_logprob,mean_with_eos,total_with_eos,answer_tokens
EA-5086-hate-v1:T0_L0,EA-5086-hate-v1,hate,T0_L0,hate,"[""hate""]",0,-0.4554278055826823,-1.3662834167480469,0.0,-0.3415708541870117,-1.3662834167480469,3
EA-5086-hate-v1:T0_L0,EA-5086-hate-v1,hate,T0_L0,non-hate,"[""non-hate""]",1,-0.27773094177246094,-1.3886547088623047,0.0,-0.23144245147705078,-1.3886547088623047,5
EA-5086-hate-v1:T0_L1,EA-5086-hate-v1,hate,T0_L1,hate,"[""hate""]",0,-0.9833552042643229,-2.9500656127929688,0.0,-0.7375164031982422,-2.9500656127929688,3
EA-5086-hate-v1:T0_L1,EA-5086-hate-v1,hate,T0_L1,non-hate,"[""non-hate""]",1,-0.5924964904785156,-2.962482452392578,0.0,-0.493747075398763,-2.962482452392578,5
EA-5086-hate-v1:T1_L0,EA-5086-hate-v1,hate,T1_L0,hate,"[""hate""]",0,-0.7394485473632812,-2.2183456420898438,0.0,-0.5545864105224609,-2.2183456420898438,3
EA-5086-hate-v1:T1_L0,EA-5086-hate-v1,hate,T1_L0,non-hate,"[""non-hate""]",1,-0.5553302764892578,-2.776651382446289,0.0,-0.46277523040771484,-2.776651382446289,5
EA-5086-hate-v1:T1_L1,EA-5086-hate-v1,hate,T1_L1,hate,"[""hate""]",0,-0.8597971598307291,-2.5793914794921875,0.0,-0.6448478698730469,-2.5793914794921875,3
EA-5086-hate-v1:T1_L1,EA-5086-hate-v1,hate,T1_L1,non-hate,"[""non-hate""]",1,-0.4603057861328125,-2.3015289306640625,0.0,-0.38358815511067706,-2.3015289306640625,5
EA-541-hate-v1:demo_removed_dictionary_fixed,EA-541-hate-v1,hate,demo_removed_dictionary_fixed,hate,"[""hate""]",0,-0.17961629231770834,-0.538848876953125,0.0,-0.13471221923828125,-0.538848876953125,3
EA-541-hate-v1:demo_removed_dictionary_fixed,EA-541-hate-v1,hate,demo_removed_dictionary_fixed,non-hate,"[""non-hate""]",1,-0.188409423828125,-0.942047119140625,0.0,-0.15700785319010416,-0.942047119140625,5
EA-1128-hate-v1:demo_removed_dictionary_fixed,EA-1128-hate-v1,hate,demo_removed_dictionary_fixed,hate,"[""hate""]",0,-5.089333852132161,-15.268001556396484,0.0,-3.817000389099121,-15.268001556396484,3
EA-1128-hate-v1:demo_removed_dictionary_fixed,EA-1128-hate-v1,hate,demo_removed_dictionary_fixed,non-hate,"[""non-hate""]",1,-3.814697265625e-06,-1.9073486328125e-05,0.0,-3.1789143880208335e-06,-1.9073486328125e-05,5
EA-3169-hate-v1:demo_removed_dictionary_fixed,EA-3169-hate-v1,hate,demo_removed_dictionary_fixed,hate,"[""hate""]",0,-0.16103235880533853,-0.4830970764160156,0.0,-0.1207742691040039,-0.4830970764160156,3
EA-3169-hate-v1:demo_removed_dictionary_fixed,EA-3169-hate-v1,hate,demo_removed_dictionary_fixed,non-hate,"[""non-hate""]",1,-0.22479248046875,-1.12396240234375,0.0,-0.18732706705729166,-1.12396240234375,5
EA-4026-hate-v1:demo_removed_dictionary_fixed,EA-4026-hate-v1,hate,demo_removed_dictionary_fixed,hate,"[""hate""]",0,-1.422821044921875,-4.268463134765625,0.0,-1.0671157836914062,-4.268463134765625,3
EA-4026-hate-v1:demo_removed_dictionary_fixed,EA-4026-hate-v1,hate,demo_removed_dictionary_fixed,non-hate,"[""non-hate""]",1,-0.3717864990234375,-1.8589324951171875,0.0,-0.30982208251953125,-1.8589324951171875,5
EA-541-hate-v1:original,EA-541-hate-v1,hate,original,hate,"[""hate""]",0,-0.5892626444498698,-1.7677879333496094,0.0,-0.44194698333740234,-1.7677879333496094,3
EA-541-hate-v1:original,EA-541-hate-v1,hate,original,non-hate,"[""non-hate""]",1,-0.23768234252929688,-1.1884117126464844,0.0,-0.19806861877441406,-1.1884117126464844,5
EA-1128-hate-v1:original,EA-1128-hate-v1,hate,original,hate,"[""hate""]",0,-4.940284729003906,-14.820854187011719,-3.814697265625e-06,-3.705214500427246,-14.820858001708984,3
EA-1128-hate-v1:original,EA-1128-hate-v1,hate,original,non-hate,"[""non-hate""]",1,-7.62939453125e-07,-3.814697265625e-06,0.0,-6.357828776041666e-07,-3.814697265625e-06,5
EA-3169-hate-v1:original,EA-3169-hate-v1,hate,original,hate,"[""hate""]",0,-0.032071431477864586,-0.09621429443359375,0.0,-0.024053573608398438,-0.09621429443359375,3
EA-3169-hate-v1:original,EA-3169-hate-v1,hate,original,non-hate,"[""non-hate""]",1,-0.7730789184570312,-3.8653945922851562,0.0,-0.644232432047526,-3.8653945922851562,5
EA-4026-hate-v1:original,EA-4026-hate-v1,hate,original,hate,"[""hate""]",0,-1.3844362894694011,-4.153308868408203,0.0,-1.0383272171020508,-4.153308868408203,3
EA-4026-hate-v1:original,EA-4026-hate-v1,hate,original,non-hate,"[""non-hate""]",1,-0.5367210388183594,-2.683605194091797,0.0,-0.4472675323486328,-2.683605194091797,5
EA-6037-hate-v1:original,EA-6037-hate-v1,hate,original,hate,"[""hate""]",0,-2.386876424153646,-7.1606292724609375,0.0,-1.7901573181152344,-7.1606292724609375,3
EA-6037-hate-v1:original,EA-6037-hate-v1,hate,original,non-hate,"[""non-hate""]",1,-0.00016937255859375,-0.00084686279296875,0.0,-0.000141143798828125,-0.00084686279296875,5
EA-6037-hate-v1:source_edge_masked,EA-6037-hate-v1,hate,source_edge_masked,hate,"[""hate""]",0,-1.2151769002278645,-3.6455307006835938,0.0,-0.9113826751708984,-3.6455307006835938,3
EA-6037-hate-v1:source_edge_masked,EA-6037-hate-v1,hate,source_edge_masked,non-hate,"[""non-hate""]",1,-0.0054229736328125,-0.0271148681640625,0.0,-0.004519144694010417,-0.0271148681640625,5
EA-541-group-v1:answer_reviewed,EA-541-group-v1,group,answer_reviewed,group-00,[],0,-19.91790199279785,-19.91790199279785,0.0,-9.958950996398926,-19.91790199279785,1
EA-541-group-v1:answer_reviewed,EA-541-group-v1,group,answer_reviewed,group-01,"[""Racism""]",1,-8.161775970458985,-40.80887985229492,0.0,-6.801479975382487,-40.80887985229492,5
EA-541-group-v1:answer_reviewed,EA-541-group-v1,group,answer_reviewed,group-02,"[""Region""]",2,-15.919100443522135,-47.757301330566406,0.0,-11.939325332641602,-47.757301330566406,3
EA-541-group-v1:answer_reviewed,EA-541-group-v1,group,answer_reviewed,group-03,"[""Racism"",""Region""]",3,-8.45131002153669,-59.159170150756836,0.0,-7.3948962688446045,-59.159170150756836,7
EA-541-group-v1:answer_reviewed,EA-541-group-v1,group,answer_reviewed,group-04,"[""LGBTQ""]",4,-1.566156768798828,-7.830783843994141,0.0,-1.3051306406656902,-7.830783843994141,5
EA-541-group-v1:answer_reviewed,EA-541-group-v1,group,answer_reviewed,group-05,"[""Racism"",""LGBTQ""]",5,-3.6248686048719616,-32.623817443847656,0.0,-3.262381744384766,-32.623817443847656,9
EA-541-group-v1:answer_reviewed,EA-541-group-v1,group,answer_reviewed,group-06,"[""Region"",""LGBTQ""]",6,-6.04980959211077,-42.34866714477539,0.0,-5.293583393096924,-42.34866714477539,7
EA-541-group-v1:answer_reviewed,EA-541-group-v1,group,answer_reviewed,group-07,"[""Racism"",""Region"",""LGBTQ""]",7,-4.918165900490501,-54.09982490539551,0.0,-4.508318742116292,-54.09982490539551,11
EA-541-group-v1:answer_reviewed,EA-541-group-v1,group,answer_reviewed,group-08,"[""Sexism""]",8,-6.446193695068359,-25.784774780273438,0.0,-5.156954956054688,-25.784774780273438,4
EA-541-group-v1:answer_reviewed,EA-541-group-v1,group,answer_reviewed,group-09,"[""Racism"",""Sexism""]",9,-4.4272050857543945,-35.417640686035156,0.0,-3.9352934095594616,-35.417640686035156,8
EA-541-group-v1:answer_reviewed,EA-541-group-v1,group,answer_reviewed,group-10,"[""Region"",""Sexism""]",10,-8.08285903930664,-48.497154235839844,0.0,-6.928164890834263,-48.497154235839844,6
EA-541-group-v1:answer_reviewed,EA-541-group-v1,group,answer_reviewed,group-11,"[""Racism"",""Region"",""Sexism""]",11,-5.809507942199707,-58.09507942199707,0.0,-5.2813708565451885,-58.09507942199707,10
EA-541-group-v1:answer_reviewed,EA-541-group-v1,group,answer_reviewed,group-12,"[""LGBTQ"",""Sexism""]",12,-0.4770774841308594,-3.816619873046875,0.0,-0.4240688747829861,-3.816619873046875,8
EA-541-group-v1:answer_reviewed,EA-541-group-v1,group,answer_reviewed,group-13,"[""Racism"",""LGBTQ"",""Sexism""]",13,-3.233944574991862,-38.807334899902344,0.0,-2.985179607684796,-38.807334899902344,12
EA-541-group-v1:answer_reviewed,EA-541-group-v1,group,answer_reviewed,group-14,"[""Region"",""LGBTQ"",""Sexism""]",14,-4.457035064697266,-44.570350646972656,0.0,-4.051850058815696,-44.570350646972656,10
EA-541-group-v1:answer_reviewed,EA-541-group-v1,group,answer_reviewed,group-15,"[""Racism"",""Region"",""LGBTQ"",""Sexism""]",15,-4.015612602233887,-56.218576431274414,0.0,-3.7479050954182944,-56.218576431274414,14
EA-541-group-v1:answer_reviewed,EA-541-group-v1,group,answer_reviewed,group-16,"[""others""]",16,-12.053479512532553,-36.160438537597656,0.0,-9.040109634399414,-36.160438537597656,3
EA-541-group-v1:answer_reviewed,EA-541-group-v1,group,answer_reviewed,group-17,"[""Racism"",""others""]",17,-7.2488283429827005,-50.741798400878906,0.0,-6.342724800109863,-50.741798400878906,7
EA-541-group-v1:answer_reviewed,EA-541-group-v1,group,answer_reviewed,group-18,"[""Region"",""others""]",18,-12.46793212890625,-62.33966064453125,0.0,-10.389943440755209,-62.33966064453125,5
EA-541-group-v1:answer_reviewed,EA-541-group-v1,group,answer_reviewed,group-19,"[""Racism"",""Region"",""others""]",19,-7.461093266805013,-67.14983940124512,0.0,-6.714983940124512,-67.14983940124512,9
EA-541-group-v1:answer_reviewed,EA-541-group-v1,group,answer_reviewed,group-20,"[""LGBTQ"",""others""]",20,-2.823169708251953,-19.762187957763672,0.0,-2.470273494720459,-19.762187957763672,7
EA-541-group-v1:answer_reviewed,EA-541-group-v1,group,answer_reviewed,group-21,"[""Racism"",""LGBTQ"",""others""]",21,-4.87913686578924,-53.67050552368164,0.0,-4.47254212697347,-53.67050552368164,11
EA-541-group-v1:answer_reviewed,EA-541-group-v1,group,answer_reviewed,group-22,"[""Region"",""LGBTQ"",""others""]",22,-6.703101687961155,-60.32791519165039,0.0,-6.032791519165039,-60.32791519165039,9
EA-541-group-v1:answer_reviewed,EA-541-group-v1,group,answer_reviewed,group-23,"[""Racism"",""Region"",""LGBTQ"",""others""]",23,-5.3226099747877855,-69.19392967224121,0.0,-4.94242354801723,-69.19392967224121,13
EA-541-group-v1:answer_reviewed,EA-541-group-v1,group,answer_reviewed,group-24,"[""Sexism"",""others""]",24,-7.657006581624349,-45.942039489746094,0.0,-6.563148498535156,-45.942039489746094,6
EA-541-group-v1:answer_reviewed,EA-541-group-v1,group,answer_reviewed,group-25,"[""Racism"",""Sexism"",""others""]",25,-5.461752700805664,-54.61752700805664,0.0,-4.965229728005149,-54.61752700805664,10
EA-541-group-v1:answer_reviewed,EA-541-group-v1,group,answer_reviewed,group-26,"[""Region"",""Sexism"",""others""]",26,-7.894233226776123,-63.153865814208984,0.0,-7.017096201578776,-63.153865814208984,8
EA-541-group-v1:answer_reviewed,EA-541-group-v1,group,answer_reviewed,group-27,"[""Racism"",""Region"",""Sexism"",""others""]",27,-5.6881124178568525,-68.25734901428223,0.0,-5.25056530879094,-68.25734901428223,12
EA-541-group-v1:answer_reviewed,EA-541-group-v1,group,answer_reviewed,group-28,"[""LGBTQ"",""Sexism"",""others""]",28,-2.9594436645507813,-29.594436645507812,0.0,-2.6904033314098013,-29.594436645507812,10
EA-541-group-v1:answer_reviewed,EA-541-group-v1,group,answer_reviewed,group-29,"[""Racism"",""LGBTQ"",""Sexism"",""others""]",29,-3.9649936131068637,-55.509910583496094,0.0,-3.7006607055664062,-55.509910583496094,14
EA-541-group-v1:answer_reviewed,EA-541-group-v1,group,answer_reviewed,group-30,"[""Region"",""LGBTQ"",""Sexism"",""others""]",30,-5.12610658009847,-61.51327896118164,0.0,-4.731790689321665,-61.51327896118164,12
EA-541-group-v1:answer_reviewed,EA-541-group-v1,group,answer_reviewed,group-31,"[""Racism"",""Region"",""LGBTQ"",""Sexism"",""others""]",31,-4.182762145996094,-66.9241943359375,0.0,-3.9367173138786766,-66.9241943359375,16
EA-5086-group-v1:answer_reviewed,EA-5086-group-v1,group,answer_reviewed,group-00,[],0,-19.12992286682129,-19.12992286682129,0.0,-9.564961433410645,-19.12992286682129,1
EA-5086-group-v1:answer_reviewed,EA-5086-group-v1,group,answer_reviewed,group-01,"[""Racism""]",1,-8.515806579589844,-42.57903289794922,0.0,-7.096505482991536,-42.57903289794922,5
EA-5086-group-v1:answer_reviewed,EA-5086-group-v1,group,answer_reviewed,group-02,"[""Region""]",2,-17.837725321451824,-53.51317596435547,0.0,-13.378293991088867,-53.51317596435547,3
EA-5086-group-v1:answer_reviewed,EA-5086-group-v1,group,answer_reviewed,group-03,"[""Racism"",""Region""]",3,-7.290267399379185,-51.0318717956543,0.0,-6.378983974456787,-51.0318717956543,7
EA-5086-group-v1:answer_reviewed,EA-5086-group-v1,group,answer_reviewed,group-04,"[""LGBTQ""]",4,-1.9073486328125e-05,-9.5367431640625e-05,0.0,-1.5894571940104168e-05,-9.5367431640625e-05,5
EA-5086-group-v1:answer_reviewed,EA-5086-group-v1,group,answer_reviewed,group-05,"[""Racism"",""LGBTQ""]",5,-4.70166015625,-42.31494140625,0.0,-4.231494140625,-42.31494140625,9
EA-5086-group-v1:answer_reviewed,EA-5086-group-v1,group,answer_reviewed,group-06,"[""Region"",""LGBTQ""]",6,-7.176968165806362,-50.23877716064453,0.0,-6.279847145080566,-50.23877716064453,7
EA-5086-group-v1:answer_reviewed,EA-5086-group-v1,group,answer_reviewed,group-07,"[""Racism"",""Region"",""LGBTQ""]",7,-4.339005210182884,-47.72905731201172,0.0,-3.977421442667643,-47.72905731201172,11
EA-5086-group-v1:answer_reviewed,EA-5086-group-v1,group,answer_reviewed,group-08,"[""Sexism""]",8,-13.628148078918457,-54.51259231567383,0.0,-10.902518463134765,-54.51259231567383,4
EA-5086-group-v1:answer_reviewed,EA-5086-group-v1,group,answer_reviewed,group-09,"[""Racism"",""Sexism""]",9,-5.348591327667236,-42.78873062133789,0.0,-4.754303402370876,-42.78873062133789,8
EA-5086-group-v1:answer_reviewed,EA-5086-group-v1,group,answer_reviewed,group-10,"[""Region"",""Sexism""]",10,-8.96285883585612,-53.77715301513672,0.0,-7.682450430733817,-53.77715301513672,6
EA-5086-group-v1:answer_reviewed,EA-5086-group-v1,group,answer_reviewed,group-11,"[""Racism"",""Region"",""Sexism""]",11,-4.943094635009766,-49.430946350097656,0.0,-4.493722395463423,-49.430946350097656,10
EA-5086-group-v1:answer_reviewed,EA-5086-group-v1,group,answer_reviewed,group-12,"[""LGBTQ"",""Sexism""]",12,-2.8325915336608887,-22.66073226928711,0.0,-2.517859141031901,-22.66073226928711,8
EA-5086-group-v1:answer_reviewed,EA-5086-group-v1,group,answer_reviewed,group-13,"[""Racism"",""LGBTQ"",""Sexism""]",13,-4.184894879659017,-50.2187385559082,0.0,-3.8629798889160156,-50.2187385559082,12
EA-5086-group-v1:answer_reviewed,EA-5086-group-v1,group,answer_reviewed,group-14,"[""Region"",""LGBTQ"",""Sexism""]",14,-5.552584457397461,-55.52584457397461,0.0,-5.04780405217951,-55.52584457397461,10
EA-5086-group-v1:answer_reviewed,EA-5086-group-v1,group,answer_reviewed,group-15,"[""Racism"",""Region"",""LGBTQ"",""Sexism""]",15,-3.561232158115932,-49.85725021362305,0.0,-3.323816680908203,-49.85725021362305,14
EA-5086-group-v1:answer_reviewed,EA-5086-group-v1,group,answer_reviewed,group-16,"[""others""]",16,-12.83828862508138,-38.51486587524414,0.0,-9.628716468811035,-38.51486587524414,3
EA-5086-group-v1:answer_reviewed,EA-5086-group-v1,group,answer_reviewed,group-17,"[""Racism"",""others""]",17,-6.927812848772321,-48.49468994140625,0.0,-6.061836242675781,-48.49468994140625,7
EA-5086-group-v1:answer_reviewed,EA-5086-group-v1,group,answer_reviewed,group-18,"[""Region"",""others""]",18,-11.820747375488281,-59.103736877441406,0.0,-9.8506228129069,-59.103736877441406,5
EA-5086-group-v1:answer_reviewed,EA-5086-group-v1,group,answer_reviewed,group-19,"[""Racism"",""Region"",""others""]",19,-5.815819210476345,-52.34237289428711,0.0,-5.234237289428711,-52.34237289428711,9
EA-5086-group-v1:answer_reviewed,EA-5086-group-v1,group,answer_reviewed,group-20,"[""LGBTQ"",""others""]",20,-1.945110866001674,-13.615776062011719,0.0,-1.7019720077514648,-13.615776062011719,7
EA-5086-group-v1:answer_reviewed,EA-5086-group-v1,group,answer_reviewed,group-21,"[""Racism"",""LGBTQ"",""others""]",21,-4.725271745161577,-51.977989196777344,0.0,-4.331499099731445,-51.977989196777344,11
EA-5086-group-v1:answer_reviewed,EA-5086-group-v1,group,answer_reviewed,group-22,"[""Region"",""LGBTQ"",""others""]",22,-6.432694753011067,-57.89425277709961,0.0,-5.789425277709961,-57.89425277709961,9
EA-5086-group-v1:answer_reviewed,EA-5086-group-v1,group,answer_reviewed,group-23,"[""Racism"",""Region"",""LGBTQ"",""others""]",23,-4.12227278489333,-53.58954620361328,0.0,-3.82782472882952,-53.58954620361328,13
EA-5086-group-v1:answer_reviewed,EA-5086-group-v1,group,answer_reviewed,group-24,"[""Sexism"",""others""]",24,-10.085123062133789,-60.510738372802734,0.0,-8.644391196114677,-60.510738372802734,6
EA-5086-group-v1:answer_reviewed,EA-5086-group-v1,group,answer_reviewed,group-25,"[""Racism"",""Sexism"",""others""]",25,-4.923280334472656,-49.23280334472656,0.0,-4.475709394975142,-49.23280334472656,10
EA-5086-group-v1:answer_reviewed,EA-5086-group-v1,group,answer_reviewed,group-26,"[""Region"",""Sexism"",""others""]",26,-7.205983638763428,-57.64786911010742,0.0,-6.405318790011936,-57.64786911010742,8
EA-5086-group-v1:answer_reviewed,EA-5086-group-v1,group,answer_reviewed,group-27,"[""Racism"",""Region"",""Sexism"",""others""]",27,-4.028810183207194,-48.34572219848633,0.0,-3.7189017075758715,-48.34572219848633,12
EA-5086-group-v1:answer_reviewed,EA-5086-group-v1,group,answer_reviewed,group-28,"[""LGBTQ"",""Sexism"",""others""]",28,-3.847233200073242,-38.47233200073242,0.0,-3.497484727339311,-38.47233200073242,10
EA-5086-group-v1:answer_reviewed,EA-5086-group-v1,group,answer_reviewed,group-29,"[""Racism"",""LGBTQ"",""Sexism"",""others""]",29,-4.148138046264648,-58.07393264770508,0.0,-3.871595509847005,-58.07393264770508,14
EA-5086-group-v1:answer_reviewed,EA-5086-group-v1,group,answer_reviewed,group-30,"[""Region"",""LGBTQ"",""Sexism"",""others""]",30,-5.310732841491699,-63.72879409790039,0.0,-4.902214930607722,-63.72879409790039,12
EA-5086-group-v1:answer_reviewed,EA-5086-group-v1,group,answer_reviewed,group-31,"[""Racism"",""Region"",""LGBTQ"",""Sexism"",""others""]",31,-3.4036872386932373,-54.4589958190918,0.0,-3.2034703422995174,-54.4589958190918,16
EA-1128-group-v1:demo_removed_dictionary_fixed,EA-1128-group-v1,group,demo_removed_dictionary_fixed,group-00,[],0,0.0,0.0,0.0,0.0,0.0,1
EA-1128-group-v1:demo_removed_dictionary_fixed,EA-1128-group-v1,group,demo_removed_dictionary_fixed,group-01,"[""Racism""]",1,-4.648936462402344,-23.24468231201172,0.0,-3.8741137186686196,-23.24468231201172,5
EA-1128-group-v1:demo_removed_dictionary_fixed,EA-1128-group-v1,group,demo_removed_dictionary_fixed,group-02,"[""Region""]",2,-8.585394541422525,-25.756183624267578,0.0,-6.4390459060668945,-25.756183624267578,3
EA-1128-group-v1:demo_removed_dictionary_fixed,EA-1128-group-v1,group,demo_removed_dictionary_fixed,group-03,"[""Racism"",""Region""]",3,-5.847018650599888,-40.92913055419922,0.0,-5.116141319274902,-40.92913055419922,7
EA-1128-group-v1:demo_removed_dictionary_fixed,EA-1128-group-v1,group,demo_removed_dictionary_fixed,group-04,"[""LGBTQ""]",4,-5.1963554382324215,-25.98177719116211,0.0,-4.3302961985270185,-25.98177719116211,5
EA-1128-group-v1:demo_removed_dictionary_fixed,EA-1128-group-v1,group,demo_removed_dictionary_fixed,group-05,"[""Racism"",""LGBTQ""]",5,-4.673217349582249,-42.058956146240234,0.0,-4.205895614624024,-42.058956146240234,9
EA-1128-group-v1:demo_removed_dictionary_fixed,EA-1128-group-v1,group,demo_removed_dictionary_fixed,group-06,"[""Region"",""LGBTQ""]",6,-6.518090384347098,-45.62663269042969,0.0,-5.703329086303711,-45.62663269042969,7
EA-1128-group-v1:demo_removed_dictionary_fixed,EA-1128-group-v1,group,demo_removed_dictionary_fixed,group-07,"[""Racism"",""Region"",""LGBTQ""]",7,-4.381437475031072,-48.1958122253418,0.0,-4.016317685445149,-48.1958122253418,11
EA-1128-group-v1:demo_removed_dictionary_fixed,EA-1128-group-v1,group,demo_removed_dictionary_fixed,group-08,"[""Sexism""]",8,-5.529553413391113,-22.118213653564453,0.0,-4.42364273071289,-22.118213653564453,4
EA-1128-group-v1:demo_removed_dictionary_fixed,EA-1128-group-v1,group,demo_removed_dictionary_fixed,group-09,"[""Racism"",""Sexism""]",9,-4.785877704620361,-38.28702163696289,0.0,-4.254113515218099,-38.28702163696289,8
EA-1128-group-v1:demo_removed_dictionary_fixed,EA-1128-group-v1,group,demo_removed_dictionary_fixed,group-10,"[""Region"",""Sexism""]",10,-6.85592778523763,-41.13556671142578,0.0,-5.876509530203683,-41.13556671142578,6
EA-1128-group-v1:demo_removed_dictionary_fixed,EA-1128-group-v1,group,demo_removed_dictionary_fixed,group-11,"[""Racism"",""Region"",""Sexism""]",11,-4.416063690185547,-44.16063690185547,0.0,-4.014603354714134,-44.16063690185547,10
EA-1128-group-v1:demo_removed_dictionary_fixed,EA-1128-group-v1,group,demo_removed_dictionary_fixed,group-12,"[""LGBTQ"",""Sexism""]",12,-6.171853065490723,-49.37482452392578,0.0,-5.486091613769531,-49.37482452392578,8
EA-1128-group-v1:demo_removed_dictionary_fixed,EA-1128-group-v1,group,demo_removed_dictionary_fixed,group-13,"[""Racism"",""LGBTQ"",""Sexism""]",13,-3.8039191563924155,-45.647029876708984,0.0,-3.5113099905160756,-45.647029876708984,12
EA-1128-group-v1:demo_removed_dictionary_fixed,EA-1128-group-v1,group,demo_removed_dictionary_fixed,group-14,"[""Region"",""LGBTQ"",""Sexism""]",14,-4.4826911926269535,-44.82691192626953,0.0,-4.075173811479048,-44.82691192626953,10
EA-1128-group-v1:demo_removed_dictionary_fixed,EA-1128-group-v1,group,demo_removed_dictionary_fixed,group-15,"[""Racism"",""Region"",""LGBTQ"",""Sexism""]",15,-3.0117269243512834,-42.16417694091797,0.0,-2.8109451293945313,-42.16417694091797,14
EA-1128-group-v1:demo_removed_dictionary_fixed,EA-1128-group-v1,group,demo_removed_dictionary_fixed,group-16,"[""others""]",16,-7.128259023030599,-21.384777069091797,0.0,-5.346194267272949,-21.384777069091797,3
EA-1128-group-v1:demo_removed_dictionary_fixed,EA-1128-group-v1,group,demo_removed_dictionary_fixed,group-17,"[""Racism"",""others""]",17,-6.053606850760324,-42.375247955322266,0.0,-5.296905994415283,-42.375247955322266,7
EA-1128-group-v1:demo_removed_dictionary_fixed,EA-1128-group-v1,group,demo_removed_dictionary_fixed,group-18,"[""Region"",""others""]",18,-9.21753158569336,-46.0876579284668,0.0,-7.681276321411133,-46.0876579284668,5
EA-1128-group-v1:demo_removed_dictionary_fixed,EA-1128-group-v1,group,demo_removed_dictionary_fixed,group-19,"[""Racism"",""Region"",""others""]",19,-5.1666280958387585,-46.49965286254883,0.0,-4.649965286254883,-46.49965286254883,9
EA-1128-group-v1:demo_removed_dictionary_fixed,EA-1128-group-v1,group,demo_removed_dictionary_fixed,group-20,"[""LGBTQ"",""others""]",20,-7.013033185686384,-49.09123229980469,0.0,-6.136404037475586,-49.09123229980469,7
EA-1128-group-v1:demo_removed_dictionary_fixed,EA-1128-group-v1,group,demo_removed_dictionary_fixed,group-21,"[""Racism"",""LGBTQ"",""others""]",21,-4.694345994429155,-51.6378059387207,0.0,-4.303150494893392,-51.6378059387207,11
EA-1128-group-v1:demo_removed_dictionary_fixed,EA-1128-group-v1,group,demo_removed_dictionary_fixed,group-22,"[""Region"",""LGBTQ"",""others""]",22,-6.244616190592448,-56.20154571533203,0.0,-5.620154571533203,-56.20154571533203,9
EA-1128-group-v1:demo_removed_dictionary_fixed,EA-1128-group-v1,group,demo_removed_dictionary_fixed,group-23,"[""Racism"",""Region"",""LGBTQ"",""others""]",23,-4.255648979773889,-55.32343673706055,0.0,-3.951674052647182,-55.32343673706055,13
EA-1128-group-v1:demo_removed_dictionary_fixed,EA-1128-group-v1,group,demo_removed_dictionary_fixed,group-24,"[""Sexism"",""others""]",24,-7.169294993082683,-43.015769958496094,0.0,-6.145109994070871,-43.015769958496094,6
EA-1128-group-v1:demo_removed_dictionary_fixed,EA-1128-group-v1,group,demo_removed_dictionary_fixed,group-25,"[""Racism"",""Sexism"",""others""]",25,-4.405346298217774,-44.053462982177734,0.0,-4.004860271107066,-44.053462982177734,10
EA-1128-group-v1:demo_removed_dictionary_fixed,EA-1128-group-v1,group,demo_removed_dictionary_fixed,group-26,"[""Region"",""Sexism"",""others""]",26,-5.420473098754883,-43.36378479003906,0.0,-4.81819831000434,-43.36378479003906,8
EA-1128-group-v1:demo_removed_dictionary_fixed,EA-1128-group-v1,group,demo_removed_dictionary_fixed,group-27,"[""Racism"",""Region"",""Sexism"",""others""]",27,-3.6875429153442383,-44.25051498413086,0.0,-3.403885768010066,-44.25051498413086,12
EA-1128-group-v1:demo_removed_dictionary_fixed,EA-1128-group-v1,group,demo_removed_dictionary_fixed,group-28,"[""LGBTQ"",""Sexism"",""others""]",28,-5.426668548583985,-54.266685485839844,0.0,-4.933335044167259,-54.266685485839844,10
EA-1128-group-v1:demo_removed_dictionary_fixed,EA-1128-group-v1,group,demo_removed_dictionary_fixed,group-29,"[""Racism"",""LGBTQ"",""Sexism"",""others""]",29,-3.1396416255405972,-43.95498275756836,0.0,-2.9303321838378906,-43.95498275756836,14
EA-1128-group-v1:demo_removed_dictionary_fixed,EA-1128-group-v1,group,demo_removed_dictionary_fixed,group-30,"[""Region"",""LGBTQ"",""Sexism"",""others""]",30,-3.162942886352539,-37.95531463623047,0.0,-2.9196395874023438,-37.95531463623047,12
EA-1128-group-v1:demo_removed_dictionary_fixed,EA-1128-group-v1,group,demo_removed_dictionary_fixed,group-31,"[""Racism"",""Region"",""LGBTQ"",""Sexism"",""others""]",31,-2.3314907550811768,-37.30385208129883,0.0,-2.1943442400764015,-37.30385208129883,16
EA-3169-group-v1:demo_removed_dictionary_fixed,EA-3169-group-v1,group,demo_removed_dictionary_fixed,group-00,[],0,-17.811561584472656,-17.811561584472656,0.0,-8.905780792236328,-17.811561584472656,1
EA-3169-group-v1:demo_removed_dictionary_fixed,EA-3169-group-v1,group,demo_removed_dictionary_fixed,group-01,"[""Racism""]",1,-0.000164031982421875,-0.000820159912109375,0.0,-0.00013669331868489584,-0.000820159912109375,5
EA-3169-group-v1:demo_removed_dictionary_fixed,EA-3169-group-v1,group,demo_removed_dictionary_fixed,group-02,"[""Region""]",2,-8.7539914449056,-26.261974334716797,0.0,-6.565493583679199,-26.261974334716797,3
EA-3169-group-v1:demo_removed_dictionary_fixed,EA-3169-group-v1,group,demo_removed_dictionary_fixed,group-03,"[""Racism"",""Region""]",3,-5.387780325753348,-37.71446228027344,0.0,-4.71430778503418,-37.71446228027344,7
EA-3169-group-v1:demo_removed_dictionary_fixed,EA-3169-group-v1,group,demo_removed_dictionary_fixed,group-04,"[""LGBTQ""]",4,-4.549981689453125,-22.749908447265625,0.0,-3.791651407877604,-22.749908447265625,5
EA-3169-group-v1:demo_removed_dictionary_fixed,EA-3169-group-v1,group,demo_removed_dictionary_fixed,group-05,"[""Racism"",""LGBTQ""]",5,-3.9211993747287326,-35.290794372558594,0.0,-3.5290794372558594,-35.290794372558594,9
EA-3169-group-v1:demo_removed_dictionary_fixed,EA-3169-group-v1,group,demo_removed_dictionary_fixed,group-06,"[""Region"",""LGBTQ""]",6,-6.92765862601144,-48.49361038208008,0.0,-6.06170129776001,-48.49361038208008,7
EA-3169-group-v1:demo_removed_dictionary_fixed,EA-3169-group-v1,group,demo_removed_dictionary_fixed,group-07,"[""Racism"",""Region"",""LGBTQ""]",7,-4.718347722833807,-51.901824951171875,0.0,-4.325152079264323,-51.901824951171875,11
EA-3169-group-v1:demo_removed_dictionary_fixed,EA-3169-group-v1,group,demo_removed_dictionary_fixed,group-08,"[""Sexism""]",8,-6.7649078369140625,-27.05963134765625,0.0,-5.41192626953125,-27.05963134765625,4
EA-3169-group-v1:demo_removed_dictionary_fixed,EA-3169-group-v1,group,demo_removed_dictionary_fixed,group-09,"[""Racism"",""Sexism""]",9,-4.694530963897705,-37.55624771118164,0.0,-4.172916412353516,-37.55624771118164,8
EA-3169-group-v1:demo_removed_dictionary_fixed,EA-3169-group-v1,group,demo_removed_dictionary_fixed,group-10,"[""Region"",""Sexism""]",10,-7.9310652414957685,-47.58639144897461,0.0,-6.798055921282087,-47.58639144897461,6
EA-3169-group-v1:demo_removed_dictionary_fixed,EA-3169-group-v1,group,demo_removed_dictionary_fixed,group-11,"[""Racism"",""Region"",""Sexism""]",11,-4.404715347290039,-44.04715347290039,0.0,-4.004286679354581,-44.04715347290039,10
EA-3169-group-v1:demo_removed_dictionary_fixed,EA-3169-group-v1,group,demo_removed_dictionary_fixed,group-12,"[""LGBTQ"",""Sexism""]",12,-6.6966187953948975,-53.57295036315918,0.0,-5.95255004035102,-53.57295036315918,8
EA-3169-group-v1:demo_removed_dictionary_fixed,EA-3169-group-v1,group,demo_removed_dictionary_fixed,group-13,"[""Racism"",""LGBTQ"",""Sexism""]",13,-3.4895553588867188,-41.874664306640625,0.0,-3.2211280235877404,-41.874664306640625,12
EA-3169-group-v1:demo_removed_dictionary_fixed,EA-3169-group-v1,group,demo_removed_dictionary_fixed,group-14,"[""Region"",""LGBTQ"",""Sexism""]",14,-5.038666152954102,-50.386661529541016,0.0,-4.580605593594638,-50.386661529541016,10
EA-3169-group-v1:demo_removed_dictionary_fixed,EA-3169-group-v1,group,demo_removed_dictionary_fixed,group-15,"[""Racism"",""Region"",""LGBTQ"",""Sexism""]",15,-3.2823805127825056,-45.95332717895508,0.0,-3.063555145263672,-45.95332717895508,14
EA-3169-group-v1:demo_removed_dictionary_fixed,EA-3169-group-v1,group,demo_removed_dictionary_fixed,group-16,"[""others""]",16,-8.938748677571615,-26.816246032714844,0.0,-6.704061508178711,-26.816246032714844,3
EA-3169-group-v1:demo_removed_dictionary_fixed,EA-3169-group-v1,group,demo_removed_dictionary_fixed,group-17,"[""Racism"",""others""]",17,-5.019138881138393,-35.13397216796875,0.0,-4.391746520996094,-35.13397216796875,7
EA-3169-group-v1:demo_removed_dictionary_fixed,EA-3169-group-v1,group,demo_removed_dictionary_fixed,group-18,"[""Region"",""others""]",18,-11.499463653564453,-57.497318267822266,0.0,-9.582886377970377,-57.497318267822266,5
EA-3169-group-v1:demo_removed_dictionary_fixed,EA-3169-group-v1,group,demo_removed_dictionary_fixed,group-19,"[""Racism"",""Region"",""others""]",19,-5.711490207248264,-51.403411865234375,0.0,-5.140341186523438,-51.403411865234375,9
EA-3169-group-v1:demo_removed_dictionary_fixed,EA-3169-group-v1,group,demo_removed_dictionary_fixed,group-20,"[""LGBTQ"",""others""]",20,-7.457799911499023,-52.204599380493164,0.0,-6.5255749225616455,-52.204599380493164,7
EA-3169-group-v1:demo_removed_dictionary_fixed,EA-3169-group-v1,group,demo_removed_dictionary_fixed,group-21,"[""Racism"",""LGBTQ"",""others""]",21,-4.390110362659801,-48.29121398925781,0.0,-4.024267832438151,-48.29121398925781,11
EA-3169-group-v1:demo_removed_dictionary_fixed,EA-3169-group-v1,group,demo_removed_dictionary_fixed,group-22,"[""Region"",""LGBTQ"",""others""]",22,-7.593594445122613,-68.34235000610352,0.0,-6.834235000610351,-68.34235000610352,9
EA-3169-group-v1:demo_removed_dictionary_fixed,EA-3169-group-v1,group,demo_removed_dictionary_fixed,group-23,"[""Racism"",""Region"",""LGBTQ"",""others""]",23,-5.0065430861253,-65.0850601196289,0.0,-4.648932865687779,-65.0850601196289,13
EA-3169-group-v1:demo_removed_dictionary_fixed,EA-3169-group-v1,group,demo_removed_dictionary_fixed,group-24,"[""Sexism"",""others""]",24,-7.6422990163167315,-45.85379409790039,0.0,-6.55054201398577,-45.85379409790039,6
EA-3169-group-v1:demo_removed_dictionary_fixed,EA-3169-group-v1,group,demo_removed_dictionary_fixed,group-25,"[""Racism"",""Sexism"",""others""]",25,-4.656469345092773,-46.564693450927734,0.0,-4.23315395008434,-46.564693450927734,10
EA-3169-group-v1:demo_removed_dictionary_fixed,EA-3169-group-v1,group,demo_removed_dictionary_fixed,group-26,"[""Region"",""Sexism"",""others""]",26,-6.957508087158203,-55.660064697265625,0.0,-6.184451633029514,-55.660064697265625,8
EA-3169-group-v1:demo_removed_dictionary_fixed,EA-3169-group-v1,group,demo_removed_dictionary_fixed,group-27,"[""Racism"",""Region"",""Sexism"",""others""]",27,-4.0154368082682295,-48.18524169921875,0.0,-3.7065570537860575,-48.18524169921875,12
EA-3169-group-v1:demo_removed_dictionary_fixed,EA-3169-group-v1,group,demo_removed_dictionary_fixed,group-28,"[""LGBTQ"",""Sexism"",""others""]",28,-6.157027626037598,-61.57027626037598,0.0,-5.597297841852361,-61.57027626037598,10
EA-3169-group-v1:demo_removed_dictionary_fixed,EA-3169-group-v1,group,demo_removed_dictionary_fixed,group-29,"[""Racism"",""LGBTQ"",""Sexism"",""others""]",29,-3.328860419137137,-46.60404586791992,0.0,-3.1069363911946613,-46.60404586791992,14
EA-3169-group-v1:demo_removed_dictionary_fixed,EA-3169-group-v1,group,demo_removed_dictionary_fixed,group-30,"[""Region"",""LGBTQ"",""Sexism"",""others""]",30,-4.53533935546875,-54.424072265625,0.0,-4.186467097355769,-54.424072265625,12
EA-3169-group-v1:demo_removed_dictionary_fixed,EA-3169-group-v1,group,demo_removed_dictionary_fixed,group-31,"[""Racism"",""Region"",""LGBTQ"",""Sexism"",""others""]",31,-2.8106279373168945,-44.97004699707031,0.0,-2.6452968821806064,-44.97004699707031,16
EA-4026-group-v1:demo_removed_dictionary_fixed,EA-4026-group-v1,group,demo_removed_dictionary_fixed,group-00,[],0,-15.483877182006836,-15.483877182006836,0.0,-7.741938591003418,-15.483877182006836,1
EA-4026-group-v1:demo_removed_dictionary_fixed,EA-4026-group-v1,group,demo_removed_dictionary_fixed,group-01,"[""Racism""]",1,-7.814249420166016,-39.07124710083008,0.0,-6.511874516805013,-39.07124710083008,5
EA-4026-group-v1:demo_removed_dictionary_fixed,EA-4026-group-v1,group,demo_removed_dictionary_fixed,group-02,"[""Region""]",2,-8.392333984375e-05,-0.00025177001953125,0.0,-6.29425048828125e-05,-0.00025177001953125,3
EA-4026-group-v1:demo_removed_dictionary_fixed,EA-4026-group-v1,group,demo_removed_dictionary_fixed,group-03,"[""Racism"",""Region""]",3,-5.478239876883371,-38.347679138183594,0.0,-4.793459892272949,-38.347679138183594,7
EA-4026-group-v1:demo_removed_dictionary_fixed,EA-4026-group-v1,group,demo_removed_dictionary_fixed,group-04,"[""LGBTQ""]",4,-8.117617797851562,-40.58808898925781,0.0,-6.764681498209636,-40.58808898925781,5
EA-4026-group-v1:demo_removed_dictionary_fixed,EA-4026-group-v1,group,demo_removed_dictionary_fixed,group-05,"[""Racism"",""LGBTQ""]",5,-6.569162792629665,-59.12246513366699,0.0,-5.912246513366699,-59.12246513366699,9
EA-4026-group-v1:demo_removed_dictionary_fixed,EA-4026-group-v1,group,demo_removed_dictionary_fixed,group-06,"[""Region"",""LGBTQ""]",6,-5.757965632847378,-40.30575942993164,0.0,-5.038219928741455,-40.30575942993164,7
EA-4026-group-v1:demo_removed_dictionary_fixed,EA-4026-group-v1,group,demo_removed_dictionary_fixed,group-07,"[""Racism"",""Region"",""LGBTQ""]",7,-6.062338742342862,-66.68572616577148,0.0,-5.557143847147624,-66.68572616577148,11
EA-4026-group-v1:demo_removed_dictionary_fixed,EA-4026-group-v1,group,demo_removed_dictionary_fixed,group-08,"[""Sexism""]",8,-13.158287048339844,-52.633148193359375,0.0,-10.526629638671874,-52.633148193359375,4
EA-4026-group-v1:demo_removed_dictionary_fixed,EA-4026-group-v1,group,demo_removed_dictionary_fixed,group-09,"[""Racism"",""Sexism""]",9,-7.908588409423828,-63.268707275390625,0.0,-7.029856363932292,-63.268707275390625,8
EA-4026-group-v1:demo_removed_dictionary_fixed,EA-4026-group-v1,group,demo_removed_dictionary_fixed,group-10,"[""Region"",""Sexism""]",10,-7.538665771484375,-45.23199462890625,0.0,-6.461713518415179,-45.23199462890625,6
EA-4026-group-v1:demo_removed_dictionary_fixed,EA-4026-group-v1,group,demo_removed_dictionary_fixed,group-11,"[""Racism"",""Region"",""Sexism""]",11,-6.931037902832031,-69.31037902832031,0.0,-6.300943548029119,-69.31037902832031,10
EA-4026-group-v1:demo_removed_dictionary_fixed,EA-4026-group-v1,group,demo_removed_dictionary_fixed,group-12,"[""LGBTQ"",""Sexism""]",12,-5.698855638504028,-45.59084510803223,0.0,-5.065649456448025,-45.59084510803223,8
EA-4026-group-v1:demo_removed_dictionary_fixed,EA-4026-group-v1,group,demo_removed_dictionary_fixed,group-13,"[""Racism"",""LGBTQ"",""Sexism""]",13,-5.057105382283528,-60.685264587402344,0.0,-4.668097275954026,-60.685264587402344,12
EA-4026-group-v1:demo_removed_dictionary_fixed,EA-4026-group-v1,group,demo_removed_dictionary_fixed,group-14,"[""Region"",""LGBTQ"",""Sexism""]",14,-4.089808654785156,-40.89808654785156,0.0,-3.718007867986506,-40.89808654785156,10
EA-4026-group-v1:demo_removed_dictionary_fixed,EA-4026-group-v1,group,demo_removed_dictionary_fixed,group-15,"[""Racism"",""Region"",""LGBTQ"",""Sexism""]",15,-4.896290370396206,-68.54806518554688,0.0,-4.569871012369791,-68.54806518554688,14
EA-4026-group-v1:demo_removed_dictionary_fixed,EA-4026-group-v1,group,demo_removed_dictionary_fixed,group-16,"[""others""]",16,-13.212080637613932,-39.6362419128418,0.0,-9.90906047821045,-39.6362419128418,3
EA-4026-group-v1:demo_removed_dictionary_fixed,EA-4026-group-v1,group,demo_removed_dictionary_fixed,group-17,"[""Racism"",""others""]",17,-7.552045549665179,-52.86431884765625,0.0,-6.608039855957031,-52.86431884765625,7
EA-4026-group-v1:demo_removed_dictionary_fixed,EA-4026-group-v1,group,demo_removed_dictionary_fixed,group-18,"[""Region"",""others""]",18,-2.8013145446777346,-14.006572723388672,0.0,-2.3344287872314453,-14.006572723388672,5
EA-4026-group-v1:demo_removed_dictionary_fixed,EA-4026-group-v1,group,demo_removed_dictionary_fixed,group-19,"[""Racism"",""Region"",""others""]",19,-5.683463626437717,-51.15117263793945,0.0,-5.1151172637939455,-51.15117263793945,9
EA-4026-group-v1:demo_removed_dictionary_fixed,EA-4026-group-v1,group,demo_removed_dictionary_fixed,group-20,"[""LGBTQ"",""others""]",20,-7.158887045724051,-50.11220932006836,0.0,-6.264026165008545,-50.11220932006836,7
EA-4026-group-v1:demo_removed_dictionary_fixed,EA-4026-group-v1,group,demo_removed_dictionary_fixed,group-21,"[""Racism"",""LGBTQ"",""others""]",21,-6.237309715964577,-68.61040687561035,0.0,-5.717533906300862,-68.61040687561035,11
EA-4026-group-v1:demo_removed_dictionary_fixed,EA-4026-group-v1,group,demo_removed_dictionary_fixed,group-22,"[""Region"",""LGBTQ"",""others""]",22,-5.118897332085504,-46.07007598876953,0.0,-4.607007598876953,-46.07007598876953,9
EA-4026-group-v1:demo_removed_dictionary_fixed,EA-4026-group-v1,group,demo_removed_dictionary_fixed,group-23,"[""Racism"",""Region"",""LGBTQ"",""others""]",23,-5.660109740037185,-73.5814266204834,0.0,-5.255816187177386,-73.5814266204834,13
EA-4026-group-v1:demo_removed_dictionary_fixed,EA-4026-group-v1,group,demo_removed_dictionary_fixed,group-24,"[""Sexism"",""others""]",24,-10.122278213500977,-60.73366928100586,0.0,-8.676238468715123,-60.73366928100586,6
EA-4026-group-v1:demo_removed_dictionary_fixed,EA-4026-group-v1,group,demo_removed_dictionary_fixed,group-25,"[""Racism"",""Sexism"",""others""]",25,-7.080461120605468,-70.80461120605469,0.0,-6.4367828369140625,-70.80461120605469,10
EA-4026-group-v1:demo_removed_dictionary_fixed,EA-4026-group-v1,group,demo_removed_dictionary_fixed,group-26,"[""Region"",""Sexism"",""others""]",26,-6.147828578948975,-49.1826286315918,0.0,-5.464736514621311,-49.1826286315918,8
EA-4026-group-v1:demo_removed_dictionary_fixed,EA-4026-group-v1,group,demo_removed_dictionary_fixed,group-27,"[""Racism"",""Region"",""Sexism"",""others""]",27,-6.161355972290039,-73.93627166748047,0.0,-5.687405512883113,-73.93627166748047,12
EA-4026-group-v1:demo_removed_dictionary_fixed,EA-4026-group-v1,group,demo_removed_dictionary_fixed,group-28,"[""LGBTQ"",""Sexism"",""others""]",28,-5.497887802124024,-54.978878021240234,0.0,-4.998079820112749,-54.978878021240234,10
EA-4026-group-v1:demo_removed_dictionary_fixed,EA-4026-group-v1,group,demo_removed_dictionary_fixed,group-29,"[""Racism"",""LGBTQ"",""Sexism"",""others""]",29,-5.009020124162946,-70.12628173828125,0.0,-4.67508544921875,-70.12628173828125,14
EA-4026-group-v1:demo_removed_dictionary_fixed,EA-4026-group-v1,group,demo_removed_dictionary_fixed,group-30,"[""Region"",""LGBTQ"",""Sexism"",""others""]",30,-3.8171768188476562,-45.806121826171875,0.0,-3.523547832782452,-45.806121826171875,12
EA-4026-group-v1:demo_removed_dictionary_fixed,EA-4026-group-v1,group,demo_removed_dictionary_fixed,group-31,"[""Racism"",""Region"",""LGBTQ"",""Sexism"",""others""]",31,-4.517548561096191,-72.28077697753906,0.0,-4.251810410443475,-72.28077697753906,16
EA-541-group-v1:original,EA-541-group-v1,group,original,group-00,[],0,-19.22798728942871,-19.22798728942871,0.0,-9.613993644714355,-19.22798728942871,1
EA-541-group-v1:original,EA-541-group-v1,group,original,group-01,"[""Racism""]",1,-8.205635833740235,-41.02817916870117,0.0,-6.838029861450195,-41.02817916870117,5
EA-541-group-v1:original,EA-541-group-v1,group,original,group-02,"[""Region""]",2,-15.974814097086588,-47.924442291259766,0.0,-11.981110572814941,-47.924442291259766,3
EA-541-group-v1:original,EA-541-group-v1,group,original,group-03,"[""Racism"",""Region""]",3,-8.477127347673688,-59.33989143371582,0.0,-7.4174864292144775,-59.33989143371582,7
EA-541-group-v1:original,EA-541-group-v1,group,original,group-04,"[""LGBTQ""]",4,-1.484626007080078,-7.423130035400391,0.0,-1.2371883392333984,-7.423130035400391,5
EA-541-group-v1:original,EA-541-group-v1,group,original,group-05,"[""Racism"",""LGBTQ""]",5,-3.6069005330403647,-32.46210479736328,0.0,-3.246210479736328,-32.46210479736328,9
EA-541-group-v1:original,EA-541-group-v1,group,original,group-06,"[""Region"",""LGBTQ""]",6,-6.070893968854632,-42.49625778198242,0.0,-5.312032222747803,-42.49625778198242,7
EA-541-group-v1:original,EA-541-group-v1,group,original,group-07,"[""Racism"",""Region"",""LGBTQ""]",7,-4.98814582824707,-54.86960411071777,0.0,-4.572467009226481,-54.86960411071777,11
EA-541-group-v1:original,EA-541-group-v1,group,original,group-08,"[""Sexism""]",8,-6.518850326538086,-26.075401306152344,0.0,-5.215080261230469,-26.075401306152344,4
EA-541-group-v1:original,EA-541-group-v1,group,original,group-09,"[""Racism"",""Sexism""]",9,-4.411959171295166,-35.29567337036133,0.0,-3.921741485595703,-35.29567337036133,8
EA-541-group-v1:original,EA-541-group-v1,group,original,group-10,"[""Region"",""Sexism""]",10,-8.077377319335938,-48.464263916015625,0.0,-6.923466273716518,-48.464263916015625,6
EA-541-group-v1:original,EA-541-group-v1,group,original,group-11,"[""Racism"",""Region"",""Sexism""]",11,-5.866166496276856,-58.661664962768555,0.0,-5.33287863297896,-58.661664962768555,10
EA-541-group-v1:original,EA-541-group-v1,group,original,group-12,"[""LGBTQ"",""Sexism""]",12,-0.4780707359313965,-3.824565887451172,0.0,-0.42495176527235246,-3.824565887451172,8
EA-541-group-v1:original,EA-541-group-v1,group,original,group-13,"[""Racism"",""LGBTQ"",""Sexism""]",13,-3.2331870396931968,-38.79824447631836,0.0,-2.9844803443321815,-38.79824447631836,12
EA-541-group-v1:original,EA-541-group-v1,group,original,group-14,"[""Region"",""LGBTQ"",""Sexism""]",14,-4.47374382019043,-44.7374382019043,0.0,-4.067039836536754,-44.7374382019043,10
EA-541-group-v1:original,EA-541-group-v1,group,original,group-15,"[""Racism"",""Region"",""LGBTQ"",""Sexism""]",15,-4.067399297441755,-56.94359016418457,0.0,-3.7962393442789715,-56.94359016418457,14
EA-541-group-v1:original,EA-541-group-v1,group,original,group-16,"[""others""]",16,-12.6620241800944,-37.9860725402832,0.0,-9.4965181350708,-37.9860725402832,3
EA-541-group-v1:original,EA-541-group-v1,group,original,group-17,"[""Racism"",""others""]",17,-7.522683007376535,-52.65878105163574,0.0,-6.582347631454468,-52.65878105163574,7
EA-541-group-v1:original,EA-541-group-v1,group,original,group-18,"[""Region"",""others""]",18,-12.621911239624023,-63.10955619812012,0.0,-10.518259366353353,-63.10955619812012,5
EA-541-group-v1:original,EA-541-group-v1,group,original,group-19,"[""Racism"",""Region"",""others""]",19,-7.610726250542535,-68.49653625488281,0.0,-6.849653625488282,-68.49653625488281,9
EA-541-group-v1:original,EA-541-group-v1,group,original,group-20,"[""LGBTQ"",""others""]",20,-3.2939344133649553,-23.057540893554688,0.0,-2.882192611694336,-23.057540893554688,7
EA-541-group-v1:original,EA-541-group-v1,group,original,group-21,"[""Racism"",""LGBTQ"",""others""]",21,-5.09677470814098,-56.06452178955078,0.0,-4.672043482462565,-56.06452178955078,11
EA-541-group-v1:original,EA-541-group-v1,group,original,group-22,"[""Region"",""LGBTQ"",""others""]",22,-6.980495876736111,-62.824462890625,0.0,-6.2824462890625,-62.824462890625,9
EA-541-group-v1:original,EA-541-group-v1,group,original,group-23,"[""Racism"",""Region"",""LGBTQ"",""others""]",23,-5.47898189838116,-71.22676467895508,0.0,-5.087626048496792,-71.22676467895508,13
EA-541-group-v1:original,EA-541-group-v1,group,original,group-24,"[""Sexism"",""others""]",24,-8.13739013671875,-48.8243408203125,0.0,-6.974905831473214,-48.8243408203125,6
EA-541-group-v1:original,EA-541-group-v1,group,original,group-25,"[""Racism"",""Sexism"",""others""]",25,-5.572409057617188,-55.724090576171875,0.0,-5.065826416015625,-55.724090576171875,10
EA-541-group-v1:original,EA-541-group-v1,group,original,group-26,"[""Region"",""Sexism"",""others""]",26,-8.127829551696777,-65.02263641357422,0.0,-7.224737379286024,-65.02263641357422,8
EA-541-group-v1:original,EA-541-group-v1,group,original,group-27,"[""Racism"",""Region"",""Sexism"",""others""]",27,-5.796620845794678,-69.55945014953613,0.0,-5.350726934579702,-69.55945014953613,12
EA-541-group-v1:original,EA-541-group-v1,group,original,group-28,"[""LGBTQ"",""Sexism"",""others""]",28,-3.0392683029174803,-30.392683029174805,0.0,-2.762971184470437,-30.392683029174805,10
EA-541-group-v1:original,EA-541-group-v1,group,original,group-29,"[""Racism"",""LGBTQ"",""Sexism"",""others""]",29,-3.968569891793387,-55.55997848510742,0.0,-3.703998565673828,-55.55997848510742,14
EA-541-group-v1:original,EA-541-group-v1,group,original,group-30,"[""Region"",""LGBTQ"",""Sexism"",""others""]",30,-5.162916501363118,-61.95499801635742,0.0,-4.76576907818134,-61.95499801635742,12
EA-541-group-v1:original,EA-541-group-v1,group,original,group-31,"[""Racism"",""Region"",""LGBTQ"",""Sexism"",""others""]",31,-4.230983018875122,-67.69572830200195,0.0,-3.9821016648236442,-67.69572830200195,16
EA-1128-group-v1:original,EA-1128-group-v1,group,original,group-00,[],0,-7.62939453125e-06,-7.62939453125e-06,0.0,-3.814697265625e-06,-7.62939453125e-06,1
EA-1128-group-v1:original,EA-1128-group-v1,group,original,group-01,"[""Racism""]",1,-4.490583801269532,-22.452919006347656,0.0,-3.7421531677246094,-22.452919006347656,5
EA-1128-group-v1:original,EA-1128-group-v1,group,original,group-02,"[""Region""]",2,-8.71002451578776,-26.13007354736328,0.0,-6.53251838684082,-26.13007354736328,3
EA-1128-group-v1:original,EA-1128-group-v1,group,original,group-03,"[""Racism"",""Region""]",3,-5.949455806187221,-41.64619064331055,0.0,-5.205773830413818,-41.64619064331055,7
EA-1128-group-v1:original,EA-1128-group-v1,group,original,group-04,"[""LGBTQ""]",4,-5.405111312866211,-27.025556564331055,0.0,-4.504259427388509,-27.025556564331055,5
EA-1128-group-v1:original,EA-1128-group-v1,group,original,group-05,"[""Racism"",""LGBTQ""]",5,-4.793645646837023,-43.1428108215332,0.0,-4.31428108215332,-43.1428108215332,9
EA-1128-group-v1:original,EA-1128-group-v1,group,original,group-06,"[""Region"",""LGBTQ""]",6,-6.691769191196987,-46.842384338378906,0.0,-5.855298042297363,-46.842384338378906,7
EA-1128-group-v1:original,EA-1128-group-v1,group,original,group-07,"[""Racism"",""Region"",""LGBTQ""]",7,-4.5387632196599785,-49.926395416259766,0.0,-4.1605329513549805,-49.926395416259766,11
EA-1128-group-v1:original,EA-1128-group-v1,group,original,group-08,"[""Sexism""]",8,-5.055964469909668,-20.223857879638672,0.0,-4.044771575927735,-20.223857879638672,4
EA-1128-group-v1:original,EA-1128-group-v1,group,original,group-09,"[""Racism"",""Sexism""]",9,-4.893250942230225,-39.1460075378418,0.0,-4.349556393093533,-39.1460075378418,8
EA-1128-group-v1:original,EA-1128-group-v1,group,original,group-10,"[""Region"",""Sexism""]",10,-7.178408304850261,-43.07044982910156,0.0,-6.152921404157366,-43.07044982910156,6
EA-1128-group-v1:original,EA-1128-group-v1,group,original,group-11,"[""Racism"",""Region"",""Sexism""]",11,-4.5991462707519535,-45.99146270751953,0.0,-4.181042064319957,-45.99146270751953,10
EA-1128-group-v1:original,EA-1128-group-v1,group,original,group-12,"[""LGBTQ"",""Sexism""]",12,-6.006439924240112,-48.0515193939209,0.0,-5.339057710435656,-48.0515193939209,8
EA-1128-group-v1:original,EA-1128-group-v1,group,original,group-13,"[""Racism"",""LGBTQ"",""Sexism""]",13,-3.9185813268025718,-47.02297592163086,0.0,-3.6171519939716044,-47.02297592163086,12
EA-1128-group-v1:original,EA-1128-group-v1,group,original,group-14,"[""Region"",""LGBTQ"",""Sexism""]",14,-4.654368209838867,-46.54368209838867,0.0,-4.231243827126243,-46.54368209838867,10
EA-1128-group-v1:original,EA-1128-group-v1,group,original,group-15,"[""Racism"",""Region"",""LGBTQ"",""Sexism""]",15,-3.2260426112583707,-45.16459655761719,0.0,-3.010973103841146,-45.16459655761719,14
EA-1128-group-v1:original,EA-1128-group-v1,group,original,group-16,"[""others""]",16,-7.401571909586589,-22.204715728759766,0.0,-5.551178932189941,-22.204715728759766,3
EA-1128-group-v1:original,EA-1128-group-v1,group,original,group-17,"[""Racism"",""others""]",17,-6.1310898917061945,-42.91762924194336,0.0,-5.36470365524292,-42.91762924194336,7
EA-1128-group-v1:original,EA-1128-group-v1,group,original,group-18,"[""Region"",""others""]",18,-9.478743743896484,-47.39371871948242,0.0,-7.898953119913737,-47.39371871948242,5
EA-1128-group-v1:original,EA-1128-group-v1,group,original,group-19,"[""Racism"",""Region"",""others""]",19,-5.155797746446398,-46.40217971801758,0.0,-4.640217971801758,-46.40217971801758,9
EA-1128-group-v1:original,EA-1128-group-v1,group,original,group-20,"[""LGBTQ"",""others""]",20,-7.351646968296596,-51.46152877807617,0.0,-6.4326910972595215,-51.46152877807617,7
EA-1128-group-v1:original,EA-1128-group-v1,group,original,group-21,"[""Racism"",""LGBTQ"",""others""]",21,-4.77539721402255,-52.52936935424805,0.0,-4.377447446187337,-52.52936935424805,11
EA-1128-group-v1:original,EA-1128-group-v1,group,original,group-22,"[""Region"",""LGBTQ"",""others""]",22,-6.330226050482856,-56.9720344543457,0.0,-5.69720344543457,-56.9720344543457,9
EA-1128-group-v1:original,EA-1128-group-v1,group,original,group-23,"[""Racism"",""Region"",""LGBTQ"",""others""]",23,-4.307024735670823,-55.9913215637207,0.0,-3.999380111694336,-55.9913215637207,13
EA-1128-group-v1:original,EA-1128-group-v1,group,original,group-24,"[""Sexism"",""others""]",24,-7.245419820149739,-43.47251892089844,0.0,-6.210359845842634,-43.47251892089844,6
EA-1128-group-v1:original,EA-1128-group-v1,group,original,group-25,"[""Racism"",""Sexism"",""others""]",25,-4.484668731689453,-44.84668731689453,0.0,-4.07697157426314,-44.84668731689453,10
EA-1128-group-v1:original,EA-1128-group-v1,group,original,group-26,"[""Region"",""Sexism"",""others""]",26,-5.688477993011475,-45.5078239440918,0.0,-5.0564248826768665,-45.5078239440918,8
EA-1128-group-v1:original,EA-1128-group-v1,group,original,group-27,"[""Racism"",""Region"",""Sexism"",""others""]",27,-3.7271928787231445,-44.726314544677734,0.0,-3.4404857342059794,-44.726314544677734,12
EA-1128-group-v1:original,EA-1128-group-v1,group,original,group-28,"[""LGBTQ"",""Sexism"",""others""]",28,-5.52371654510498,-55.237165451049805,0.0,-5.021560495549982,-55.237165451049805,10
EA-1128-group-v1:original,EA-1128-group-v1,group,original,group-29,"[""Racism"",""LGBTQ"",""Sexism"",""others""]",29,-3.361576897757394,-47.062076568603516,0.0,-3.1374717712402345,-47.062076568603516,14
EA-1128-group-v1:original,EA-1128-group-v1,group,original,group-30,"[""Region"",""LGBTQ"",""Sexism"",""others""]",30,-3.357140223185221,-40.285682678222656,0.0,-3.0988986675555887,-40.285682678222656,12
EA-1128-group-v1:original,EA-1128-group-v1,group,original,group-31,"[""Racism"",""Region"",""LGBTQ"",""Sexism"",""others""]",31,-2.443737745285034,-39.09980392456055,0.0,-2.2999884661506202,-39.09980392456055,16
EA-3169-group-v1:original,EA-3169-group-v1,group,original,group-00,[],0,-17.46733283996582,-17.46733283996582,0.0,-8.73366641998291,-17.46733283996582,1
EA-3169-group-v1:original,EA-3169-group-v1,group,original,group-01,"[""Racism""]",1,-6.866455078125e-05,-0.00034332275390625,0.0,-5.7220458984375e-05,-0.00034332275390625,5
EA-3169-group-v1:original,EA-3169-group-v1,group,original,group-02,"[""Region""]",2,-9.614857991536459,-28.844573974609375,0.0,-7.211143493652344,-28.844573974609375,3
EA-3169-group-v1:original,EA-3169-group-v1,group,original,group-03,"[""Racism"",""Region""]",3,-5.407404218401227,-37.851829528808594,0.0,-4.731478691101074,-37.851829528808594,7
EA-3169-group-v1:original,EA-3169-group-v1,group,original,group-04,"[""LGBTQ""]",4,-4.35607681274414,-21.780384063720703,0.0,-3.630064010620117,-21.780384063720703,5
EA-3169-group-v1:original,EA-3169-group-v1,group,original,group-05,"[""Racism"",""LGBTQ""]",5,-3.848552703857422,-34.6369743347168,0.0,-3.4636974334716797,-34.6369743347168,9
EA-3169-group-v1:original,EA-3169-group-v1,group,original,group-06,"[""Region"",""LGBTQ""]",6,-6.833292279924665,-47.833045959472656,0.0,-5.979130744934082,-47.833045959472656,7
EA-3169-group-v1:original,EA-3169-group-v1,group,original,group-07,"[""Racism"",""Region"",""LGBTQ""]",7,-4.929706573486328,-54.22677230834961,0.0,-4.518897692362468,-54.22677230834961,11
EA-3169-group-v1:original,EA-3169-group-v1,group,original,group-08,"[""Sexism""]",8,-7.23159122467041,-28.92636489868164,0.0,-5.7852729797363285,-28.92636489868164,4
EA-3169-group-v1:original,EA-3169-group-v1,group,original,group-09,"[""Racism"",""Sexism""]",9,-3.2877726554870605,-26.302181243896484,0.0,-2.9224645826551647,-26.302181243896484,8
EA-3169-group-v1:original,EA-3169-group-v1,group,original,group-10,"[""Region"",""Sexism""]",10,-7.161488215128581,-42.968929290771484,0.0,-6.138418470110212,-42.968929290771484,6
EA-3169-group-v1:original,EA-3169-group-v1,group,original,group-11,"[""Racism"",""Region"",""Sexism""]",11,-4.774485778808594,-47.74485778808594,0.0,-4.340441617098722,-47.74485778808594,10
EA-3169-group-v1:original,EA-3169-group-v1,group,original,group-12,"[""LGBTQ"",""Sexism""]",12,-5.038139820098877,-40.305118560791016,0.0,-4.478346506754558,-40.305118560791016,8
EA-3169-group-v1:original,EA-3169-group-v1,group,original,group-13,"[""Racism"",""LGBTQ"",""Sexism""]",13,-3.668414751688639,-44.02097702026367,0.0,-3.386229001558744,-44.02097702026367,12
EA-3169-group-v1:original,EA-3169-group-v1,group,original,group-14,"[""Region"",""LGBTQ"",""Sexism""]",14,-5.189496994018555,-51.89496994018555,0.0,-4.717724540016868,-51.89496994018555,10
EA-3169-group-v1:original,EA-3169-group-v1,group,original,group-15,"[""Racism"",""Region"",""LGBTQ"",""Sexism""]",15,-3.756943021501814,-52.59720230102539,0.0,-3.5064801534016925,-52.59720230102539,14
EA-3169-group-v1:original,EA-3169-group-v1,group,original,group-16,"[""others""]",16,-10.967737833658854,-32.90321350097656,0.0,-8.22580337524414,-32.90321350097656,3
EA-3169-group-v1:original,EA-3169-group-v1,group,original,group-17,"[""Racism"",""others""]",17,-5.017092568533761,-35.11964797973633,0.0,-4.389955997467041,-35.11964797973633,7
EA-3169-group-v1:original,EA-3169-group-v1,group,original,group-18,"[""Region"",""others""]",18,-11.868111419677735,-59.34055709838867,0.0,-9.890092849731445,-59.34055709838867,5
EA-3169-group-v1:original,EA-3169-group-v1,group,original,group-19,"[""Racism"",""Region"",""others""]",19,-6.401551140679254,-57.61396026611328,0.0,-5.761396026611328,-57.61396026611328,9
EA-3169-group-v1:original,EA-3169-group-v1,group,original,group-20,"[""LGBTQ"",""others""]",20,-7.1207477024623325,-49.84523391723633,0.0,-6.230654239654541,-49.84523391723633,7
EA-3169-group-v1:original,EA-3169-group-v1,group,original,group-21,"[""Racism"",""LGBTQ"",""others""]",21,-4.690188667990944,-51.59207534790039,0.0,-4.299339612325032,-51.59207534790039,11
EA-3169-group-v1:original,EA-3169-group-v1,group,original,group-22,"[""Region"",""LGBTQ"",""others""]",22,-7.365841971503364,-66.29257774353027,0.0,-6.629257774353027,-66.29257774353027,9
EA-3169-group-v1:original,EA-3169-group-v1,group,original,group-23,"[""Racism"",""Region"",""LGBTQ"",""others""]",23,-5.353228348952073,-69.59196853637695,0.0,-4.9708548954554965,-69.59196853637695,13
EA-3169-group-v1:original,EA-3169-group-v1,group,original,group-24,"[""Sexism"",""others""]",24,-7.355523427327474,-44.133140563964844,0.0,-6.304734366280692,-44.133140563964844,6
EA-3169-group-v1:original,EA-3169-group-v1,group,original,group-25,"[""Racism"",""Sexism"",""others""]",25,-4.055989074707031,-40.55989074707031,0.0,-3.6872627951882104,-40.55989074707031,10
EA-3169-group-v1:original,EA-3169-group-v1,group,original,group-26,"[""Region"",""Sexism"",""others""]",26,-6.960682392120361,-55.68545913696289,0.0,-6.187273237440321,-55.68545913696289,8
EA-3169-group-v1:original,EA-3169-group-v1,group,original,group-27,"[""Racism"",""Region"",""Sexism"",""others""]",27,-4.552350362141927,-54.628204345703125,0.0,-4.202169565054087,-54.628204345703125,12
EA-3169-group-v1:original,EA-3169-group-v1,group,original,group-28,"[""LGBTQ"",""Sexism"",""others""]",28,-5.267704010009766,-52.677040100097656,0.0,-4.788821827281605,-52.677040100097656,10
EA-3169-group-v1:original,EA-3169-group-v1,group,original,group-29,"[""Racism"",""LGBTQ"",""Sexism"",""others""]",29,-3.718573978969029,-52.060035705566406,0.0,-3.4706690470377604,-52.060035705566406,14
EA-3169-group-v1:original,EA-3169-group-v1,group,original,group-30,"[""Region"",""LGBTQ"",""Sexism"",""others""]",30,-5.056493759155273,-60.67792510986328,0.0,-4.667532700758714,-60.67792510986328,12
EA-3169-group-v1:original,EA-3169-group-v1,group,original,group-31,"[""Racism"",""Region"",""LGBTQ"",""Sexism"",""others""]",31,-3.505896806716919,-56.0943489074707,0.0,-3.2996675827923942,-56.0943489074707,16
EA-4026-group-v1:original,EA-4026-group-v1,group,original,group-00,[],0,-12.257213592529297,-12.257213592529297,0.0,-6.128606796264648,-12.257213592529297,1
EA-4026-group-v1:original,EA-4026-group-v1,group,original,group-01,"[""Racism""]",1,-8.55920181274414,-42.7960090637207,0.0,-7.132668177286784,-42.7960090637207,5
EA-4026-group-v1:original,EA-4026-group-v1,group,original,group-02,"[""Region""]",2,-0.0004819234212239583,-0.001445770263671875,0.0,-0.00036144256591796875,-0.001445770263671875,3
EA-4026-group-v1:original,EA-4026-group-v1,group,original,group-03,"[""Racism"",""Region""]",3,-5.724715641566685,-40.0730094909668,0.0,-5.00912618637085,-40.0730094909668,7
EA-4026-group-v1:original,EA-4026-group-v1,group,original,group-04,"[""LGBTQ""]",4,-8.084449768066406,-40.42224884033203,0.0,-6.737041473388672,-40.42224884033203,5
EA-4026-group-v1:original,EA-4026-group-v1,group,original,group-05,"[""Racism"",""LGBTQ""]",5,-6.695743560791016,-60.26169204711914,0.0,-6.026169204711914,-60.26169204711914,9
EA-4026-group-v1:original,EA-4026-group-v1,group,original,group-06,"[""Region"",""LGBTQ""]",6,-5.690843854631696,-39.835906982421875,0.0,-4.979488372802734,-39.835906982421875,7
EA-4026-group-v1:original,EA-4026-group-v1,group,original,group-07,"[""Racism"",""Region"",""LGBTQ""]",7,-6.037463795055043,-66.41210174560547,0.0,-5.534341812133789,-66.41210174560547,11
EA-4026-group-v1:original,EA-4026-group-v1,group,original,group-08,"[""Sexism""]",8,-13.20787239074707,-52.83148956298828,0.0,-10.566297912597657,-52.83148956298828,4
EA-4026-group-v1:original,EA-4026-group-v1,group,original,group-09,"[""Racism"",""Sexism""]",9,-7.661186695098877,-61.289493560791016,0.0,-6.80994372897678,-61.289493560791016,8
EA-4026-group-v1:original,EA-4026-group-v1,group,original,group-10,"[""Region"",""Sexism""]",10,-6.592248598734538,-39.55349159240723,0.0,-5.650498798915318,-39.55349159240723,6
EA-4026-group-v1:original,EA-4026-group-v1,group,original,group-11,"[""Racism"",""Region"",""Sexism""]",11,-6.368989944458008,-63.68989944458008,0.0,-5.7899908585981885,-63.68989944458008,10
EA-4026-group-v1:original,EA-4026-group-v1,group,original,group-12,"[""LGBTQ"",""Sexism""]",12,-5.693484783172607,-45.54787826538086,0.0,-5.060875362820095,-45.54787826538086,8
EA-4026-group-v1:original,EA-4026-group-v1,group,original,group-13,"[""Racism"",""LGBTQ"",""Sexism""]",13,-5.162637869517009,-61.9516544342041,0.0,-4.765511879554162,-61.9516544342041,12
EA-4026-group-v1:original,EA-4026-group-v1,group,original,group-14,"[""Region"",""LGBTQ"",""Sexism""]",14,-4.1026811599731445,-41.026811599731445,0.0,-3.7297101454301314,-41.026811599731445,10
EA-4026-group-v1:original,EA-4026-group-v1,group,original,group-15,"[""Racism"",""Region"",""LGBTQ"",""Sexism""]",15,-4.8052632468087335,-67.27368545532227,0.0,-4.484912363688151,-67.27368545532227,14
EA-4026-group-v1:original,EA-4026-group-v1,group,original,group-16,"[""others""]",16,-13.880142211914062,-41.64042663574219,0.0,-10.410106658935547,-41.64042663574219,3
EA-4026-group-v1:original,EA-4026-group-v1,group,original,group-17,"[""Racism"",""others""]",17,-7.959578377859933,-55.71704864501953,0.0,-6.964631080627441,-55.71704864501953,7
EA-4026-group-v1:original,EA-4026-group-v1,group,original,group-18,"[""Region"",""others""]",18,-3.043878936767578,-15.21939468383789,0.0,-2.5365657806396484,-15.21939468383789,5
EA-4026-group-v1:original,EA-4026-group-v1,group,original,group-19,"[""Racism"",""Region"",""others""]",19,-5.833115047878689,-52.4980354309082,0.0,-5.24980354309082,-52.4980354309082,9
EA-4026-group-v1:original,EA-4026-group-v1,group,original,group-20,"[""LGBTQ"",""others""]",20,-7.178052629743304,-50.246368408203125,0.0,-6.280796051025391,-50.246368408203125,7
EA-4026-group-v1:original,EA-4026-group-v1,group,original,group-21,"[""Racism"",""LGBTQ"",""others""]",21,-6.230153690684926,-68.53169059753418,0.0,-5.710974216461182,-68.53169059753418,11
EA-4026-group-v1:original,EA-4026-group-v1,group,original,group-22,"[""Region"",""LGBTQ"",""others""]",22,-5.152622434828016,-46.37360191345215,0.0,-4.6373601913452145,-46.37360191345215,9
EA-4026-group-v1:original,EA-4026-group-v1,group,original,group-23,"[""Racism"",""Region"",""LGBTQ"",""others""]",23,-5.567459399883564,-72.37697219848633,0.0,-5.169783728463309,-72.37697219848633,13
EA-4026-group-v1:original,EA-4026-group-v1,group,original,group-24,"[""Sexism"",""others""]",24,-10.263273239135742,-61.57963943481445,0.0,-8.797091347830635,-61.57963943481445,6
EA-4026-group-v1:original,EA-4026-group-v1,group,original,group-25,"[""Racism"",""Sexism"",""others""]",25,-7.058746337890625,-70.58746337890625,0.0,-6.417042125355113,-70.58746337890625,10
EA-4026-group-v1:original,EA-4026-group-v1,group,original,group-26,"[""Region"",""Sexism"",""others""]",26,-5.9725964069366455,-47.780771255493164,0.0,-5.308974583943685,-47.780771255493164,8
EA-4026-group-v1:original,EA-4026-group-v1,group,original,group-27,"[""Racism"",""Region"",""Sexism"",""others""]",27,-5.719494819641113,-68.63393783569336,0.0,-5.27953367966872,-68.63393783569336,12
EA-4026-group-v1:original,EA-4026-group-v1,group,original,group-28,"[""LGBTQ"",""Sexism"",""others""]",28,-5.518576622009277,-55.18576622009277,0.0,-5.016887838190252,-55.18576622009277,10
EA-4026-group-v1:original,EA-4026-group-v1,group,original,group-29,"[""Racism"",""LGBTQ"",""Sexism"",""others""]",29,-5.010724203927176,-70.15013885498047,0.0,-4.676675923665365,-70.15013885498047,14
EA-4026-group-v1:original,EA-4026-group-v1,group,original,group-30,"[""Region"",""LGBTQ"",""Sexism"",""others""]",30,-3.8374350865681968,-46.04922103881836,0.0,-3.542247772216797,-46.04922103881836,12
EA-4026-group-v1:original,EA-4026-group-v1,group,original,group-31,"[""Racism"",""Region"",""LGBTQ"",""Sexism"",""others""]",31,-4.44862699508667,-71.17803192138672,0.0,-4.186943054199219,-71.17803192138672,16
EA-5086-group-v1:original,EA-5086-group-v1,group,original,group-00,[],0,-18.630605697631836,-18.630605697631836,0.0,-9.315302848815918,-18.630605697631836,1
EA-5086-group-v1:original,EA-5086-group-v1,group,original,group-01,"[""Racism""]",1,-9.295889282226563,-46.47944641113281,0.0,-7.746574401855469,-46.47944641113281,5
EA-5086-group-v1:original,EA-5086-group-v1,group,original,group-02,"[""Region""]",2,-19.524397532145183,-58.57319259643555,0.0,-14.643298149108887,-58.57319259643555,3
EA-5086-group-v1:original,EA-5086-group-v1,group,original,group-03,"[""Racism"",""Region""]",3,-7.610533578055246,-53.27373504638672,0.0,-6.65921688079834,-53.27373504638672,7
EA-5086-group-v1:original,EA-5086-group-v1,group,original,group-04,"[""LGBTQ""]",4,-1.7910476684570313,-8.955238342285156,0.0,-1.4925397237141926,-8.955238342285156,5
EA-5086-group-v1:original,EA-5086-group-v1,group,original,group-05,"[""Racism"",""LGBTQ""]",5,-4.699399312337239,-42.294593811035156,0.0,-4.229459381103515,-42.294593811035156,9
EA-5086-group-v1:original,EA-5086-group-v1,group,original,group-06,"[""Region"",""LGBTQ""]",6,-7.46466064453125,-52.25262451171875,0.0,-6.531578063964844,-52.25262451171875,7
EA-5086-group-v1:original,EA-5086-group-v1,group,original,group-07,"[""Racism"",""Region"",""LGBTQ""]",7,-4.54471830888228,-49.99190139770508,0.0,-4.16599178314209,-49.99190139770508,11
EA-5086-group-v1:original,EA-5086-group-v1,group,original,group-08,"[""Sexism""]",8,-14.566604614257812,-58.26641845703125,0.0,-11.65328369140625,-58.26641845703125,4
EA-5086-group-v1:original,EA-5086-group-v1,group,original,group-09,"[""Racism"",""Sexism""]",9,-5.459456443786621,-43.67565155029297,0.0,-4.852850172254774,-43.67565155029297,8
EA-5086-group-v1:original,EA-5086-group-v1,group,original,group-10,"[""Region"",""Sexism""]",10,-9.429512659708658,-56.57707595825195,0.0,-8.082439422607422,-56.57707595825195,6
EA-5086-group-v1:original,EA-5086-group-v1,group,original,group-11,"[""Racism"",""Region"",""Sexism""]",11,-5.180722427368164,-51.80722427368164,0.0,-4.709747661243785,-51.80722427368164,10
EA-5086-group-v1:original,EA-5086-group-v1,group,original,group-12,"[""LGBTQ"",""Sexism""]",12,-2.548542022705078,-20.388336181640625,0.0,-2.2653706868489585,-20.388336181640625,8
EA-5086-group-v1:original,EA-5086-group-v1,group,original,group-13,"[""Racism"",""LGBTQ"",""Sexism""]",13,-4.166355450948079,-49.99626541137695,0.0,-3.8458665701059194,-49.99626541137695,12
EA-5086-group-v1:original,EA-5086-group-v1,group,original,group-14,"[""Region"",""LGBTQ"",""Sexism""]",14,-5.712610244750977,-57.126102447509766,0.0,-5.193282040682706,-57.126102447509766,10
EA-5086-group-v1:original,EA-5086-group-v1,group,original,group-15,"[""Racism"",""Region"",""LGBTQ"",""Sexism""]",15,-3.6015006474086215,-50.4210090637207,0.0,-3.361400604248047,-50.4210090637207,14
EA-5086-group-v1:original,EA-5086-group-v1,group,original,group-16,"[""others""]",16,-13.128963470458984,-39.38689041137695,0.0,-9.846722602844238,-39.38689041137695,3
EA-5086-group-v1:original,EA-5086-group-v1,group,original,group-17,"[""Racism"",""others""]",17,-6.551656995500837,-45.86159896850586,0.0,-5.732699871063232,-45.86159896850586,7
EA-5086-group-v1:original,EA-5086-group-v1,group,original,group-18,"[""Region"",""others""]",18,-11.653373718261719,-58.266868591308594,0.0,-9.7111447652181,-58.266868591308594,5
EA-5086-group-v1:original,EA-5086-group-v1,group,original,group-19,"[""Racism"",""Region"",""others""]",19,-5.864978790283203,-52.78480911254883,0.0,-5.278480911254883,-52.78480911254883,9
EA-5086-group-v1:original,EA-5086-group-v1,group,original,group-20,"[""LGBTQ"",""others""]",20,-0.16401236397879465,-1.1480865478515625,0.0,-0.1435108184814453,-1.1480865478515625,7
EA-5086-group-v1:original,EA-5086-group-v1,group,original,group-21,"[""Racism"",""LGBTQ"",""others""]",21,-4.191648309881037,-46.108131408691406,0.0,-3.842344284057617,-46.108131408691406,11
EA-5086-group-v1:original,EA-5086-group-v1,group,original,group-22,"[""Region"",""LGBTQ"",""others""]",22,-5.935132344563802,-53.41619110107422,0.0,-5.3416191101074215,-53.41619110107422,9
EA-5086-group-v1:original,EA-5086-group-v1,group,original,group-23,"[""Racism"",""Region"",""LGBTQ"",""others""]",23,-3.889355879563552,-50.56162643432617,0.0,-3.611544745309012,-50.56162643432617,13
EA-5086-group-v1:original,EA-5086-group-v1,group,original,group-24,"[""Sexism"",""others""]",24,-9.77474276224772,-58.64845657348633,0.0,-8.378350939069476,-58.64845657348633,6
EA-5086-group-v1:original,EA-5086-group-v1,group,original,group-25,"[""Racism"",""Sexism"",""others""]",25,-4.883047866821289,-48.83047866821289,0.0,-4.43913442438299,-48.83047866821289,10
EA-5086-group-v1:original,EA-5086-group-v1,group,original,group-26,"[""Region"",""Sexism"",""others""]",26,-7.381482124328613,-59.051856994628906,0.0,-6.561317443847656,-59.051856994628906,8
EA-5086-group-v1:original,EA-5086-group-v1,group,original,group-27,"[""Racism"",""Region"",""Sexism"",""others""]",27,-4.138765970865886,-49.665191650390625,0.0,-3.820399357722356,-49.665191650390625,12
EA-5086-group-v1:original,EA-5086-group-v1,group,original,group-28,"[""LGBTQ"",""Sexism"",""others""]",28,-3.1255939483642576,-31.255939483642578,0.0,-2.8414490439675073,-31.255939483642578,10
EA-5086-group-v1:original,EA-5086-group-v1,group,original,group-29,"[""Racism"",""LGBTQ"",""Sexism"",""others""]",29,-4.024443217686245,-56.34220504760742,0.0,-3.756147003173828,-56.34220504760742,14
EA-5086-group-v1:original,EA-5086-group-v1,group,original,group-30,"[""Region"",""LGBTQ"",""Sexism"",""others""]",30,-5.284387588500977,-63.41265106201172,0.0,-4.877896235539363,-63.41265106201172,12
EA-5086-group-v1:original,EA-5086-group-v1,group,original,group-31,"[""Racism"",""Region"",""LGBTQ"",""Sexism"",""others""]",31,-3.383110761642456,-54.1297721862793,0.0,-3.1841042462517235,-54.1297721862793,16
EA-6037-group-v1:original,EA-6037-group-v1,group,original,group-00,[],0,-2.4311294555664062,-2.4311294555664062,0.0,-1.2155647277832031,-2.4311294555664062,1
EA-6037-group-v1:original,EA-6037-group-v1,group,original,group-01,"[""Racism""]",1,-5.599781799316406,-27.99890899658203,0.0,-4.666484832763672,-27.99890899658203,5
EA-6037-group-v1:original,EA-6037-group-v1,group,original,group-02,"[""Region""]",2,-15.32797876993815,-45.98393630981445,0.0,-11.495984077453613,-45.98393630981445,3
EA-6037-group-v1:original,EA-6037-group-v1,group,original,group-03,"[""Racism"",""Region""]",3,-7.264725821358817,-50.85308074951172,0.0,-6.356635093688965,-50.85308074951172,7
EA-6037-group-v1:original,EA-6037-group-v1,group,original,group-04,"[""LGBTQ""]",4,-3.9525169372558593,-19.762584686279297,0.0,-3.293764114379883,-19.762584686279297,5
EA-6037-group-v1:original,EA-6037-group-v1,group,original,group-05,"[""Racism"",""LGBTQ""]",5,-4.84659661187066,-43.61936950683594,0.0,-4.361936950683594,-43.61936950683594,9
EA-6037-group-v1:original,EA-6037-group-v1,group,original,group-06,"[""Region"",""LGBTQ""]",6,-8.072067260742188,-56.50447082519531,0.0,-7.063058853149414,-56.50447082519531,7
EA-6037-group-v1:original,EA-6037-group-v1,group,original,group-07,"[""Racism"",""Region"",""LGBTQ""]",7,-5.115701155229048,-56.27271270751953,0.0,-4.689392725626628,-56.27271270751953,11
EA-6037-group-v1:original,EA-6037-group-v1,group,original,group-08,"[""Sexism""]",8,-0.023227691650390625,-0.0929107666015625,0.0,-0.0185821533203125,-0.0929107666015625,4
EA-6037-group-v1:original,EA-6037-group-v1,group,original,group-09,"[""Racism"",""Sexism""]",9,-3.678816795349121,-29.43053436279297,0.0,-3.2700593736436634,-29.43053436279297,8
EA-6037-group-v1:original,EA-6037-group-v1,group,original,group-10,"[""Region"",""Sexism""]",10,-5.603652318318685,-33.62191390991211,0.0,-4.803130558558872,-33.62191390991211,6
EA-6037-group-v1:original,EA-6037-group-v1,group,original,group-11,"[""Racism"",""Region"",""Sexism""]",11,-4.418619155883789,-44.18619155883789,0.0,-4.016926505348899,-44.18619155883789,10
EA-6037-group-v1:original,EA-6037-group-v1,group,original,group-12,"[""LGBTQ"",""Sexism""]",12,-3.444896697998047,-27.559173583984375,0.0,-3.062130398220486,-27.559173583984375,8
EA-6037-group-v1:original,EA-6037-group-v1,group,original,group-13,"[""Racism"",""LGBTQ"",""Sexism""]",13,-3.7929213841756186,-45.51505661010742,0.0,-3.501158200777494,-45.51505661010742,12
EA-6037-group-v1:original,EA-6037-group-v1,group,original,group-14,"[""Region"",""LGBTQ"",""Sexism""]",14,-5.743597793579101,-57.435977935791016,0.0,-5.221452539617365,-57.435977935791016,10
EA-6037-group-v1:original,EA-6037-group-v1,group,original,group-15,"[""Racism"",""Region"",""LGBTQ"",""Sexism""]",15,-4.124673570905413,-57.74542999267578,0.0,-3.849695332845052,-57.74542999267578,14
EA-6037-group-v1:original,EA-6037-group-v1,group,original,group-16,"[""others""]",16,-10.40837542215983,-31.225126266479492,0.0,-7.806281566619873,-31.225126266479492,3
EA-6037-group-v1:original,EA-6037-group-v1,group,original,group-17,"[""Racism"",""others""]",17,-7.618744441441128,-53.33121109008789,0.0,-6.666401386260986,-53.33121109008789,7
EA-6037-group-v1:original,EA-6037-group-v1,group,original,group-18,"[""Region"",""others""]",18,-14.33337860107422,-71.6668930053711,0.0,-11.94448216756185,-71.6668930053711,5
EA-6037-group-v1:original,EA-6037-group-v1,group,original,group-19,"[""Racism"",""Region"",""others""]",19,-7.39473130967882,-66.55258178710938,0.0,-6.6552581787109375,-66.55258178710938,9
EA-6037-group-v1:original,EA-6037-group-v1,group,original,group-20,"[""LGBTQ"",""others""]",20,-6.469209398542132,-45.28446578979492,0.0,-5.660558223724365,-45.28446578979492,7
EA-6037-group-v1:original,EA-6037-group-v1,group,original,group-21,"[""Racism"",""LGBTQ"",""others""]",21,-5.39897311817516,-59.38870429992676,0.0,-4.9490586916605634,-59.38870429992676,11
EA-6037-group-v1:original,EA-6037-group-v1,group,original,group-22,"[""Region"",""LGBTQ"",""others""]",22,-8.463230980767143,-76.1690788269043,0.0,-7.6169078826904295,-76.1690788269043,9
EA-6037-group-v1:original,EA-6037-group-v1,group,original,group-23,"[""Racism"",""Region"",""LGBTQ"",""others""]",23,-5.165924512423002,-67.15701866149902,0.0,-4.796929904392788,-67.15701866149902,13
EA-6037-group-v1:original,EA-6037-group-v1,group,original,group-24,"[""Sexism"",""others""]",24,-5.314467748006185,-31.88680648803711,0.0,-4.555258069719587,-31.88680648803711,6
EA-6037-group-v1:original,EA-6037-group-v1,group,original,group-25,"[""Racism"",""Sexism"",""others""]",25,-4.692221450805664,-46.92221450805664,0.0,-4.265655864368785,-46.92221450805664,10
EA-6037-group-v1:original,EA-6037-group-v1,group,original,group-26,"[""Region"",""Sexism"",""others""]",26,-6.842968463897705,-54.74374771118164,0.0,-6.082638634575738,-54.74374771118164,8
EA-6037-group-v1:original,EA-6037-group-v1,group,original,group-27,"[""Racism"",""Region"",""Sexism"",""others""]",27,-4.989604949951172,-59.87525939941406,0.0,-4.6057891845703125,-59.87525939941406,12
EA-6037-group-v1:original,EA-6037-group-v1,group,original,group-28,"[""LGBTQ"",""Sexism"",""others""]",28,-4.3547111511230465,-43.54711151123047,0.0,-3.95882831920277,-43.54711151123047,10
EA-6037-group-v1:original,EA-6037-group-v1,group,original,group-29,"[""Racism"",""LGBTQ"",""Sexism"",""others""]",29,-4.155365126473563,-58.17511177062988,0.0,-3.878340784708659,-58.17511177062988,14
EA-6037-group-v1:original,EA-6037-group-v1,group,original,group-30,"[""Region"",""LGBTQ"",""Sexism"",""others""]",30,-5.988207499186198,-71.85848999023438,0.0,-5.527576153094952,-71.85848999023438,12
EA-6037-group-v1:original,EA-6037-group-v1,group,original,group-31,"[""Racism"",""Region"",""LGBTQ"",""Sexism"",""others""]",31,-4.068538188934326,-65.09661102294922,0.0,-3.82921241311466,-65.09661102294922,16
EA-6037-group-v1:source_edge_masked,EA-6037-group-v1,group,source_edge_masked,group-00,[],0,-4.112583160400391,-4.112583160400391,0.0,-2.0562915802001953,-4.112583160400391,1
EA-6037-group-v1:source_edge_masked,EA-6037-group-v1,group,source_edge_masked,group-01,"[""Racism""]",1,-5.268949127197265,-26.344745635986328,0.0,-4.390790939331055,-26.344745635986328,5
EA-6037-group-v1:source_edge_masked,EA-6037-group-v1,group,source_edge_masked,group-02,"[""Region""]",2,-15.008570353190104,-45.02571105957031,0.0,-11.256427764892578,-45.02571105957031,3
EA-6037-group-v1:source_edge_masked,EA-6037-group-v1,group,source_edge_masked,group-03,"[""Racism"",""Region""]",3,-7.9958697727748325,-55.97108840942383,0.0,-6.9963860511779785,-55.97108840942383,7
EA-6037-group-v1:source_edge_masked,EA-6037-group-v1,group,source_edge_masked,group-04,"[""LGBTQ""]",4,-3.6882484436035154,-18.441242218017578,0.0,-3.073540369669596,-18.441242218017578,5
EA-6037-group-v1:source_edge_masked,EA-6037-group-v1,group,source_edge_masked,group-05,"[""Racism"",""LGBTQ""]",5,-4.930283440483941,-44.37255096435547,0.0,-4.437255096435547,-44.37255096435547,9
EA-6037-group-v1:source_edge_masked,EA-6037-group-v1,group,source_edge_masked,group-06,"[""Region"",""LGBTQ""]",6,-8.104348318917411,-56.730438232421875,0.0,-7.091304779052734,-56.730438232421875,7
EA-6037-group-v1:source_edge_masked,EA-6037-group-v1,group,source_edge_masked,group-07,"[""Racism"",""Region"",""LGBTQ""]",7,-5.562510750510476,-61.187618255615234,0.0,-5.0989681879679365,-61.187618255615234,11
EA-6037-group-v1:source_edge_masked,EA-6037-group-v1,group,source_edge_masked,group-08,"[""Sexism""]",8,-0.004161834716796875,-0.0166473388671875,0.0,-0.0033294677734375,-0.0166473388671875,4
EA-6037-group-v1:source_edge_masked,EA-6037-group-v1,group,source_edge_masked,group-09,"[""Racism"",""Sexism""]",9,-3.9055795669555664,-31.24463653564453,0.0,-3.4716262817382812,-31.24463653564453,8
EA-6037-group-v1:source_edge_masked,EA-6037-group-v1,group,source_edge_masked,group-10,"[""Region"",""Sexism""]",10,-5.829566319783528,-34.97739791870117,0.0,-4.996771131243024,-34.97739791870117,6
EA-6037-group-v1:source_edge_masked,EA-6037-group-v1,group,source_edge_masked,group-11,"[""Racism"",""Region"",""Sexism""]",11,-5.061207580566406,-50.61207580566406,0.0,-4.601097800514915,-50.61207580566406,10
EA-6037-group-v1:source_edge_masked,EA-6037-group-v1,group,source_edge_masked,group-12,"[""LGBTQ"",""Sexism""]",12,-3.194054126739502,-25.552433013916016,0.0,-2.839159223768446,-25.552433013916016,8
EA-6037-group-v1:source_edge_masked,EA-6037-group-v1,group,source_edge_masked,group-13,"[""Racism"",""LGBTQ"",""Sexism""]",13,-3.859220504760742,-46.310646057128906,0.0,-3.562357389009916,-46.310646057128906,12
EA-6037-group-v1:source_edge_masked,EA-6037-group-v1,group,source_edge_masked,group-14,"[""Region"",""LGBTQ"",""Sexism""]",14,-5.820779418945312,-58.207794189453125,0.0,-5.2916176535866475,-58.207794189453125,10
EA-6037-group-v1:source_edge_masked,EA-6037-group-v1,group,source_edge_masked,group-15,"[""Racism"",""Region"",""LGBTQ"",""Sexism""]",15,-4.4178973606654575,-61.850563049316406,0.0,-4.123370869954427,-61.850563049316406,14
EA-6037-group-v1:source_edge_masked,EA-6037-group-v1,group,source_edge_masked,group-16,"[""others""]",16,-9.569733301798502,-28.709199905395508,0.0,-7.177299976348877,-28.709199905395508,3
EA-6037-group-v1:source_edge_masked,EA-6037-group-v1,group,source_edge_masked,group-17,"[""Racism"",""others""]",17,-7.637315205165318,-53.46120643615723,0.0,-6.682650804519653,-53.46120643615723,7
EA-6037-group-v1:source_edge_masked,EA-6037-group-v1,group,source_edge_masked,group-18,"[""Region"",""others""]",18,-14.111137390136719,-70.5556869506836,0.0,-11.759281158447266,-70.5556869506836,5
EA-6037-group-v1:source_edge_masked,EA-6037-group-v1,group,source_edge_masked,group-19,"[""Racism"",""Region"",""others""]",19,-7.736300362481011,-69.6267032623291,0.0,-6.96267032623291,-69.6267032623291,9
EA-6037-group-v1:source_edge_masked,EA-6037-group-v1,group,source_edge_masked,group-20,"[""LGBTQ"",""others""]",20,-6.753853116716657,-47.2769718170166,0.0,-5.909621477127075,-47.2769718170166,7
EA-6037-group-v1:source_edge_masked,EA-6037-group-v1,group,source_edge_masked,group-21,"[""Racism"",""LGBTQ"",""others""]",21,-5.440906177867543,-59.84996795654297,0.0,-4.987497329711914,-59.84996795654297,11
EA-6037-group-v1:source_edge_masked,EA-6037-group-v1,group,source_edge_masked,group-22,"[""Region"",""LGBTQ"",""others""]",22,-8.682495541042751,-78.14245986938477,0.0,-7.814245986938476,-78.14245986938477,9
EA-6037-group-v1:source_edge_masked,EA-6037-group-v1,group,source_edge_masked,group-23,"[""Racism"",""Region"",""LGBTQ"",""others""]",23,-5.510265056903545,-71.6334457397461,0.0,-5.116674695696149,-71.6334457397461,13
EA-6037-group-v1:source_edge_masked,EA-6037-group-v1,group,source_edge_masked,group-24,"[""Sexism"",""others""]",24,-4.794015884399414,-28.764095306396484,0.0,-4.109156472342355,-28.764095306396484,6
EA-6037-group-v1:source_edge_masked,EA-6037-group-v1,group,source_edge_masked,group-25,"[""Racism"",""Sexism"",""others""]",25,-4.681447219848633,-46.81447219848633,0.0,-4.255861108953303,-46.81447219848633,10
EA-6037-group-v1:source_edge_masked,EA-6037-group-v1,group,source_edge_masked,group-26,"[""Region"",""Sexism"",""others""]",26,-7.230123043060303,-57.84098434448242,0.0,-6.4267760382758246,-57.84098434448242,8
EA-6037-group-v1:source_edge_masked,EA-6037-group-v1,group,source_edge_masked,group-27,"[""Racism"",""Region"",""Sexism"",""others""]",27,-5.26760196685791,-63.21122360229492,0.0,-4.862401815561148,-63.21122360229492,12
EA-6037-group-v1:source_edge_masked,EA-6037-group-v1,group,source_edge_masked,group-28,"[""LGBTQ"",""Sexism"",""others""]",28,-4.344484329223633,-43.44484329223633,0.0,-3.9495312083851206,-43.44484329223633,10
EA-6037-group-v1:source_edge_masked,EA-6037-group-v1,group,source_edge_masked,group-29,"[""Racism"",""LGBTQ"",""Sexism"",""others""]",29,-4.220088958740234,-59.08124542236328,0.0,-3.9387496948242187,-59.08124542236328,14
EA-6037-group-v1:source_edge_masked,EA-6037-group-v1,group,source_edge_masked,group-30,"[""Region"",""LGBTQ"",""Sexism"",""others""]",30,-6.004528681437175,-72.0543441772461,0.0,-5.542641859788161,-72.0543441772461,12
EA-6037-group-v1:source_edge_masked,EA-6037-group-v1,group,source_edge_masked,group-31,"[""Racism"",""Region"",""LGBTQ"",""Sexism"",""others""]",31,-4.337752342224121,-69.40403747558594,0.0,-4.08259043974035,-69.40403747558594,16
